0.007222414
0.006968498
0.006976843
0.007248163
0.007333517
0.007320642
0.007339478
0.007353067
0.007336140
0.001024723
0.007594347
0.007302523
0.007283688
0.007266998
0.007413864
0.007285118
0.007295370
0.007350922
0.007289648
0.000947714
0.007636070
0.007286549
0.007350445
0.007304430
0.007287979
0.007391214
0.007284880
0.007288218
0.007311821
0.001044750
0.007273197
0.006972075
0.007351398
0.007358551
0.007308960
0.007344246
0.007329941
0.007345915
0.007311583
0.001026154
0.007264853
0.006886244
0.006919146
0.006897211
0.007041693
0.007314920
0.007395267
0.007373571
0.007337093
0.000933886
0.007155418
0.006827593
0.007302761
0.007505655
0.007333517
0.007316589
0.007338285
0.007303715
0.007349014
0.000938416
0.007121801
0.006839514
0.006806612
0.006960869
0.007492304
0.007369995
0.007307768
0.007299423
0.007314444
0.000928402
0.007144928
0.006906986
0.007086515
0.007094145
0.007127047
0.007270336
0.007388115
0.007299423
0.007319450
0.001378775
0.007102728
0.006850004
0.006805658
0.006780624
0.006754160
0.006740332
0.006786346
0.006805658
0.006812572
0.000956535
0.007026196
0.006736279
0.006711245
0.006729603
0.006714106
0.006844282
0.006810904
0.006818295
0.006852627
0.000888109
0.006979227
0.006684065
0.006657362
0.006760359
0.006778955
0.006798983
0.006791592
0.006859541
0.006970406
0.000990868
0.007110119
0.006861210
0.007297754
0.007348776
0.007378101
0.007312536
0.007307529
0.007352829
0.007317305
0.001180649
0.007040024
0.006670952
0.006747246
0.006752968
0.006687880
0.006829977
0.006854773
0.006928682
0.006896019
0.001077890
0.007011890
0.006687164
0.006695032
0.006717443
0.006718636
0.006747246
0.006818056
0.006840467
0.006806850
0.000985384
0.007204533
0.006890535
0.007011175
0.006901503
0.007131100
0.007432699
0.007306814
0.007296801
0.007261276
0.000916958
0.007084370
0.006707430
0.006672859
0.006658792
0.006899595
0.006791115
0.006806850
0.006820917
0.006834030
0.000963926
0.006933928
0.006711245
0.006669998
0.006731510
0.006751299
0.006788015
0.006817102
0.006838083
0.006841421
0.000859976
0.007053614
0.006717920
0.006968498
0.007051229
0.007042170
0.007131815
0.007308960
0.007307768
0.007296085
0.001021147
0.007004261
0.006684542
0.006752729
0.006654024
0.006797314
0.006715775
0.006804466
0.006796598
0.006818056
0.000903845
0.007089376
0.006750107
0.006723166
0.006774902
0.006894350
0.007315874
0.007312298
0.007287264
0.007328272
0.001088858
0.007190704
0.006807566
0.006689787
0.006724596
0.006716728
0.006726980
0.006794691
0.006843328
0.006842613
0.001017570
0.007101059
0.006756544
0.006744623
0.006788015
0.007097244
0.007306576
0.007319450
0.007339239
0.007263184
0.000969648
0.007076025
0.006751060
0.006724834
0.006735086
0.006776571
0.006959677
0.006862402
0.006776571
0.006842852
0.001101732
0.006990433
0.006800890
0.006726503
0.006783485
0.006674051
0.006759644
0.006826401
0.006794453
0.006815195
0.000939369
0.007037163
0.006782532
0.006721735
0.006830215
0.006730080
0.006760120
0.006833315
0.006856203
0.006919146
0.001045465
0.007131815
0.006775856
0.006800413
0.007286072
0.007311344
0.007311583
0.007317305
0.007308960
0.007300615
0.001063108
0.007111549
0.006848574
0.007108212
0.007337332
0.007297277
0.007311821
0.007337332
0.007303715
0.007316351
0.001035690
0.006991148
0.006652594
0.006664515
0.006692886
0.006889820
0.006949186
0.006817818
0.006885529
0.006884575
0.001452446
0.007140160
0.006872654
0.007266521
0.007339478
0.007435560
0.007030725
0.006919861
0.006907940
0.006879807
0.000998974
0.007301331
0.006752968
0.006765604
0.006797552
0.006834507
0.006833076
0.006836176
0.006902456
0.006863356
0.000935316
0.007160425
0.006680965
0.006666660
0.006666660
0.006778002
0.006857157
0.006821871
0.006865263
0.006873369
0.000965834
0.007019758
0.006708860
0.006682158
0.006832838
0.006898403
0.007325649
0.007296324
0.007287025
0.007286549
0.000978470
0.006962061
0.006799459
0.006681442
0.006671667
0.006716013
0.006700754
0.006815195
0.006829023
0.006828070
0.000985146
0.007105112
0.006806135
0.006789684
0.006781101
0.006917238
0.007317543
0.007323265
0.007312059
0.007323027
0.000960112
0.007287264
0.006901026
0.007033587
0.007020473
0.007029772
0.007299900
0.007314920
0.007291555
0.007311344
0.000930309
0.007143259
0.006864786
0.006936789
0.006982088
0.006989717
0.007267952
0.007321596
0.007320404
0.007299423
0.000931978
0.006962776
0.006664276
0.006650686
0.006659269
0.006725073
0.006831884
0.006819487
0.007027388
0.007142782
0.000929117
0.007016659
0.006704330
0.006722212
0.006650686
0.006759167
0.006777048
0.006762028
0.006872177
0.006869316
0.000878334
0.006946325
0.006704092
0.006658554
0.006640434
0.006908178
0.007051706
0.006922960
0.006885529
0.006835222
0.000909567
0.007057667
0.006728411
0.006766319
0.007309675
0.007311344
0.007327080
0.007346630
0.007340908
0.007303953
0.000956535
0.006998301
0.006713390
0.006651640
0.006891251
0.006908655
0.006907940
0.007204771
0.007241726
0.007251978
0.001011372
0.007210255
0.006821394
0.006786108
0.006763697
0.006900787
0.007339478
0.007451296
0.007294893
0.007299423
0.001037836
0.007136822
0.006769180
0.007012367
0.007309437
0.007249117
0.007273436
0.007307053
0.007324934
0.006934166
0.000959158
0.007035732
0.006688595
0.006664276
0.006712198
0.006662369
0.007000685
0.007035494
0.007019281
0.006936073
0.000896454
0.006999016
0.006689787
0.006645203
0.006636858
0.006671667
0.006648302
0.006704092
0.006786108
0.006789684
0.000934839
0.006964684
0.006658077
0.006655693
0.006766319
0.006722212
0.006701469
0.006839752
0.006825447
0.006838799
0.000960350
0.007067204
0.006788731
0.006958961
0.006757975
0.007290602
0.007319450
0.007321119
0.007298470
0.007304907
0.001046658
0.007108688
0.006838560
0.007247925
0.007303953
0.007290602
0.007307529
0.007319212
0.007317066
0.007376194
0.001020432
0.007208347
0.006815195
0.006844759
0.007156372
0.007305384
0.007305861
0.007345915
0.007322788
0.007295132
0.001060247
0.007021427
0.006698370
0.006711245
0.006736517
0.007007599
0.007123232
0.007118464
0.007309675
0.007360697
0.000947714
0.007035732
0.006791115
0.006653786
0.006699324
0.006787300
0.006813526
0.006977081
0.006937027
0.006964684
0.000892401
0.007010937
0.006734610
0.006688118
0.006669998
0.006665945
0.006736279
0.006792307
0.006784201
0.006797314
0.001008987
0.007000923
0.006774902
0.006726027
0.006691456
0.006834269
0.006823540
0.006818056
0.006862879
0.006856680
0.001008272
0.006946564
0.006716013
0.006649494
0.006757021
0.006691694
0.006721258
0.006830692
0.006815195
0.006833792
0.000962496
0.006996393
0.006821156
0.006726027
0.006716728
0.006696224
0.006844997
0.006800890
0.006820679
0.006866693
0.000971317
0.007060289
0.006825686
0.006806612
0.006890059
0.006762743
0.007226229
0.007265568
0.007279396
0.007298946
0.001383781
0.007352829
0.006831169
0.006808043
0.006826401
0.006794930
0.007256031
0.007297754
0.007211447
0.006916285
0.000928879
0.007050991
0.006703377
0.006725788
0.006794453
0.007331133
0.007374048
0.007239103
0.007156372
0.007129431
0.000954628
0.006984234
0.006698608
0.006682158
0.006783485
0.006746769
0.006702662
0.006783724
0.006791115
0.006816626
0.000858784
0.007386208
0.006736994
0.006777763
0.006725311
0.006754637
0.006893873
0.006883621
0.006915569
0.007098913
0.001491547
0.007344723
0.006832361
0.006783485
0.006981611
0.007055998
0.007143259
0.007274389
0.007282257
0.007319927
0.001481533
0.007198334
0.006786823
0.006760120
0.006787539
0.007074356
0.007048368
0.007145882
0.007157326
0.007214785
0.000959396
0.007205963
0.006773710
0.006769419
0.006780148
0.006899595
0.007448196
0.007305861
0.007347107
0.007333040
0.001136780
0.007411957
0.006776333
0.006778240
0.006971359
0.006990910
0.007023096
0.006889582
0.006898880
0.006892920
0.001185894
0.006980896
0.006645441
0.006642342
0.006923914
0.007109880
0.007171869
0.007250786
0.007331610
0.007308245
0.000951290
0.006999969
0.006710768
0.006786823
0.006730080
0.006874800
0.007250786
0.007300854
0.007316589
0.007297516
0.001037359
0.007086992
0.006713629
0.006677866
0.006705284
0.007318020
0.007319689
0.007343292
0.007300138
0.007310629
0.001107216
0.007539034
0.006705523
0.006740570
0.006944180
0.006958961
0.006939888
0.007165909
0.007207394
0.007205725
0.000949860
0.006986141
0.006653786
0.006657124
0.006660938
0.006626129
0.006911993
0.007294178
0.007308483
0.007294893
0.001095772
0.006959200
0.006709814
0.006661654
0.006640434
0.006703854
0.006805420
0.006797314
0.006803274
0.006865025
0.000952482
0.007044077
0.006698608
0.006731749
0.006797552
0.006831169
0.006933689
0.006826162
0.006879091
0.006938934
0.001259089
0.006987095
0.006695032
0.006672859
0.006666183
0.006810427
0.007064104
0.007066727
0.007122278
0.007136822
0.001007080
0.007074118
0.006758928
0.006708384
0.006766796
0.006742716
0.007331610
0.007357836
0.007424831
0.007322073
0.000959635
0.007097006
0.006865978
0.006761074
0.006759405
0.006972551
0.007093668
0.007044554
0.007184267
0.007210255
0.001003981
0.006939888
0.006671667
0.006649017
0.006642580
0.006846189
0.007308006
0.007292271
0.007318020
0.007303953
0.000929832
0.006953478
0.006672382
0.006652594
0.006838799
0.006657839
0.006860971
0.006815672
0.006798983
0.006813049
0.000871658
0.007045984
0.006685257
0.006798029
0.006915569
0.006990194
0.006844759
0.006908655
0.006860733
0.006886482
0.000914574
0.007147312
0.006784439
0.006782770
0.006709099
0.006793737
0.006842613
0.006785870
0.006778002
0.006790638
0.001035213
0.007012367
0.006711960
0.006700993
0.006993055
0.007086992
0.007094383
0.007305861
0.007294655
0.007312775
0.000988722
0.007066250
0.006704330
0.006653070
0.006830454
0.006859541
0.007099152
0.007103205
0.007272005
0.007299900
0.000985861
0.007035971
0.006742954
0.006796122
0.007015705
0.006881952
0.007004738
0.007303238
0.007319689
0.006939650
0.000913382
0.007059097
0.006790638
0.006680489
0.006880760
0.006704807
0.007140398
0.007290840
0.007282734
0.007301331
0.000957966
0.006989956
0.006667852
0.006688595
0.006693363
0.006791830
0.006777287
0.006827354
0.006875992
0.006861687
0.000901461
0.007030487
0.006662846
0.006637812
0.006668329
0.006670713
0.006817579
0.006803274
0.006909609
0.006915092
0.000941277
0.006986856
0.006740332
0.006660461
0.006664276
0.007180214
0.007166147
0.007188082
0.007309914
0.007300615
0.000936747
0.007000208
0.006770611
0.006760359
0.006778717
0.007116795
0.007091761
0.007130146
0.007228374
0.007217646
0.000958443
0.007068634
0.006688118
0.006689548
0.006675482
0.006907701
0.007078886
0.007106304
0.007237196
0.007310390
0.001216650
0.007320881
0.006729603
0.006703615
0.006974459
0.007041693
0.007000923
0.007307291
0.007293463
0.007312298
0.000933409
0.006937027
0.006654739
0.006633520
0.006627083
0.006629944
0.006773710
0.006818056
0.006959677
0.006878614
0.000989676
0.007087469
0.006722450
0.007213116
0.007092237
0.006939650
0.006711483
0.006685019
0.006705523
0.006804705
0.001169443
0.006983519
0.006657839
0.006645679
0.006727934
0.006719112
0.006726980
0.006827116
0.006792068
0.006808043
0.000916719
0.006996155
0.006664753
0.006696463
0.006671190
0.006682158
0.006786346
0.006812572
0.006803274
0.006828785
0.000941992
0.006989002
0.006643772
0.006724358
0.007019758
0.007000923
0.007082462
0.007297754
0.007298946
0.007317305
0.001291752
0.007158041
0.006844521
0.006679773
0.006674051
0.006872416
0.007218361
0.007181644
0.007267237
0.007289886
0.001048326
0.007055759
0.006671429
0.006697416
0.006891012
0.006963015
0.006942511
0.007081032
0.007138968
0.007107258
0.000931263
0.007038355
0.006678581
0.006779432
0.007070780
0.006857634
0.006905317
0.007230282
0.007181644
0.007123232
0.001169205
0.007011890
0.006676435
0.006691694
0.006715298
0.007019997
0.007115364
0.007115602
0.007225513
0.007229090
0.000913858
0.007097721
0.006710052
0.006700993
0.006714344
0.006735325
0.007386923
0.007339954
0.007026196
0.006965160
0.001316786
0.006993055
0.006689072
0.006648779
0.006684542
0.006789446
0.007039070
0.006811857
0.006837845
0.006848812
0.000873089
0.007030725
0.006656647
0.006683350
0.006726742
0.006757498
0.006796837
0.006911516
0.006922245
0.006905556
0.001255989
0.007013083
0.006687880
0.006759167
0.006805182
0.006725550
0.006693602
0.006709814
0.006787300
0.006773233
0.001207113
0.007011652
0.006725073
0.006692648
0.006772041
0.007065535
0.007169724
0.007111073
0.007188797
0.007179022
0.000926971
0.007008791
0.006739616
0.006724596
0.006749868
0.007189989
0.007195473
0.007273912
0.007292271
0.007285595
0.000933886
0.007031202
0.006744862
0.006836414
0.006733894
0.006726503
0.007189751
0.007131815
0.007191181
0.007291555
0.000922918
0.007021904
0.006721020
0.006765127
0.006699562
0.006897449
0.006726265
0.006822586
0.006799459
0.006827354
0.000924349
0.007014751
0.006653786
0.006637812
0.006722689
0.006754875
0.006772995
0.006825209
0.006828785
0.006835699
0.001032829
0.006969929
0.006737709
0.006666422
0.006702900
0.006991863
0.007068157
0.007036209
0.007161617
0.007182598
0.001106977
0.007031918
0.006732225
0.006801605
0.006898165
0.006834507
0.007076979
0.007220507
0.007241726
0.007327557
0.001102209
0.007052183
0.006698608
0.006730080
0.006693125
0.007052660
0.007130146
0.007148981
0.007269144
0.007295132
0.001006126
0.007118940
0.006804943
0.006753206
0.006775141
0.006823540
0.006864548
0.006928682
0.006871939
0.006844044
0.000930548
0.006931782
0.006694317
0.006659746
0.006637812
0.006632805
0.006689310
0.006965160
0.006842852
0.006834269
0.000886440
0.006968737
0.006863117
0.006647110
0.006658077
0.006684303
0.006687641
0.006806850
0.006847620
0.006836414
0.001101494
0.007262945
0.006743908
0.006743670
0.006711245
0.006768703
0.006918669
0.006876230
0.006873131
0.006878138
0.001123905
0.007117987
0.006662846
0.006695509
0.006676197
0.006684303
0.006782293
0.006815434
0.006807327
0.006897926
0.000961304
0.007074118
0.006725788
0.006738186
0.007071495
0.007343292
0.007210255
0.007324219
0.007323503
0.007302999
0.001089811
0.007269382
0.006717443
0.006727695
0.006694794
0.006749868
0.007326841
0.007181644
0.007239342
0.007312298
0.000965357
0.007256269
0.006695271
0.006719351
0.007200956
0.006877422
0.006823063
0.006855488
0.006865025
0.006853104
0.000972748
0.007024527
0.006688356
0.006646156
0.006689548
0.006727695
0.006819248
0.006829977
0.006848812
0.006866693
0.000935078
0.007360220
0.006661177
0.006657124
0.006635189
0.006633282
0.006747007
0.006799698
0.006797314
0.006832838
0.000916243
0.006993055
0.006665230
0.006702900
0.006811619
0.007092476
0.007081032
0.007133961
0.007198572
0.007201433
0.001087904
0.007043362
0.006705046
0.006747484
0.006835222
0.006965876
0.007133722
0.007150888
0.007293224
0.007301092
0.000945807
0.006980419
0.006716490
0.006640911
0.006680489
0.006676197
0.006810665
0.006819963
0.006829023
0.006809711
0.000900030
0.007055759
0.006757736
0.006781816
0.007091999
0.007008791
0.007090569
0.007322550
0.007297039
0.006934643
0.000903845
0.007040262
0.006671906
0.006667137
0.006663799
0.006857634
0.007118464
0.007111311
0.007044315
0.007006407
0.000910521
0.006981611
0.006738186
0.006744146
0.006887674
0.006803513
0.006833792
0.006803513
0.006917238
0.006862879
0.000934839
0.007092714
0.006669998
0.006632805
0.006671667
0.006806850
0.006684065
0.006808519
0.006820917
0.006814003
0.000930071
0.007019997
0.006657600
0.006684780
0.006719351
0.006677151
0.006818295
0.006788254
0.006785393
0.006812811
0.000900269
0.007007837
0.006781578
0.006847620
0.006897926
0.006896973
0.007097006
0.007300854
0.007300138
0.007312059
0.000981331
0.007078171
0.006733656
0.006701469
0.006722927
0.007253408
0.007295609
0.007304192
0.007396221
0.007319927
0.000950575
0.007117033
0.006703138
0.006686211
0.006700516
0.006811619
0.007193565
0.007167578
0.007263899
0.007289410
0.000982761
0.007159710
0.006772757
0.006706476
0.006813526
0.006847620
0.007284164
0.007202387
0.007270336
0.007104635
0.001150846
0.006935596
0.006646872
0.006659985
0.006771564
0.006676197
0.006824970
0.006802797
0.006825686
0.006862879
0.000889063
0.006961823
0.006791592
0.006636620
0.006963015
0.006838560
0.006872654
0.006908178
0.006873608
0.006884575
0.000985146
0.006958961
0.006670713
0.006698608
0.006846428
0.006675482
0.006894588
0.007054567
0.007174253
0.007162333
0.001160145
0.006967783
0.006713629
0.006681204
0.006788015
0.006699085
0.006993771
0.007164955
0.007182360
0.007293701
0.000943422
0.007041693
0.006673813
0.006669044
0.006762028
0.006979704
0.007014990
0.007027388
0.007220030
0.007175446
0.000931740
0.007023811
0.006703854
0.006785154
0.006787062
0.006847620
0.007029057
0.007277966
0.007259369
0.006927490
0.000979662
0.006932020
0.006663084
0.006719828
0.006625414
0.007024050
0.007195234
0.007225990
0.007317066
0.007422447
0.000939846
0.007175684
0.006670952
0.006640673
0.006626844
0.006628275
0.006729126
0.006814957
0.006818771
0.006850481
0.000884533
0.007216692
0.006662130
0.006632805
0.006764650
0.006820679
0.006688595
0.006790161
0.006788254
0.006797791
0.000908613
0.006936312
0.006735086
0.006803751
0.006730080
0.006817818
0.007392168
0.007227421
0.007279634
0.007292509
0.000932693
0.007051468
0.006721258
0.006681442
0.006790638
0.007066488
0.007040977
0.007107496
0.007155180
0.007106543
0.000969410
0.007131815
0.006767750
0.006655216
0.006654501
0.006664276
0.007184982
0.007145166
0.007172108
0.007295132
0.000925541
0.007035017
0.006673098
0.006721497
0.006756783
0.007047653
0.007144451
0.007068634
0.007165670
0.007174969
0.000925541
0.007036209
0.006705284
0.006696463
0.006926537
0.006915331
0.006992579
0.007365227
0.007268429
0.007269621
0.000965118
0.007277012
0.006841660
0.006656170
0.006693602
0.007374525
0.007097721
0.007072926
0.007025003
0.007012844
0.000935316
0.006989956
0.006733179
0.006822824
0.006790400
0.006927967
0.006826878
0.006845951
0.006845713
0.006847858
0.000932693
0.007193804
0.006757498
0.006664515
0.006776333
0.006776333
0.007031441
0.006891489
0.006826878
0.006825924
0.000913858
0.006936312
0.006649971
0.006635904
0.006644011
0.007395983
0.007247686
0.007243156
0.007300615
0.007291079
0.000968218
0.007370949
0.006825924
0.006684542
0.006707907
0.006818295
0.007203817
0.007165670
0.007264137
0.007295847
0.001056910
0.006973743
0.006769419
0.006701946
0.006934643
0.007040262
0.007041454
0.007373571
0.007363081
0.007359266
0.001173496
0.007045746
0.006732702
0.006655693
0.006656885
0.006653309
0.007042408
0.007095575
0.007074118
0.007261276
0.000933647
0.006950617
0.006661892
0.006636143
0.006770611
0.006732702
0.006913185
0.006765366
0.006723881
0.006791115
0.001018763
0.006981611
0.006707191
0.006897449
0.006916046
0.006836891
0.006932974
0.006814957
0.006854057
0.006860971
0.000894070
0.007004499
0.006685257
0.006632090
0.006691217
0.006683588
0.006677151
0.006824493
0.006811380
0.006808043
0.000889778
0.007200003
0.006686211
0.006838083
0.006701469
0.006768465
0.006906509
0.006812572
0.006853342
0.006826401
0.000950336
0.006967306
0.006659508
0.006707668
0.006859541
0.006809235
0.006863356
0.007111311
0.007304668
0.007128954
0.000947475
0.007030725
0.006711721
0.006745815
0.006846905
0.006809235
0.006995201
0.007174969
0.007174969
0.007212639
0.000956774
0.007019043
0.006722927
0.006665707
0.006671429
0.006719112
0.007136583
0.007117271
0.007164955
0.007284880
0.001057863
0.007054090
0.006897449
0.006770372
0.006936789
0.006890535
0.006975889
0.007225513
0.007232189
0.007275105
0.000964165
0.007074594
0.006772280
0.006746531
0.007086039
0.007150412
0.007125616
0.007304430
0.007296562
0.007043123
0.001583099
0.007023096
0.006694317
0.006694317
0.006693363
0.006994486
0.007164955
0.007171869
0.006922960
0.006934166
0.000900984
0.007183313
0.006714344
0.006660700
0.006797314
0.006716251
0.006789684
0.006860256
0.006808758
0.006823540
0.000897408
0.006957531
0.006827116
0.006723404
0.006761074
0.006800175
0.006882191
0.006917953
0.006883383
0.006865740
0.000903845
0.006947041
0.006672859
0.006650448
0.006720066
0.006736279
0.006758928
0.006792068
0.006814718
0.006806135
0.000925779
0.007170916
0.006639719
0.006664753
0.006634951
0.006799698
0.006806612
0.006789923
0.006804466
0.006841660
0.000863314
0.006993055
0.006729126
0.006825924
0.006918669
0.007162094
0.007089615
0.007205963
0.007271051
0.007268429
0.000978708
0.006943226
0.006727695
0.006653547
0.006694794
0.006745815
0.006838322
0.006780863
0.006818295
0.006846905
0.000906467
0.007046461
0.006773710
0.006776810
0.006873608
0.007212877
0.007202625
0.007174969
0.006945610
0.006978035
0.001300335
0.006999016
0.006659269
0.006685019
0.006672621
0.006718397
0.006892204
0.006794453
0.006811619
0.006821156
0.000877142
0.007033587
0.006658554
0.006641150
0.006652832
0.006780863
0.006818295
0.006830692
0.006911993
0.006900311
0.000912905
0.006987333
0.006752968
0.006679058
0.006652355
0.006800890
0.007169008
0.007177830
0.007255793
0.007287025
0.000975370
0.007000446
0.006684065
0.006729841
0.007103920
0.006949425
0.007132292
0.007210255
0.007187843
0.007223845
0.000964880
0.007006884
0.006705046
0.006741762
0.006825447
0.006743431
0.007079840
0.007148981
0.007128239
0.007231712
0.000980377
0.007141590
0.006825924
0.006723642
0.006724119
0.006742001
0.006777763
0.006784439
0.006798744
0.006821871
0.000924110
0.006986380
0.006726027
0.006673098
0.006638050
0.006826878
0.006848335
0.006812572
0.006859541
0.006859779
0.000994444
0.006987095
0.006664038
0.006656885
0.006699800
0.006749392
0.006766796
0.006847620
0.006812334
0.006920815
0.000910997
0.007022142
0.006644487
0.006635904
0.006919384
0.006918430
0.006947756
0.007090330
0.007097721
0.007086754
0.000920773
0.007085323
0.006729603
0.006715536
0.006699800
0.006863117
0.007299185
0.007311583
0.007319212
0.007306576
0.000928640
0.006993771
0.006709576
0.006646872
0.006689787
0.007103443
0.007163048
0.007200480
0.007282495
0.007287502
0.000984430
0.006965637
0.006725550
0.006626844
0.006687880
0.006760597
0.006759167
0.006815434
0.006850958
0.006821156
0.000868559
0.006989002
0.006679058
0.006628990
0.006762743
0.006784678
0.006845474
0.006799459
0.006802320
0.007034063
0.001012564
0.006989717
0.006700993
0.006673574
0.006776094
0.006845713
0.006930590
0.006999493
0.006862164
0.006865501
0.001020432
0.006981134
0.006767750
0.006736279
0.006900311
0.006774902
0.007278919
0.007304668
0.007288694
0.007309914
0.001006365
0.007002115
0.006674051
0.006681204
0.006621361
0.006686687
0.006948948
0.006806374
0.006837130
0.006851435
0.000905037
0.007073164
0.006676912
0.006830454
0.006832838
0.006874084
0.007107735
0.007129192
0.007086515
0.007092237
0.000931025
0.007285595
0.006935596
0.006845951
0.006841660
0.007014990
0.007106543
0.007019043
0.007239580
0.007194519
0.000965595
0.006964207
0.006686449
0.006741047
0.006865740
0.006874323
0.006877899
0.006857634
0.006876469
0.006872654
0.000894547
0.006929874
0.006660700
0.006644726
0.006638765
0.006772995
0.006840229
0.006809711
0.006849527
0.006841898
0.000925779
0.006956339
0.006681919
0.006677628
0.006671190
0.006901026
0.006911039
0.006886959
0.006920099
0.006860018
0.001010180
0.007063389
0.006685734
0.006700993
0.006663561
0.007076502
0.007208586
0.007124186
0.007269144
0.007208824
0.001465559
0.007001638
0.006764412
0.006742954
0.006731272
0.006728172
0.006832600
0.006981611
0.006963968
0.007094622
0.001142025
0.006978035
0.006722689
0.006676435
0.006757498
0.007257462
0.007147789
0.007123232
0.006893396
0.006960392
0.000884056
0.006957293
0.006707907
0.006732464
0.006705046
0.006683350
0.006805658
0.006808519
0.006844044
0.006869316
0.001239300
0.007030249
0.006839275
0.006681442
0.006887674
0.007119656
0.007150412
0.007270813
0.007287502
0.007346630
0.001060963
0.006967783
0.006664991
0.006654978
0.006759167
0.006965876
0.007013083
0.007223368
0.007292509
0.007204294
0.000909567
0.007049322
0.006648064
0.006623507
0.006744146
0.006717443
0.006782532
0.006789684
0.006807327
0.006826878
0.000944853
0.007007599
0.006699085
0.006628036
0.006649494
0.006627083
0.006698847
0.006817341
0.006805182
0.006853104
0.000905991
0.007018805
0.006644487
0.006654978
0.006682396
0.006690979
0.006683826
0.006826401
0.006800652
0.006810904
0.000989437
0.007028103
0.006670713
0.006633759
0.006634712
0.006726980
0.006792545
0.006793022
0.006827593
0.006999254
0.000984430
0.007212162
0.006667852
0.006628036
0.006630421
0.006730318
0.006795883
0.006792545
0.006822586
0.006841421
0.000944853
0.007115364
0.006664991
0.006658077
0.006674528
0.006647587
0.006749868
0.007041216
0.007014513
0.007149935
0.000956059
0.007150888
0.007029772
0.006756783
0.006709576
0.006896973
0.007026672
0.007163525
0.007174969
0.007186413
0.000947237
0.007383108
0.006775856
0.006681442
0.006692410
0.007219791
0.007171392
0.007204771
0.007301807
0.007287979
0.000963449
0.006972075
0.006711960
0.006749153
0.006940126
0.007070780
0.007049799
0.007148981
0.007181644
0.007159710
0.000939846
0.006963730
0.006682158
0.006688595
0.006883383
0.006974697
0.006960630
0.007208347
0.007229805
0.007077456
0.000984907
0.006929874
0.006665945
0.006789446
0.006680012
0.006654024
0.006772757
0.006812811
0.006840706
0.006803036
0.001024485
0.006934643
0.006650448
0.006661177
0.006636143
0.006662607
0.006801844
0.006820440
0.006813049
0.006839037
0.000960350
0.006940603
0.006664991
0.006717682
0.006661892
0.006681681
0.006705046
0.006792784
0.006795406
0.006799221
0.000911713
0.007429600
0.006839514
0.006790638
0.006759405
0.006753206
0.006755829
0.006820440
0.006826639
0.006835938
0.001020908
0.006989717
0.006688118
0.006690502
0.006801844
0.006833076
0.007099867
0.007080555
0.007203817
0.007238865
0.000930309
0.007086277
0.006750822
0.006745577
0.007056952
0.006985188
0.006954908
0.007304907
0.007289886
0.007298946
0.000924587
0.006960392
0.006676912
0.006699562
0.006884336
0.006884813
0.006881237
0.007177353
0.007187843
0.007158995
0.000979185
0.006963015
0.006675482
0.006635189
0.006692886
0.006620407
0.006829500
0.006807566
0.006806850
0.006840944
0.000925779
0.007043839
0.006767273
0.006680965
0.006709099
0.006713390
0.006927490
0.006804228
0.006813288
0.006841421
0.001020670
0.007031679
0.006647348
0.006804943
0.006779671
0.006814480
0.006811619
0.006834030
0.006882429
0.006876707
0.000906467
0.007253647
0.006724834
0.006656170
0.006641865
0.006616831
0.006775618
0.006795406
0.006788731
0.006847382
0.001105785
0.006995678
0.006702423
0.006665707
0.006760359
0.007054806
0.007063150
0.007228851
0.007312775
0.007295132
0.001017332
0.007251263
0.006706476
0.006680489
0.006651163
0.006929874
0.007299900
0.006841898
0.006880045
0.006839514
0.000941992
0.007062674
0.006856441
0.006791115
0.006853342
0.007062197
0.007201672
0.007222652
0.007267475
0.007365704
0.000990868
0.007182360
0.006786108
0.006659508
0.006819248
0.006790638
0.006857872
0.006854057
0.006905317
0.006882191
0.000979424
0.007008314
0.006822824
0.006734848
0.006758451
0.007055521
0.007216454
0.007319689
0.007384777
0.007396936
0.001034021
0.007036448
0.006668568
0.006670475
0.006650686
0.006915092
0.006859064
0.006850958
0.006926298
0.006889820
0.001036167
0.007064342
0.006715536
0.006755829
0.006759167
0.006673336
0.006899357
0.006807804
0.006857395
0.006879330
0.000910997
0.006996155
0.006814718
0.006654739
0.007054329
0.006961346
0.006726265
0.006845236
0.006810188
0.006850481
0.000974655
0.006938457
0.006776094
0.006640673
0.006793737
0.006836891
0.006803751
0.006892681
0.006869555
0.006856918
0.001038313
0.006964684
0.006746292
0.006674767
0.006663084
0.006666422
0.006724119
0.006901979
0.006995440
0.006997108
0.001221657
0.007001877
0.006660938
0.006644726
0.006694078
0.006690264
0.006859064
0.006792307
0.006843328
0.006965876
0.001304150
0.007066011
0.006695032
0.006685257
0.006905079
0.006936550
0.006975412
0.007181168
0.007205009
0.007212639
0.000985384
0.007049322
0.006686211
0.006776094
0.006896019
0.006916523
0.006998062
0.007235765
0.007244587
0.007284164
0.001239300
0.006990194
0.006784916
0.006682158
0.006646872
0.006720066
0.006778717
0.006771803
0.006829023
0.006871223
0.000991821
0.006980181
0.006716251
0.006726027
0.006634951
0.006825686
0.006905794
0.006823063
0.006887197
0.006862402
0.001141310
0.006949186
0.006689310
0.006643057
0.006730318
0.006677866
0.006806374
0.006821156
0.007029295
0.006843567
0.000937939
0.007030010
0.006698847
0.006665468
0.006666899
0.006701708
0.007071018
0.007070065
0.007157087
0.007268667
0.000933886
0.006967783
0.006727219
0.006700993
0.006752491
0.006687164
0.007209539
0.007188082
0.007212400
0.007368088
0.001046419
0.007247448
0.006795883
0.006660223
0.006659031
0.006721020
0.006831646
0.006816626
0.006808281
0.006846189
0.001041651
0.007025242
0.006653070
0.006648064
0.006760836
0.006739855
0.006826162
0.006816626
0.006854057
0.006900787
0.001031637
0.007042408
0.006659508
0.006651163
0.006688595
0.006862879
0.006786585
0.006742239
0.006691694
0.006774187
0.000888109
0.007004976
0.006682158
0.006737232
0.006891966
0.007098913
0.007036448
0.007240295
0.007261753
0.007240534
0.001074076
0.007031918
0.006788492
0.006752491
0.006742001
0.006748199
0.007310867
0.007369518
0.007435083
0.007412910
0.000988007
0.007224321
0.006891489
0.006755114
0.006804943
0.006756306
0.006832600
0.006813765
0.006831169
0.006837368
0.000989199
0.006973505
0.006719828
0.006636858
0.006640434
0.006756067
0.006818056
0.006790161
0.006814480
0.006820202
0.000996590
0.006989241
0.006801128
0.006741524
0.006911039
0.006946087
0.006896734
0.007128477
0.007119656
0.007115602
0.001046181
0.006967783
0.006731749
0.006788969
0.006931782
0.006978750
0.006954193
0.007298946
0.007252455
0.007247210
0.001230955
0.007024050
0.006648064
0.006667614
0.006689787
0.006633520
0.006893158
0.006946802
0.006939650
0.007000208
0.000980616
0.007007599
0.006707907
0.006668329
0.006646633
0.006846666
0.006808281
0.006802082
0.006825924
0.006827831
0.000943661
0.006963730
0.006678581
0.006700516
0.007054329
0.007442951
0.007309675
0.007308483
0.007304192
0.007287264
0.000944853
0.007319927
0.006689548
0.006710052
0.006751060
0.006641626
0.006797314
0.006803751
0.006822586
0.006831646
0.001028538
0.007350922
0.006758451
0.006659508
0.006710768
0.006830454
0.007303715
0.007080555
0.007123947
0.007217884
0.001157284
0.007058382
0.006688356
0.006624460
0.006631613
0.006679535
0.006913900
0.006814241
0.006815195
0.006887913
0.001038313
0.007028103
0.006665707
0.006759405
0.006673098
0.006773949
0.006830692
0.006814718
0.006834745
0.006886721
0.000961542
0.007276058
0.006671429
0.006648779
0.006741285
0.006697416
0.006754637
0.006804466
0.006811857
0.006792784
0.000991821
0.006954432
0.006840229
0.006748199
0.006773949
0.006859779
0.007025719
0.007155180
0.007164001
0.007207632
0.000915527
0.007239103
0.006797552
0.006877661
0.006796360
0.006796837
0.007091522
0.007268667
0.007258177
0.007348299
0.001784086
0.006963730
0.006757498
0.006665945
0.006699324
0.007008553
0.007079840
0.006947994
0.006952763
0.007023811
0.001149178
0.006991863
0.006681681
0.006704569
0.006705523
0.006677389
0.007201672
0.007156372
0.007073641
0.006907940
0.000905752
0.007209539
0.006752729
0.006787539
0.006678104
0.006680489
0.006708622
0.006800175
0.006792068
0.006806374
0.001088142
0.006945848
0.006678104
0.006685972
0.006991148
0.006716728
0.006771326
0.006789446
0.006795406
0.006812811
0.001096249
0.007225275
0.006702662
0.006702900
0.006670237
0.006660223
0.007030725
0.007077217
0.007088184
0.007232189
0.001048803
0.007011175
0.006751060
0.006730795
0.006777287
0.006775141
0.007190228
0.007307768
0.007235527
0.007315159
0.000931978
0.007072210
0.006707191
0.006800652
0.006674528
0.006699085
0.007396936
0.007164478
0.007243156
0.007320642
0.001185417
0.007256746
0.006716967
0.006653547
0.006751299
0.006819010
0.006822109
0.006825447
0.006875277
0.006844044
0.000926971
0.007041454
0.006652355
0.006638765
0.006791830
0.006746769
0.006794214
0.006794214
0.006909847
0.006868362
0.000974178
0.007023096
0.006689548
0.006847858
0.006864309
0.006865501
0.007397652
0.007360458
0.007408619
0.007333040
0.001014471
0.006996155
0.006707668
0.006722927
0.006694555
0.006697416
0.007181168
0.007235289
0.007253885
0.007301807
0.000933170
0.007015467
0.006685734
0.006824970
0.006822348
0.006858349
0.007222891
0.007299662
0.007318258
0.007295847
0.000988007
0.007064581
0.006846428
0.006695747
0.006813526
0.006825686
0.006963968
0.006821632
0.006814718
0.006869555
0.000879765
0.006992102
0.006759405
0.006728411
0.006711960
0.006910801
0.006772518
0.006843328
0.006803036
0.006811380
0.000992060
0.007040024
0.006836414
0.006805420
0.006951332
0.006901026
0.006997585
0.007242918
0.007212639
0.007247925
0.000943661
0.006984711
0.006646633
0.006644726
0.006791353
0.006811619
0.006840229
0.006854296
0.006936312
0.006876707
0.000911236
0.006956816
0.006650925
0.006658077
0.006686211
0.006862879
0.006972075
0.006825209
0.006875992
0.006834984
0.000943184
0.007124662
0.006793737
0.006749630
0.006785393
0.006728888
0.006783962
0.006807089
0.006840467
0.006823063
0.000960588
0.007308006
0.006759644
0.006708622
0.006690502
0.006808281
0.006937027
0.006848574
0.006840944
0.006832361
0.001031399
0.006950378
0.006652594
0.006682634
0.006642103
0.007017612
0.007233143
0.007202625
0.007335186
0.007311344
0.000946760
0.007021189
0.006708622
0.006808281
0.006862164
0.006788731
0.007024050
0.007255793
0.007241964
0.007292509
0.000932455
0.007083416
0.006740570
0.006783247
0.007086992
0.007476330
0.007598400
0.007367611
0.007347584
0.007337093
0.001038074
0.006977558
0.006751776
0.006760836
0.006688356
0.006706238
0.006772518
0.006797314
0.006829023
0.006807089
0.000939846
0.006952286
0.006671906
0.006753206
0.006923199
0.006757736
0.006743670
0.006859541
0.006844044
0.006839752
0.000932932
0.006978750
0.006692886
0.006720543
0.006782055
0.006819963
0.007297993
0.007200241
0.007229090
0.007326365
0.001203060
0.006960392
0.006731510
0.006685019
0.006672382
0.007307529
0.007291079
0.007290363
0.007302761
0.007318497
0.000956297
0.007281542
0.006839275
0.006776571
0.006684542
0.006726265
0.006867409
0.006813526
0.006817341
0.006865263
0.001050949
0.007188320
0.006729364
0.006662846
0.006774664
0.006770134
0.006777287
0.006826878
0.006828308
0.006821394
0.000883818
0.006941557
0.006822348
0.006669760
0.006766558
0.006958008
0.006869793
0.006827831
0.006853819
0.006858110
0.000944376
0.007014036
0.006757259
0.006750345
0.006758451
0.006779432
0.007036448
0.007033348
0.007082462
0.007187128
0.001211405
0.007024050
0.006715059
0.006692410
0.006666660
0.007005453
0.007156134
0.007148027
0.007305384
0.007288218
0.001007795
0.006976366
0.006678581
0.006672859
0.006709814
0.007092714
0.007147789
0.007078409
0.006907701
0.006913900
0.001045704
0.006979227
0.006686687
0.006664038
0.006649017
0.006788254
0.006940603
0.006850958
0.006852865
0.006847620
0.000919104
0.007203579
0.006705046
0.006658316
0.006652117
0.006647110
0.006750584
0.006803989
0.006816149
0.006852388
0.000917673
0.007025242
0.006681919
0.006705761
0.006771088
0.006709099
0.006857872
0.007095814
0.007102728
0.007310867
0.001117706
0.007324934
0.006793261
0.006759405
0.006735086
0.006736517
0.007110596
0.007155895
0.007197857
0.007321596
0.001202583
0.007024765
0.006674290
0.006650925
0.006752729
0.006706953
0.006839275
0.006787300
0.006836414
0.006838083
0.001040459
0.007028341
0.006663799
0.006650925
0.006650925
0.006668329
0.006846428
0.006795883
0.006814241
0.006845713
0.000935793
0.006973028
0.006650209
0.006636858
0.006785393
0.006832361
0.006810188
0.006813526
0.006840706
0.006835461
0.000909567
0.007008076
0.006668806
0.006654739
0.006752014
0.006647587
0.006818295
0.006798983
0.006841660
0.006854296
0.000889540
0.007152796
0.006943464
0.007054090
0.007172108
0.007000446
0.006983280
0.006962299
0.006980181
0.006883860
0.001075983
0.006944656
0.006694555
0.006669044
0.006636381
0.006835699
0.006803274
0.006783962
0.006830215
0.006841183
0.000910997
0.007020950
0.006646633
0.006641388
0.006877899
0.006639004
0.006893873
0.006813526
0.006841421
0.006857872
0.001134396
0.006963491
0.006672382
0.006676435
0.006889343
0.006972551
0.006959915
0.007171154
0.007224798
0.007205486
0.001308918
0.007004976
0.006780386
0.006744862
0.006691694
0.006675959
0.007051706
0.007064342
0.007048607
0.007171392
0.001072407
0.006979704
0.006762266
0.006773472
0.006759405
0.006868362
0.006960869
0.006956100
0.006853104
0.006836653
0.000907898
0.006934881
0.006669044
0.006667137
0.006635666
0.006615400
0.006774426
0.006814480
0.006823301
0.006874800
0.000988007
0.007033825
0.006691694
0.006687403
0.006637096
0.006678581
0.006752014
0.006821394
0.006822109
0.006855726
0.000961065
0.007045984
0.006798506
0.006690025
0.006724119
0.006887197
0.007282019
0.007320404
0.007329464
0.007406712
0.001170874
0.007147789
0.006700516
0.006698370
0.006698370
0.006735086
0.006844044
0.006790876
0.006799698
0.006812811
0.001137972
0.006990433
0.006726265
0.006797552
0.006914377
0.006819487
0.007061005
0.007300615
0.007295609
0.006925583
0.001472950
0.006953001
0.006831408
0.006645679
0.006658792
0.006645441
0.006859303
0.006860495
0.006823778
0.006823540
0.000895500
0.007042646
0.006726742
0.006660461
0.006645679
0.006645679
0.006871223
0.006813526
0.006835699
0.006822586
0.000921965
0.006952763
0.006655931
0.006681442
0.006777525
0.007168531
0.007108688
0.007243156
0.007305622
0.007294178
0.000957489
0.007028103
0.006721973
0.006701946
0.006698370
0.006763697
0.007332325
0.007334471
0.007290125
0.007345200
0.000956059
0.006939888
0.006685019
0.006646872
0.006813049
0.006814003
0.006851435
0.006998539
0.006939173
0.006946802
0.001501083
0.007073402
0.006738663
0.006685734
0.006728888
0.006741285
0.006757021
0.006825447
0.006814718
0.006866693
0.001173496
0.007038593
0.006811142
0.006766796
0.006725550
0.007286310
0.007359743
0.007362366
0.007415295
0.007435083
0.001286983
0.007025242
0.006693125
0.006739378
0.006896734
0.006953239
0.007054806
0.007246971
0.007217407
0.007232189
0.000949621
0.006989002
0.006714582
0.006674767
0.006735325
0.006725311
0.006963730
0.006945610
0.006999016
0.007001162
0.001014948
0.006984949
0.006694794
0.006698608
0.006673098
0.006839514
0.006798744
0.006898403
0.006868839
0.006844997
0.000922918
0.007025957
0.006703377
0.006649971
0.006642342
0.006635427
0.006788969
0.006790400
0.006806612
0.006818056
0.000909328
0.006994009
0.006699800
0.006640434
0.006722689
0.006933928
0.006917238
0.007095337
0.007152557
0.007164001
0.000976324
0.007006645
0.006879091
0.006831646
0.006885290
0.006810188
0.006958485
0.007268906
0.007198811
0.007318258
0.000963449
0.007019043
0.006738424
0.006737232
0.006634474
0.006747484
0.006733656
0.006839275
0.006820202
0.006897688
0.001144171
0.006961107
0.006688118
0.006683350
0.006694317
0.006829500
0.006976604
0.006865501
0.006842136
0.006854534
0.000888824
0.007004976
0.006681204
0.006640673
0.006786823
0.006765604
0.006820440
0.006847382
0.006848097
0.006934166
0.001001596
0.006986618
0.006682396
0.006703138
0.006686211
0.007063866
0.007098913
0.007128954
0.007272482
0.007269859
0.000937700
0.006971836
0.006706476
0.006672859
0.006711483
0.006713390
0.006722450
0.006824493
0.006827354
0.006828785
0.001109123
0.007242918
0.006847858
0.006716967
0.006653070
0.006675959
0.006679535
0.006767511
0.006799936
0.006827116
0.000885248
0.006935596
0.006708860
0.006762028
0.006674767
0.006696701
0.006958961
0.006821632
0.006839514
0.006850481
0.000981569
0.007276773
0.006684780
0.006771326
0.006760120
0.006803274
0.007211447
0.007068157
0.007092714
0.007203579
0.000930786
0.007000685
0.006702423
0.006696463
0.006785154
0.007142544
0.007090569
0.007206440
0.007278204
0.007364988
0.001341105
0.006966829
0.006713629
0.006814241
0.006640911
0.006624222
0.006682873
0.006780386
0.006786823
0.006802320
0.000971317
0.006993532
0.006761551
0.006664038
0.006776571
0.006801844
0.006862879
0.006889820
0.006853580
0.006886005
0.000899315
0.007047892
0.006663322
0.006699085
0.006706953
0.007176399
0.007324934
0.007201672
0.007327318
0.007308245
0.000982523
0.007265329
0.006832123
0.006728649
0.006873608
0.006733418
0.006713152
0.006722450
0.006754637
0.006874561
0.000888348
0.007304907
0.006739855
0.006740808
0.006991386
0.006934166
0.007065058
0.007342577
0.007300377
0.006933689
0.000916481
0.007042646
0.006721020
0.006755590
0.006905317
0.006922722
0.006884575
0.006883144
0.006903410
0.006902456
0.001201868
0.007027864
0.006724596
0.006681442
0.006706238
0.006851435
0.006891727
0.006837845
0.006863356
0.006839514
0.001061440
0.007061958
0.006702423
0.006678104
0.007098436
0.006933689
0.007030725
0.007226229
0.007223845
0.007257700
0.000943422
0.007052422
0.006814480
0.006710291
0.007015467
0.007069588
0.007107496
0.007291317
0.007296562
0.007305384
0.000998497
0.006939888
0.006665468
0.006670475
0.006729364
0.006798267
0.006799698
0.006872654
0.006873846
0.006861210
0.000950575
0.007038355
0.006727219
0.006649494
0.006864786
0.006806850
0.006795883
0.006843328
0.006855488
0.006835699
0.000938416
0.006960630
0.006805897
0.006644726
0.006659746
0.006648302
0.006740093
0.006860971
0.006819010
0.006850481
0.000880718
0.006959200
0.006675005
0.006679296
0.006676912
0.006746531
0.007186413
0.007250071
0.007259369
0.007321835
0.001066446
0.007014513
0.006712198
0.006710768
0.006723404
0.006742239
0.007068872
0.007183790
0.007162333
0.007296562
0.000982285
0.007301569
0.006754398
0.006754398
0.006721258
0.006762266
0.006744862
0.007161856
0.007153273
0.007159472
0.001027584
0.006983042
0.006673098
0.006702185
0.006705761
0.006959200
0.006865501
0.006847382
0.006972313
0.006885529
0.001062870
0.007111549
0.006696224
0.006830931
0.006777287
0.007058859
0.007141352
0.007126093
0.007326603
0.007300615
0.001256227
0.006975651
0.006746531
0.006675005
0.006849051
0.007023573
0.007118702
0.007273912
0.007291794
0.007239103
0.001023769
0.007006884
0.006670713
0.006669044
0.006828308
0.006833792
0.006841421
0.006901741
0.006915569
0.006903648
0.000928402
0.007017612
0.006654978
0.006645679
0.006650925
0.006630659
0.006721497
0.006911516
0.006839991
0.006815195
0.000918627
0.006999254
0.006731033
0.006708145
0.006993771
0.007076740
0.007075071
0.006893158
0.006884575
0.006896973
0.000911713
0.007134914
0.006702185
0.006667376
0.006672859
0.006666183
0.006679535
0.006782770
0.006820202
0.006813526
0.001091957
0.006958961
0.006713629
0.006670713
0.006688833
0.006813049
0.006827593
0.006797552
0.006851673
0.006823301
0.001024723
0.007125378
0.006745100
0.006667137
0.006897449
0.007135391
0.007203817
0.007173300
0.007292747
0.007276297
0.000978231
0.007017136
0.006659508
0.006781578
0.006865740
0.006815910
0.006854057
0.007104397
0.007102966
0.007111788
0.001162767
0.006929874
0.006913900
0.006643772
0.006702900
0.006873369
0.006922245
0.006744385
0.006759167
0.006745577
0.001021147
0.007024765
0.006701708
0.006669760
0.006654978
0.006853342
0.007095098
0.007160664
0.007198811
0.007238388
0.001116991
0.007022381
0.006714106
0.006798983
0.006764889
0.006863356
0.006803274
0.006817579
0.006833553
0.006829500
0.000954628
0.006938934
0.006669283
0.006692171
0.006694555
0.006663561
0.006715536
0.006793499
0.006827831
0.006812096
0.001043320
0.007004261
0.006713629
0.006726980
0.006669521
0.006714106
0.007050037
0.007050753
0.007147789
0.007145882
0.001001835
0.006965637
0.006786585
0.006716251
0.006772518
0.006915092
0.007028341
0.007520437
0.007126570
0.007201672
0.001045465
0.007241011
0.006710291
0.006688356
0.006676912
0.006658077
0.007275581
0.007356882
0.007320166
0.007285595
0.001012087
0.006984472
0.006695747
0.006672144
0.006738663
0.006852865
0.006929398
0.006819963
0.006832123
0.006852627
0.000936747
0.006977797
0.006672859
0.006809711
0.006833315
0.006794214
0.007186174
0.007310152
0.007195234
0.007248402
0.001160145
0.006934643
0.006639957
0.006711960
0.006683111
0.006701708
0.006694317
0.006810188
0.006826639
0.006827116
0.001063585
0.007057667
0.006665230
0.006651402
0.006715775
0.007193565
0.007155418
0.007115364
0.007227182
0.007238150
0.000916958
0.007009029
0.006728888
0.006662369
0.006831646
0.007173777
0.007191420
0.007066965
0.006918430
0.006908655
0.000961065
0.006984472
0.006661892
0.006641150
0.006719351
0.006751537
0.006732464
0.006788969
0.006978989
0.006857395
0.000903130
0.006995440
0.006650925
0.006687880
0.006627083
0.006799459
0.006836414
0.006811857
0.006843805
0.006853342
0.001603603
0.007029772
0.006737471
0.006840229
0.006735086
0.007055283
0.007226944
0.007110596
0.007291555
0.007283211
0.001178503
0.006996632
0.006692648
0.006678104
0.007052660
0.006995201
0.006992102
0.007203102
0.007279396
0.007224560
0.001116276
0.007065296
0.006753206
0.006748915
0.006960154
0.006916285
0.007027864
0.007310629
0.007301807
0.007307768
0.001068354
0.007085323
0.006797075
0.006734133
0.006695747
0.006757975
0.007199526
0.007216692
0.007208109
0.007327080
0.001351833
0.007016420
0.006684780
0.006709814
0.006763697
0.006666422
0.006793737
0.006842375
0.006806374
0.006827593
0.000923157
0.007000685
0.006889343
0.006695509
0.006683826
0.006716967
0.006763220
0.006901503
0.006840706
0.006843805
0.001004457
0.007145882
0.006712437
0.006755829
0.007014751
0.007160425
0.007234573
0.007329941
0.007429123
0.007319927
0.001013041
0.007356882
0.006781101
0.006775379
0.006744385
0.006864071
0.007222652
0.007063389
0.007163286
0.007300854
0.000961542
0.007049084
0.006679296
0.006721973
0.007039309
0.006924391
0.006983042
0.007242680
0.007243872
0.007430553
0.001294374
0.007045507
0.006684303
0.006708860
0.006724596
0.006710291
0.006808758
0.006783247
0.006819010
0.006842136
0.001025915
0.006966114
0.006668091
0.006637335
0.006629229
0.006678343
0.006833076
0.006795406
0.006796360
0.006841183
0.001013756
0.006946802
0.006718397
0.006760836
0.006792307
0.006743431
0.007334232
0.007296085
0.007279396
0.007282734
0.000948191
0.007045507
0.006756067
0.006697178
0.007044792
0.007025957
0.007003784
0.007333755
0.007309675
0.007308722
0.001025438
0.007061243
0.006777048
0.006773949
0.006920099
0.006920576
0.007018089
0.007314444
0.007281303
0.007291794
0.000995398
0.007079601
0.006668806
0.006670237
0.006681442
0.006711483
0.006814957
0.006824255
0.006847143
0.006903648
0.000930071
0.006994724
0.006772280
0.006659985
0.006742239
0.006663561
0.006697416
0.006789684
0.006807804
0.006804943
0.000912905
0.007136822
0.006688118
0.006649256
0.006679773
0.006753445
0.006817818
0.006790161
0.006851673
0.006863594
0.000961781
0.007028580
0.006717443
0.006987095
0.006807089
0.006797314
0.007410765
0.007302761
0.007321835
0.007333517
0.001469135
0.007101536
0.006753206
0.006756306
0.006734371
0.006772280
0.007271290
0.007287502
0.007271767
0.007335424
0.000934839
0.006940365
0.006683588
0.006656647
0.006644964
0.006713867
0.006826878
0.006813526
0.006805897
0.006830215
0.000868320
0.007083178
0.006723642
0.006668329
0.006700277
0.007039785
0.007142067
0.007108688
0.007303476
0.007300854
0.000935555
0.006958723
0.006642342
0.006794214
0.006794453
0.006719589
0.006790400
0.007000923
0.007081270
0.007020950
0.001008987
0.007330418
0.006652832
0.006657839
0.006734133
0.006660700
0.006774664
0.006819010
0.006838083
0.006841421
0.000963688
0.007086992
0.006718636
0.006716967
0.006754160
0.006727695
0.006707668
0.006794453
0.006793976
0.006792307
0.000941277
0.007002831
0.006685019
0.006670475
0.006836891
0.006839991
0.007143497
0.007115841
0.007271767
0.007312536
0.001117468
0.007047415
0.006690264
0.006708622
0.006747723
0.006721497
0.007307053
0.007151127
0.007166862
0.007295132
0.001012087
0.007015467
0.006711245
0.006726742
0.006710768
0.006682634
0.007245302
0.007219315
0.007280588
0.007292032
0.000943899
0.007073641
0.006706476
0.006793261
0.006816864
0.006786108
0.007112026
0.007174730
0.007168293
0.007277727
0.000979424
0.007025480
0.006850481
0.006659269
0.006943941
0.007068157
0.007066965
0.006928921
0.006855011
0.006881475
0.000980854
0.007079601
0.006659269
0.006872892
0.006653070
0.006990194
0.006851673
0.006910563
0.006833792
0.006841421
0.000949860
0.007001400
0.006695032
0.006696463
0.006627798
0.006791592
0.006818056
0.006800652
0.006850243
0.006838560
0.000868559
0.007008553
0.006664753
0.006687641
0.006698132
0.006715775
0.007139921
0.007191181
0.007203102
0.007289171
0.000963688
0.007104158
0.006762266
0.006733656
0.006727934
0.006687880
0.007150412
0.007242680
0.007255793
0.007294893
0.000964403
0.007083654
0.006702900
0.006872654
0.006731987
0.007117987
0.007239580
0.007212639
0.007316351
0.007253647
0.001068592
0.007038355
0.006797314
0.006742239
0.006686926
0.006950855
0.006901264
0.006790876
0.006795406
0.006913900
0.001065254
0.006923437
0.006649971
0.006691217
0.006682873
0.006928205
0.006893873
0.006813288
0.006867886
0.006820917
0.000946999
0.006939411
0.006716490
0.006663322
0.006622553
0.006677151
0.006701231
0.006828070
0.006846905
0.006929636
0.001117706
0.006975174
0.006701708
0.006664276
0.006895065
0.006926298
0.007110357
0.007317781
0.007237434
0.007260799
0.000930071
0.007071257
0.006736755
0.006728172
0.006766319
0.006848574
0.007114887
0.007127285
0.007262230
0.007399321
0.001005411
0.007443190
0.006684065
0.006665468
0.006652117
0.006966829
0.007307053
0.007196903
0.007318497
0.007302046
0.000951290
0.007144928
0.006745338
0.006684780
0.006697178
0.006969929
0.007219553
0.007177114
0.006938934
0.006910801
0.000909805
0.007410288
0.006784916
0.006793261
0.006696463
0.006660461
0.006716728
0.006803036
0.006807566
0.006779671
0.000932455
0.007033587
0.006669998
0.006671667
0.006645441
0.006680012
0.006804466
0.006800413
0.006951332
0.006881714
0.000978231
0.006994963
0.006681442
0.006681919
0.006650686
0.007259607
0.007184982
0.007206202
0.007302284
0.007309675
0.000935316
0.007065773
0.006726027
0.006687164
0.006686211
0.007263184
0.007296562
0.007272005
0.007358313
0.007312775
0.000925779
0.007012606
0.006661177
0.006666422
0.006646395
0.006681204
0.006789207
0.006789446
0.006801128
0.006831169
0.000874519
0.007078886
0.006719828
0.006752253
0.006688118
0.006846428
0.007105827
0.007146835
0.007178783
0.007298708
0.000967264
0.006963730
0.006681442
0.006780386
0.006816864
0.006807804
0.006829023
0.007115841
0.007143974
0.007261515
0.000986338
0.007031202
0.006679058
0.006634951
0.006740570
0.006645679
0.006798983
0.006822348
0.006881237
0.006878376
0.001061440
0.006964445
0.006665230
0.006684065
0.006653309
0.006733656
0.006818533
0.006825924
0.006923199
0.006861925
0.000872135
0.007054090
0.006815434
0.006842852
0.006938934
0.006959915
0.007043839
0.007263660
0.007251740
0.007274628
0.000928164
0.007062435
0.006629944
0.006679058
0.006641150
0.006628752
0.006749392
0.006807804
0.006798029
0.006855726
0.001264095
0.007044315
0.006780863
0.006694555
0.006757259
0.007127762
0.007201195
0.007180452
0.007296085
0.007288694
0.000926018
0.007006168
0.006692410
0.006669283
0.006665945
0.006802559
0.007145882
0.007137537
0.006963730
0.006922245
0.000946760
0.007083416
0.006835699
0.006765127
0.006826162
0.007105350
0.007183552
0.007104874
0.006897688
0.006906986
0.000929832
0.007053375
0.006663084
0.006731987
0.006726027
0.006719351
0.006885529
0.006836176
0.006953716
0.006899834
0.000945568
0.007012129
0.006766796
0.006784916
0.006945372
0.006946325
0.007062197
0.007246017
0.007204056
0.007274389
0.001073599
0.007158756
0.006763220
0.006729603
0.006927490
0.007076979
0.006993294
0.007249594
0.007213593
0.007249355
0.000956774
0.007108688
0.006708622
0.006816387
0.006789446
0.006814718
0.006953716
0.007228851
0.007227659
0.007294416
0.001171350
0.007010698
0.006783962
0.006747961
0.006809950
0.007238865
0.007156849
0.007103920
0.007072210
0.007027388
0.001627922
0.007042170
0.006691694
0.006643534
0.006663322
0.006675482
0.006829023
0.006813765
0.006849766
0.006878853
0.001228571
0.006941319
0.006669521
0.006664038
0.006731510
0.006747246
0.006754637
0.006816864
0.006831408
0.006838799
0.000926495
0.007035255
0.006686211
0.006719828
0.006659508
0.006976604
0.007129908
0.007084608
0.007206440
0.007239103
0.000960588
0.007028341
0.006751060
0.006709814
0.006777763
0.007207870
0.007158995
0.007133722
0.007258892
0.007276535
0.000972033
0.007073402
0.006799221
0.006711006
0.006689072
0.006871223
0.006827593
0.006757975
0.006896257
0.006815672
0.000983477
0.006969452
0.006668329
0.006668568
0.006691217
0.006891966
0.006977558
0.006860495
0.006867170
0.006857395
0.001283884
0.007014036
0.006678820
0.006729364
0.006687164
0.006809473
0.007073641
0.007076740
0.007252693
0.007228136
0.001240015
0.006963015
0.006717205
0.006751299
0.006915569
0.006819487
0.006950855
0.007167101
0.007178545
0.007238626
0.001026869
0.007306576
0.006897211
0.006694078
0.006716490
0.007151127
0.007208824
0.007197380
0.007315874
0.007295847
0.000926971
0.006996155
0.006646633
0.006646156
0.006725550
0.006684303
0.006724596
0.006811380
0.006784916
0.006803989
0.000947952
0.006975412
0.006642103
0.006664515
0.006664753
0.006882668
0.006855488
0.006875038
0.006908417
0.006978750
0.001030922
0.007078171
0.006659269
0.006666899
0.006729364
0.006770849
0.006830215
0.006804466
0.006848097
0.006836891
0.001040936
0.007276297
0.006750822
0.006676912
0.007007122
0.007014990
0.007023811
0.007312059
0.007312298
0.007312298
0.000962973
0.007009983
0.006695509
0.006699085
0.006731033
0.006954193
0.007133722
0.007147551
0.007286310
0.007289171
0.000980616
0.007066488
0.006729603
0.006879568
0.007023573
0.006854296
0.006954908
0.007210255
0.007200241
0.006925344
0.000898361
0.007003307
0.006733894
0.006736994
0.006724119
0.006741047
0.006713152
0.006804943
0.006857634
0.006801367
0.001021147
0.007315874
0.006708145
0.006671429
0.006645679
0.006769657
0.006848812
0.006816864
0.006823778
0.006842375
0.000899076
0.007101059
0.006771803
0.006723642
0.007162809
0.007434845
0.007314205
0.007281780
0.007317543
0.007289648
0.000948429
0.007265568
0.006757259
0.006662130
0.006875515
0.007106066
0.007250547
0.007093191
0.007116079
0.007106304
0.001167536
0.006971359
0.006661892
0.006670475
0.006896734
0.006995201
0.007089615
0.007287502
0.007234573
0.007296324
0.001123190
0.007246017
0.006751060
0.006721973
0.006862879
0.006829500
0.007199526
0.007192373
0.007038593
0.006949663
0.000905037
0.007097006
0.006724358
0.006647110
0.006672859
0.006780863
0.006855965
0.006819725
0.006861210
0.006853580
0.000958920
0.007134914
0.006817579
0.006695271
0.006712675
0.007219076
0.007216215
0.007246733
0.007338285
0.007338524
0.001014233
0.007038593
0.006731033
0.006692648
0.006683588
0.007090569
0.007183552
0.007197142
0.007306814
0.007290840
0.001005650
0.007102966
0.006781578
0.006844044
0.006935120
0.006842136
0.007273436
0.007441282
0.007337332
0.007303476
0.001084089
0.006958485
0.006712675
0.006733418
0.006827831
0.006775379
0.006842375
0.007068396
0.007067919
0.007006645
0.001140833
0.007010698
0.006690979
0.006767511
0.006708860
0.006674767
0.006766796
0.006650448
0.006683350
0.006788969
0.000968456
0.007048607
0.006671429
0.006713390
0.006686211
0.006770134
0.007119179
0.007074356
0.007133007
0.007196188
0.000926971
0.007040024
0.006803274
0.006693125
0.006747961
0.006881714
0.007195950
0.007174253
0.007243872
0.007286072
0.000936747
0.006970882
0.006714582
0.006716728
0.006682396
0.006821632
0.007013559
0.007009268
0.007220745
0.007220030
0.001038074
0.007026672
0.006881237
0.006906271
0.007216930
0.007166147
0.007340670
0.006682634
0.006658554
0.006678104
0.000850677
0.006931782
0.006660223
0.006772041
0.006657362
0.006638050
0.006684303
0.006817818
0.006824017
0.006813765
0.001040936
0.006966352
0.006700039
0.006637573
0.006726503
0.006693125
0.006726503
0.006813049
0.006801128
0.006795406
0.001028776
0.007014513
0.006670952
0.006668329
0.006876945
0.007079124
0.007277250
0.007280350
0.007325649
0.007307529
0.001023769
0.007310152
0.006866455
0.006779194
0.006859779
0.006775379
0.007016420
0.007192373
0.007204056
0.007263422
0.000933647
0.007118702
0.006767988
0.006779432
0.006810904
0.006718874
0.007317066
0.007301807
0.007304192
0.007291555
0.001084805
0.007052898
0.006751060
0.006953955
0.006844997
0.006876469
0.006956100
0.006905317
0.006903887
0.006819487
0.000959396
0.007006407
0.006696224
0.006653786
0.006732464
0.006742477
0.006801605
0.006774426
0.006772280
0.006798267
0.000998735
0.007212162
0.006656408
0.006693125
0.006706715
0.006647348
0.006815434
0.006789923
0.006838799
0.007078886
0.000994682
0.007017374
0.006643295
0.006626606
0.006987572
0.007032394
0.007038593
0.007301569
0.007299662
0.007292271
0.000933886
0.007026672
0.006726265
0.006798983
0.006910324
0.007122278
0.007004261
0.007248640
0.007208109
0.007248163
0.000969172
0.007066488
0.006831408
0.006713867
0.006894350
0.007297277
0.007285357
0.007275105
0.007305145
0.007299900
0.000952482
0.007044554
0.006678104
0.006681919
0.007019758
0.007075548
0.007193089
0.006919861
0.006869555
0.006884813
0.000958204
0.006968737
0.006660938
0.006651163
0.006708145
0.006721735
0.006834984
0.006798506
0.006803513
0.006827354
0.000885248
0.006987095
0.006651640
0.006644011
0.006623030
0.006640911
0.006746054
0.006826401
0.006828070
0.006831408
0.000954151
0.007133961
0.006747007
0.006661654
0.006846666
0.007111549
0.007141352
0.007176876
0.007300854
0.007312536
0.001212835
0.007282019
0.006666183
0.006694317
0.006690502
0.006687880
0.007177114
0.007116556
0.007195711
0.007270575
0.001087189
0.007105589
0.006711721
0.006958008
0.006772518
0.006983757
0.007350445
0.007296562
0.006984711
0.006949663
0.000967741
0.007057190
0.006739616
0.006697178
0.006729841
0.006740808
0.006815910
0.006816626
0.006827831
0.006852865
0.000938177
0.007144213
0.006649971
0.006655455
0.006708622
0.006784439
0.006864309
0.006831884
0.006875038
0.006860018
0.000878334
0.007009745
0.006797075
0.006804466
0.006822586
0.007076740
0.007124424
0.007108688
0.007159948
0.007128954
0.000934601
0.007833242
0.006776571
0.006808519
0.007256985
0.007202625
0.007249832
0.007446527
0.007597685
0.007337570
0.000953674
0.006987333
0.006711006
0.006652594
0.006729364
0.006762981
0.006866217
0.006810188
0.006842375
0.006973028
0.001018524
0.007083178
0.006766319
0.006753206
0.006711483
0.006714106
0.007329464
0.007346153
0.007224083
0.007004976
0.001153469
0.007060051
0.006673574
0.006701469
0.006639957
0.006637573
0.006821871
0.006806135
0.006819248
0.006855488
0.000971317
0.007320642
0.006732941
0.006724834
0.006816387
0.006763935
0.007074833
0.007181168
0.007161617
0.007263660
0.000929356
0.006987333
0.006706238
0.006711721
0.006902218
0.007127047
0.007123709
0.007197142
0.007306337
0.007323503
0.000930548
0.007171154
0.006763458
0.006724596
0.006693602
0.007089615
0.007208824
0.007204771
0.007322550
0.007351160
0.001013994
0.007051706
0.006681204
0.006746292
0.006700277
0.006996632
0.007187843
0.007112503
0.006908417
0.006892920
0.000898600
0.007007122
0.006728172
0.006726980
0.006643295
0.006675005
0.006829500
0.006845474
0.006818056
0.006837368
0.000964165
0.007088661
0.006662607
0.006647110
0.006694555
0.006864548
0.006801605
0.006809950
0.006838560
0.006823063
0.000903845
0.006953001
0.006673574
0.006636381
0.006908178
0.006803751
0.007054329
0.007064342
0.007072210
0.007195473
0.001011133
0.007204771
0.006893396
0.007058382
0.006834984
0.006770849
0.007249117
0.007219553
0.007224083
0.007312059
0.001157761
0.007021427
0.006755590
0.006673574
0.006905317
0.006954670
0.006918430
0.007133484
0.007193327
0.007157087
0.001071215
0.007131338
0.006688118
0.006690979
0.006782532
0.007209539
0.007117748
0.007127047
0.007184029
0.007161617
0.000963926
0.007051706
0.006676197
0.006707907
0.006675720
0.007055998
0.007067680
0.007094145
0.006910324
0.006875753
0.000927925
0.007011175
0.006678343
0.006679296
0.006702423
0.006664515
0.006761312
0.006849289
0.006860733
0.006875992
0.001070976
0.007302999
0.006679296
0.006692886
0.006672144
0.006666899
0.006848097
0.006810188
0.006874800
0.006866217
0.000882864
0.007356167
0.006663561
0.006822109
0.006847143
0.006848574
0.006792784
0.006813526
0.006843328
0.006842852
0.000911474
0.007005453
0.006750584
0.006782532
0.006808519
0.006910563
0.007122278
0.007208586
0.007217646
0.007309675
0.000945568
0.007215738
0.006752253
0.006689787
0.006868362
0.007106781
0.007301569
0.007152557
0.007373333
0.007309675
0.000974655
0.006935835
0.006687880
0.006652594
0.006627798
0.006795406
0.006791115
0.006825924
0.006843328
0.006829977
0.000895977
0.007071495
0.006703377
0.006677151
0.006992102
0.007005215
0.006984711
0.006864071
0.006858349
0.006860256
0.000890970
0.006978989
0.006653309
0.006650686
0.006712437
0.006837130
0.006761074
0.006787062
0.006796598
0.006799221
0.000951529
0.006970167
0.006723404
0.006703615
0.006679773
0.008856773
0.006810188
0.006794691
0.006785631
0.006995916
0.000929356
0.006998777
0.006743908
0.006712198
0.007050037
0.007075071
0.007084846
0.007299185
0.007283926
0.007300377
0.000933886
0.006982088
0.006715775
0.006819725
0.006687880
0.006717443
0.007243395
0.007229567
0.007267714
0.007292747
0.000928879
0.007015467
0.006833076
0.006747961
0.006674767
0.007103682
0.007154226
0.007180452
0.007322073
0.007301331
0.001030207
0.007028103
0.006683350
0.006668806
0.006700277
0.006763697
0.006762505
0.006960630
0.006855965
0.006852388
0.000920057
0.007016182
0.006723881
0.006658554
0.006693125
0.006759644
0.006792545
0.006797791
0.006850243
0.006980181
0.001003265
0.006991625
0.006695271
0.006649494
0.006726503
0.006705761
0.006693125
0.006776094
0.006787062
0.006790638
0.000896931
0.007001638
0.006705761
0.006788969
0.007006645
0.006977320
0.007043839
0.007322311
0.007293224
0.007322073
0.000954628
0.007121563
0.006715298
0.006735086
0.006735563
0.006927729
0.006906033
0.006910801
0.006876945
0.006843567
0.001082420
0.006944895
0.006775856
0.006794930
0.006763697
0.006917477
0.006794453
0.006810665
0.006846666
0.006833315
0.001024723
0.007088661
0.006806850
0.006711960
0.006702185
0.007089138
0.007295847
0.007189751
0.007326603
0.007337809
0.001037598
0.007112980
0.006700993
0.006668091
0.006757021
0.006796598
0.007352591
0.007288218
0.007330418
0.007311821
0.000933409
0.007066488
0.006698847
0.006727934
0.006827116
0.006836414
0.006939650
0.006833792
0.006981134
0.006807089
0.000910759
0.007182837
0.006740808
0.006761312
0.006687164
0.006849766
0.007486105
0.007338524
0.007421732
0.007368803
0.001521349
0.007017374
0.006734848
0.006726265
0.006698847
0.006920576
0.007422924
0.007277250
0.007333279
0.007301331
0.001225471
0.006950140
0.006714821
0.006665468
0.006886482
0.006819010
0.006740808
0.006680965
0.006849766
0.006804705
0.001076221
0.007046223
0.006824255
0.006815195
0.007062674
0.006995678
0.007074833
0.007358789
0.007345200
0.007406950
0.001183510
0.007078648
0.006681442
0.006654501
0.006646395
0.006834745
0.007205486
0.007141113
0.007288694
0.007248163
0.001136303
0.007386446
0.006980658
0.006884098
0.006901264
0.006803274
0.006739855
0.006703854
0.006725788
0.006801844
0.001479864
0.006994963
0.006646633
0.006652117
0.006620169
0.006685734
0.006799936
0.006789446
0.006786823
0.006838799
0.000921965
0.007050753
0.006724358
0.006689787
0.006691933
0.006722927
0.006847620
0.006906509
0.006827116
0.006835461
0.000946045
0.007010460
0.006658792
0.006665230
0.006632090
0.006793737
0.006943464
0.006802559
0.006826162
0.006840706
0.000921965
0.006935120
0.006652355
0.006794691
0.006958485
0.006886959
0.006983280
0.007277966
0.007324219
0.007387400
0.001750231
0.007089853
0.006750584
0.006729841
0.007236481
0.007316589
0.007367134
0.007304192
0.007348776
0.007311583
0.001163960
0.007286549
0.006764174
0.006828070
0.007090092
0.006951332
0.007086754
0.007330179
0.007292032
0.007018805
0.000993490
0.007068157
0.006665707
0.006708145
0.006634474
0.006824255
0.007007837
0.006824493
0.006849051
0.006844282
0.001029491
0.007216215
0.006687403
0.006750822
0.006819010
0.006770134
0.007099390
0.007201672
0.007188559
0.007262468
0.000977993
0.007020473
0.006737471
0.006735802
0.007115841
0.007324219
0.007228136
0.007284880
0.007295132
0.007320404
0.001039982
0.007260561
0.006643295
0.006690979
0.006741285
0.006708622
0.006727934
0.006804466
0.006830215
0.006843567
0.001333952
0.007245064
0.006763458
0.006694078
0.006657600
0.006632805
0.006772280
0.006878853
0.006814003
0.006825209
0.000973701
0.006989241
0.006648540
0.006629944
0.006668806
0.006690741
0.006708384
0.006801128
0.006781101
0.006774902
0.000941753
0.007033110
0.006673813
0.006768942
0.006791830
0.006841183
0.006908894
0.007125616
0.007194519
0.007207870
0.001069784
0.007217407
0.006713152
0.006689310
0.007032871
0.007069349
0.007143259
0.007314920
0.007289171
0.007301807
0.000944853
0.006949663
0.006688595
0.006773710
0.006742477
0.006767035
0.006853342
0.006816626
0.006822348
0.006843090
0.001062393
0.007126331
0.006722689
0.006682634
0.006979704
0.007076979
0.007159233
0.007206678
0.007282257
0.007178783
0.001061440
0.007190943
0.006670237
0.006637573
0.006884098
0.006766319
0.006823540
0.006901264
0.006860733
0.006856203
0.001121759
0.007048845
0.006713629
0.006716728
0.006681204
0.007022858
0.007120848
0.007112741
0.007266760
0.007292986
0.000962019
0.007466078
0.006791353
0.006805182
0.006762028
0.007407904
0.007295370
0.007242203
0.007238626
0.007302046
0.001739264
0.007048607
0.006672144
0.006688833
0.006731987
0.006771326
0.006827593
0.007044077
0.006841898
0.006848574
0.001181841
0.006988764
0.006638527
0.006629229
0.006638288
0.006791592
0.006823063
0.006800413
0.006828308
0.006823778
0.000906229
0.006981850
0.006676912
0.006670475
0.006647825
0.006773233
0.006845236
0.006802082
0.006839991
0.006837606
0.001045942
0.006965160
0.006677628
0.006712437
0.006738901
0.006681919
0.007146597
0.007190466
0.007228136
0.007278919
0.001142025
0.006999969
0.006687641
0.006664038
0.006769419
0.007107735
0.007108450
0.006950140
0.006885529
0.006885767
0.000960588
0.006981850
0.006906986
0.006978989
0.006830931
0.007080793
0.007243395
0.006939173
0.006888866
0.006855011
0.001149416
0.007141829
0.006690264
0.006640911
0.006788731
0.006803989
0.006913662
0.006827116
0.006866693
0.006883144
0.000933409
0.006959200
0.006722212
0.006641626
0.006647825
0.006723642
0.006803513
0.006787777
0.006815910
0.006821156
0.000980616
0.007145166
0.006686687
0.006659269
0.006666183
0.006656647
0.007003546
0.007063866
0.007060289
0.007230759
0.000930786
0.007396698
0.006698608
0.006788015
0.006869555
0.006835938
0.006939173
0.007251740
0.007250547
0.007317305
0.001099586
0.007630348
0.006886721
0.006756544
0.006822348
0.006960392
0.007330656
0.007305622
0.007104874
0.006935120
0.000879765
0.006986856
0.006676435
0.006623745
0.006640434
0.006622076
0.006785393
0.006813049
0.006827354
0.006855249
0.001005888
0.007045507
0.006661892
0.006776094
0.006627560
0.007050991
0.007295132
0.007257938
0.007291555
0.007284880
0.000917912
0.006972790
0.006725788
0.006711960
0.006697416
0.007038355
0.007080555
0.007159233
0.007250071
0.007247686
0.001008987
0.006987810
0.006677866
0.006682396
0.006665230
0.007132053
0.007096767
0.007085085
0.007223845
0.007218599
0.000944138
0.007059574
0.006736994
0.006775856
0.006774187
0.007379293
0.007321596
0.007300854
0.007296324
0.007292509
0.000944853
0.006980419
0.006648540
0.006628036
0.006745100
0.006769180
0.006848574
0.006814003
0.006828308
0.006827354
0.000899792
0.006962061
0.006696224
0.006653786
0.006664753
0.006751776
0.006785154
0.006781101
0.006824017
0.006819487
0.001005411
0.007027864
0.006702185
0.006715536
0.006633282
0.006685019
0.006774664
0.006792784
0.006806374
0.006816626
0.000880241
0.006951332
0.006668568
0.006676435
0.006716490
0.006782055
0.006787300
0.006824017
0.006840229
0.006824255
0.000905514
0.007047653
0.006681442
0.006696224
0.006748438
0.006784201
0.007161379
0.007111549
0.007128000
0.007253408
0.000984430
0.006981611
0.006676435
0.006655455
0.006768703
0.007065773
0.007079124
0.007148027
0.007257462
0.007261515
0.000983238
0.006942272
0.006666183
0.006763458
0.006795168
0.006816387
0.006824255
0.006834269
0.006862164
0.006820202
0.000897884
0.007171631
0.006721020
0.006816626
0.006902218
0.006863832
0.007061958
0.007015705
0.007099390
0.007125854
0.000962257
0.006989002
0.006700516
0.006732225
0.006930590
0.007032156
0.007079124
0.006883621
0.006862164
0.006856441
0.000883579
0.006955147
0.006685734
0.006681204
0.006634951
0.006681919
0.006795645
0.006797552
0.006798506
0.006812572
0.000921726
0.006978273
0.006654978
0.006665468
0.006751060
0.006981850
0.006875992
0.006819963
0.006854534
0.006845951
0.001192331
0.006996155
0.006772041
0.006726742
0.006720781
0.006844759
0.007264137
0.007269144
0.007273436
0.007282019
0.000934601
0.007059813
0.006727457
0.006685734
0.006664753
0.006656647
0.006730318
0.006743431
0.006762028
0.006812572
0.000898600
0.006989002
0.006764889
0.006729841
0.006747007
0.006738663
0.007103205
0.007192850
0.007162333
0.007254839
0.000924110
0.007332563
0.006758690
0.006886482
0.006843567
0.006880045
0.007314682
0.007236004
0.007224321
0.007277250
0.000972748
0.006997108
0.006666899
0.006680012
0.006792784
0.007116795
0.007100582
0.007105589
0.006993532
0.006907940
0.000944853
0.007075310
0.006664753
0.006669998
0.006650209
0.006787777
0.006795168
0.006790161
0.006839275
0.006850004
0.000869751
0.007077456
0.006687880
0.006725311
0.006646633
0.006944418
0.006860733
0.006792784
0.006839991
0.006831646
0.001208544
0.007040024
0.006780863
0.006696939
0.006675005
0.006678820
0.007045269
0.007118464
0.007097006
0.007203102
0.001019955
0.007270336
0.006805420
0.006714821
0.006690741
0.006827116
0.007161379
0.007152557
0.007204056
0.007442474
0.000995636
0.007015944
0.006721735
0.006684065
0.006873131
0.007047415
0.007201672
0.007203341
0.007246017
0.007233143
0.000971556
0.006987095
0.006676435
0.006665230
0.006828547
0.007024050
0.007020950
0.007182121
0.007227898
0.007233381
0.000902176
0.007005453
0.006674767
0.006723404
0.006661654
0.006769419
0.006806135
0.006788731
0.006858826
0.006904602
0.000941992
0.006982803
0.006766796
0.006653547
0.006636381
0.006677151
0.006826639
0.006814241
0.006855965
0.007010698
0.000946760
0.007035017
0.006655693
0.006658792
0.006646872
0.006651640
0.006779909
0.006807089
0.006812811
0.006839275
0.001075268
0.007040977
0.006702423
0.006702423
0.006718874
0.007263660
0.007323503
0.007304668
0.007302523
0.007302284
0.000995159
0.007049084
0.006716967
0.006679535
0.006711483
0.007105827
0.007242680
0.007226944
0.007328510
0.007287979
0.001101971
0.007022858
0.006715536
0.006752729
0.006699800
0.006836653
0.007082939
0.007083178
0.007194281
0.007255077
0.001128435
0.006983519
0.006706238
0.006744385
0.006939173
0.006914854
0.006950617
0.007177830
0.007169008
0.007042646
0.001110554
0.007033110
0.006751299
0.006675482
0.006776810
0.006820679
0.006866693
0.006839037
0.006853580
0.006838083
0.001156569
0.007003307
0.006673813
0.006673336
0.006661415
0.006815434
0.007291079
0.007339716
0.007302999
0.007287025
0.000955820
0.006998777
0.006794930
0.006766796
0.006879807
0.006956339
0.006930113
0.007255316
0.007217169
0.007337570
0.001089573
0.006956339
0.006648064
0.006700039
0.006773472
0.006700516
0.006843328
0.006822824
0.006803274
0.006824255
0.001017809
0.007249355
0.006837368
0.006893158
0.006808996
0.006816864
0.006862640
0.006837606
0.006864071
0.006820440
0.000884533
0.007384539
0.006786585
0.006779909
0.006760120
0.006959677
0.007302761
0.007281542
0.007315397
0.007316351
0.001035690
0.007116795
0.006724834
0.006731510
0.006781340
0.006714821
0.007073641
0.007145643
0.007188559
0.007213593
0.001078606
0.007016420
0.006696701
0.006709099
0.006699800
0.006869555
0.006827116
0.006819725
0.006832838
0.006828547
0.000881195
0.007012606
0.006689310
0.006635427
0.006639242
0.006753206
0.006821156
0.006935120
0.006821871
0.006808758
0.000903606
0.007089853
0.006736994
0.006729603
0.006693125
0.006930351
0.006991148
0.006946087
0.007035732
0.007042885
0.001152754
0.007082701
0.006798744
0.006854296
0.006784678
0.006828070
0.006801605
0.006795406
0.006856918
0.006819487
0.001079559
0.006961107
0.006775618
0.006764412
0.006706476
0.006901026
0.006837368
0.006844997
0.006906509
0.006877422
0.001267910
0.007068157
0.006873846
0.006876945
0.006739616
0.006785631
0.007243395
0.007108450
0.007265568
0.007338285
0.000965595
0.006989241
0.006712914
0.006689548
0.006699562
0.006703138
0.006952286
0.007200718
0.007206440
0.007316351
0.001088619
0.006982803
0.006739378
0.006713867
0.006708145
0.006753206
0.006796360
0.006785154
0.006785393
0.006851673
0.000933409
0.006940365
0.006639957
0.006709814
0.006662369
0.006687880
0.006857872
0.006840229
0.006847858
0.006867886
0.000929356
0.007303715
0.006720543
0.006843328
0.006844044
0.006912470
0.006899595
0.007197857
0.007091999
0.007066727
0.001191854
0.007036209
0.006691933
0.006857395
0.006999254
0.006905556
0.007029057
0.007005453
0.007178545
0.007221460
0.000964880
0.007030725
0.006747961
0.006800652
0.006713390
0.006985188
0.007189989
0.007094145
0.006961823
0.006986380
0.000995159
0.006985903
0.006736994
0.006737232
0.006685495
0.006692171
0.006916761
0.006876230
0.006853819
0.006939173
0.001298904
0.007451773
0.006966829
0.006794930
0.006720543
0.006840944
0.007322311
0.007332087
0.007316351
0.007330418
0.001318693
0.006986380
0.006786346
0.006719589
0.006690264
0.006845951
0.006898880
0.006933212
0.006895781
0.006909609
0.001126051
0.007278919
0.006719589
0.006696701
0.006800652
0.006692648
0.006805897
0.006866455
0.006838083
0.006868362
0.001051903
0.007022381
0.006883621
0.006695032
0.007048845
0.007414818
0.007197380
0.007358074
0.007335663
0.007427454
0.001035213
0.006984949
0.006805897
0.006738663
0.007094622
0.007157326
0.007117510
0.007463694
0.007357121
0.007196903
0.001101494
0.006995440
0.006659985
0.006724834
0.006764174
0.006745577
0.006770134
0.006819725
0.006821156
0.006870270
0.000953436
0.007050753
0.006791115
0.006739616
0.007314205
0.007197857
0.007248640
0.007262945
0.007413864
0.007406473
0.001357555
0.007011175
0.006676435
0.006707430
0.006925821
0.006661654
0.006944180
0.006984234
0.006991148
0.007128954
0.000921249
0.007023811
0.006681204
0.006724119
0.006831169
0.006788969
0.006949425
0.007150412
0.007135630
0.007186651
0.000914335
0.007303476
0.006737471
0.006657839
0.006899595
0.007071018
0.007077694
0.007230759
0.007294416
0.007290840
0.001133919
0.007108450
0.006696224
0.006672144
0.006666183
0.006686687
0.006811619
0.006785154
0.006834269
0.006850004
0.001004457
0.007135153
0.006696463
0.006682158
0.006829023
0.006850958
0.007331133
0.007242918
0.007010221
0.006912947
0.000942707
0.007374048
0.006733179
0.006697893
0.006772995
0.006757975
0.006871700
0.006815434
0.006863594
0.006844282
0.000907183
0.006959915
0.006683826
0.006660223
0.006633520
0.007186890
0.007260561
0.007245541
0.007314920
0.007320166
0.001025915
0.006989002
0.006782293
0.006678581
0.006924629
0.006982803
0.006911516
0.007182598
0.007153988
0.007258415
0.001175404
0.006974459
0.006705284
0.006728888
0.006945133
0.006988287
0.007014751
0.007300377
0.007291555
0.007030964
0.001031876
0.007023096
0.006727695
0.006670475
0.006740808
0.006769896
0.006746292
0.006938219
0.006887674
0.006823778
0.000882626
0.006949186
0.006722450
0.006695271
0.006666422
0.006778002
0.007251740
0.007189274
0.007402420
0.007536650
0.001554966
0.007014751
0.006830931
0.006808758
0.006701231
0.006774426
0.007145882
0.007148981
0.007213354
0.007292032
0.000968218
0.007059097
0.006742477
0.006810904
0.006850481
0.006788254
0.007042408
0.007241964
0.007267714
0.007303476
0.001011133
0.007080793
0.006741762
0.006773233
0.006883383
0.006883383
0.006943226
0.006814003
0.006801605
0.006828070
0.000921011
0.006946087
0.006686211
0.006633282
0.006653786
0.006813765
0.006826401
0.006833076
0.006857395
0.006847858
0.001008272
0.006974220
0.006696939
0.006644249
0.006648064
0.006661892
0.006863356
0.006827354
0.006900072
0.007197142
0.001916409
0.007013559
0.006819248
0.006815672
0.006680250
0.007284880
0.007416248
0.007304192
0.007328510
0.007226229
0.000957966
0.007116795
0.006761551
0.006728649
0.006845951
0.006733418
0.006882668
0.007135630
0.007121325
0.007220507
0.001004934
0.007014751
0.006708384
0.006689787
0.006669044
0.007222176
0.007448912
0.007105350
0.006931782
0.006907701
0.001151800
0.007048845
0.006702662
0.006661415
0.006639957
0.006725073
0.006808519
0.006798983
0.006827116
0.006834984
0.000980616
0.006999254
0.006740332
0.006683111
0.006885290
0.006950617
0.006975174
0.007130384
0.007167101
0.007171392
0.001008034
0.007040977
0.006752491
0.006863356
0.007013559
0.007044554
0.007083893
0.007252216
0.007225275
0.007239103
0.000942230
0.007020950
0.006747246
0.006805420
0.006810427
0.006842136
0.006907225
0.007164240
0.007176638
0.007237196
0.000959158
0.007125378
0.006740093
0.006689548
0.006979942
0.007162333
0.007305384
0.007001400
0.006918192
0.006916523
0.000874758
0.007030249
0.006659031
0.006697893
0.006639481
0.006846666
0.006710529
0.006685734
0.006827354
0.006855488
0.000861645
0.006970406
0.006778717
0.006721497
0.006676435
0.006640911
0.006704330
0.006844521
0.006827116
0.006811142
0.000985146
0.006971121
0.006677151
0.006822109
0.006899357
0.006840944
0.007014513
0.007337570
0.007156610
0.007237434
0.000988722
0.007100582
0.006757736
0.006683350
0.006677389
0.006918669
0.006917238
0.006920576
0.007111073
0.007126331
0.000938177
0.006989717
0.006715775
0.006877661
0.006878376
0.006957054
0.007177353
0.007334232
0.007291079
0.007290602
0.000963688
0.006946325
0.006678820
0.006681442
0.006662607
0.006671667
0.006796598
0.007137775
0.007148027
0.007272482
0.001180649
0.006998539
0.006893158
0.006663561
0.006644011
0.006778002
0.006806612
0.006785870
0.006824493
0.006816149
0.000877380
0.006996155
0.006763935
0.007215023
0.007082701
0.007434845
0.007413149
0.007010937
0.007009268
0.007183075
0.001070023
0.007033587
0.006729364
0.006736755
0.006744623
0.006787062
0.007233381
0.007195711
0.007219315
0.007275343
0.000966072
0.007019997
0.006738663
0.006702423
0.006668329
0.007051468
0.007077217
0.007105112
0.007250786
0.007253647
0.000972509
0.007029772
0.006719589
0.006668091
0.007104874
0.006982565
0.006983519
0.007222891
0.007264853
0.007224798
0.001008987
0.007074356
0.006714106
0.006690264
0.006772041
0.006808519
0.007260323
0.007266760
0.007280588
0.007298231
0.000963449
0.006970644
0.006689310
0.006693840
0.006668329
0.006704569
0.007249594
0.007310629
0.007299423
0.007288218
0.001016140
0.007010460
0.006650925
0.006673098
0.006797314
0.006641865
0.006812572
0.006803751
0.006929159
0.006844759
0.000893831
0.006970882
0.006783247
0.006683350
0.006826401
0.006764889
0.006800175
0.006778002
0.006838560
0.006831408
0.000936985
0.006933928
0.006649494
0.006639957
0.006671906
0.006786823
0.006800175
0.006793499
0.006833792
0.006811142
0.000894785
0.007061958
0.006683111
0.006691217
0.006724596
0.006842613
0.007056475
0.007076979
0.007144213
0.007150650
0.000936031
0.007188082
0.006737947
0.006695509
0.006742716
0.006730556
0.006757498
0.006794214
0.006813288
0.006812096
0.000946999
0.007105827
0.006864071
0.006985664
0.007498026
0.007373571
0.007373095
0.007321596
0.007313728
0.007287264
0.000946283
0.007007122
0.006730556
0.006695032
0.006755590
0.007145405
0.007076502
0.006963015
0.006896496
0.006841898
0.000921488
0.007053614
0.006701231
0.006743193
0.006865263
0.006747723
0.006783724
0.006824493
0.006852865
0.006892681
0.000953197
0.006982327
0.006697178
0.006634951
0.006693602
0.006789923
0.006813526
0.006816626
0.006873369
0.006872177
0.000907183
0.006983519
0.006681204
0.006776333
0.006794691
0.006953478
0.006877899
0.007076502
0.007099152
0.007136583
0.001538754
0.006975174
0.006688118
0.006706476
0.006805182
0.006796360
0.007169485
0.007138729
0.007249594
0.007299423
0.000935793
0.007002115
0.006690025
0.006677389
0.006847620
0.007083654
0.007100344
0.007254601
0.007293940
0.007289886
0.000949383
0.007021904
0.006700516
0.006692171
0.006814480
0.007239580
0.007320881
0.007267952
0.007326126
0.007288694
0.000948668
0.007298946
0.006809711
0.006852150
0.006942272
0.006896496
0.006953001
0.007159948
0.007167339
0.007279873
0.000943422
0.006950140
0.006685495
0.006661177
0.006800652
0.006719589
0.006800413
0.006818056
0.006811619
0.006858826
0.000925064
0.006940603
0.006664276
0.006639957
0.006723881
0.006710291
0.007030725
0.006821632
0.006786108
0.006822348
0.000987768
0.006983280
0.006653547
0.006676674
0.006664276
0.006732702
0.006828308
0.006790876
0.006807327
0.006829023
0.000913382
0.007026434
0.006673574
0.006703377
0.006828785
0.006802559
0.007016182
0.006988764
0.007081509
0.007166147
0.001393795
0.006977320
0.006680727
0.006711960
0.006723642
0.006669998
0.007092953
0.007064342
0.007117510
0.007234335
0.001163960
0.007065296
0.006747961
0.006730556
0.006718636
0.007243633
0.007328033
0.007205725
0.006935596
0.006939411
0.000905752
0.007089376
0.006798983
0.006744146
0.006638527
0.006685495
0.006728411
0.006817579
0.006805897
0.006856918
0.000941515
0.006969213
0.006698370
0.006711483
0.006773710
0.006783247
0.006727219
0.006815910
0.006799936
0.006812334
0.000924826
0.007013083
0.006761312
0.006681442
0.006641626
0.006890059
0.006819487
0.006818533
0.006824255
0.006824255
0.001087189
0.007046461
0.006693840
0.006724119
0.006722450
0.006769657
0.007099628
0.007133961
0.007144690
0.007237673
0.001187801
0.006963253
0.006730795
0.006716728
0.006886721
0.006889820
0.006937265
0.007173777
0.007186413
0.007213354
0.001173735
0.007202625
0.006785631
0.006698608
0.006774426
0.006884098
0.007310867
0.007314682
0.007296324
0.007290602
0.000992775
0.007286787
0.006750345
0.006665468
0.006621122
0.006793737
0.006809711
0.006884575
0.006873608
0.006852627
0.000881195
0.007058382
0.006700993
0.006669283
0.006676435
0.006765127
0.006935596
0.006772757
0.006839514
0.006835699
0.001001835
0.006970644
0.006682396
0.006646395
0.006629944
0.006657600
0.006772995
0.006782532
0.006772518
0.006800175
0.001082659
0.007119179
0.006857872
0.006679773
0.006735563
0.006737947
0.006798267
0.006804466
0.006820679
0.006801367
0.000903606
0.006927729
0.006640434
0.006644964
0.006722689
0.007020712
0.007066250
0.007083416
0.007275581
0.007150888
0.000961304
0.006989956
0.006689787
0.006662130
0.006668806
0.006681442
0.007112980
0.007131100
0.007162809
0.007290363
0.001072168
0.006978035
0.006723881
0.006715059
0.006890535
0.006865978
0.007004261
0.007230043
0.007240057
0.007301807
0.001022100
0.007031202
0.006653309
0.006695271
0.006651402
0.006700039
0.006802797
0.006818295
0.006841660
0.006809473
0.000999689
0.006940842
0.006683826
0.006762266
0.006650925
0.006830215
0.006835222
0.006824970
0.006854296
0.006854534
0.000904083
0.006975412
0.006813288
0.006898165
0.006877661
0.006790876
0.006985664
0.006873369
0.006990433
0.006863356
0.001024961
0.007072687
0.006736279
0.006722450
0.006819010
0.006808758
0.006904840
0.007149458
0.007184982
0.007222891
0.001029253
0.007057667
0.006696701
0.006793499
0.006867886
0.006948233
0.006938219
0.007214069
0.007192373
0.007025957
0.000952959
0.007072926
0.006680250
0.006662369
0.006721020
0.006786108
0.006795406
0.006803989
0.006832600
0.006821632
0.000890970
0.007021666
0.006675720
0.006641150
0.006658077
0.006764412
0.006832123
0.006853342
0.006844521
0.006822824
0.000899553
0.006946325
0.006704569
0.006636858
0.006702662
0.006779194
0.006778955
0.006805420
0.006840229
0.006837606
0.000933647
0.007535458
0.006767750
0.006836891
0.006793737
0.006872416
0.006986380
0.006949902
0.007206917
0.007132292
0.000991106
0.006949425
0.006644011
0.006736279
0.006644726
0.006731987
0.006953716
0.006892443
0.007001162
0.006965399
0.000960350
0.006950378
0.006690025
0.006648779
0.006690264
0.006757975
0.006687164
0.006870031
0.006884813
0.006893396
0.000908375
0.007053614
0.006658316
0.006655931
0.006638288
0.006680727
0.006889343
0.006822824
0.006834269
0.006860256
0.000951052
0.006932020
0.006661654
0.006649971
0.006649494
0.006640911
0.006854296
0.006807327
0.006815195
0.006931782
0.001038074
0.007069826
0.006736755
0.006682158
0.006677866
0.006652355
0.007142544
0.007124901
0.007169247
0.007289410
0.001064301
0.007006884
0.006744385
0.006653070
0.006667614
0.006765127
0.007182837
0.007134438
0.007285833
0.007340431
0.001099348
0.007142782
0.006792068
0.006741524
0.006668329
0.006885767
0.007133007
0.007090807
0.007193327
0.007202864
0.000931501
0.007122040
0.006699324
0.006757259
0.006890535
0.006955624
0.007030964
0.006862164
0.006845951
0.006855965
0.001003504
0.007008791
0.006690979
0.006688595
0.006641388
0.006809235
0.006815672
0.006801367
0.006842852
0.006829739
0.000896692
0.007056475
0.006694555
0.006672859
0.006660461
0.006872177
0.007156134
0.007146597
0.007272720
0.007303953
0.000950336
0.006999493
0.006724358
0.006699085
0.006714106
0.007045746
0.007165432
0.007187843
0.007242203
0.007386446
0.001177788
0.007344961
0.006859064
0.006719351
0.006697416
0.006876707
0.006842375
0.006983757
0.007177830
0.007193089
0.000941038
0.007053375
0.006760597
0.006685734
0.006866693
0.006870747
0.006805420
0.006715536
0.006804466
0.006735563
0.001063824
0.006951332
0.006686926
0.006724119
0.006638765
0.006681919
0.006913424
0.006817818
0.006987810
0.006914854
0.000995636
0.007251024
0.006769419
0.006717443
0.006684065
0.006666899
0.007391214
0.007395506
0.007349730
0.007308245
0.000962734
0.006961823
0.006700039
0.006846666
0.006990910
0.007043839
0.007050753
0.006984949
0.006933451
0.006872892
0.001193047
0.006988287
0.006722212
0.006675959
0.006690741
0.006711960
0.006701708
0.006835222
0.006816149
0.006845236
0.001111746
0.007232666
0.006860971
0.006731987
0.006785393
0.007100821
0.007128954
0.007215738
0.007311344
0.007286310
0.001002550
0.010704279
0.006725311
0.006694794
0.006682396
0.006969213
0.007098198
0.007143259
0.007262707
0.007255316
0.000927210
0.007022619
0.006698608
0.006849289
0.006734371
0.006812096
0.007237911
0.007224798
0.007173538
0.007055759
0.001305819
0.007073402
0.006755114
0.006722689
0.006765604
0.006851673
0.007160425
0.006832600
0.006957293
0.006864071
0.001111269
0.007053852
0.006702423
0.006756306
0.006780386
0.006868601
0.007384539
0.007289886
0.007388353
0.007352114
0.001422644
0.007018805
0.006765842
0.006795883
0.006828070
0.007023811
0.006901741
0.006984472
0.007354975
0.007267952
0.001285076
0.007006645
0.006773949
0.006720543
0.006694555
0.006744623
0.006730795
0.006803513
0.006821156
0.006818533
0.001120806
0.006953478
0.006833553
0.006747007
0.006704092
0.006953716
0.007012844
0.007163525
0.007254601
0.007320642
0.000952721
0.007039547
0.006675005
0.006685019
0.006799698
0.007088900
0.007107973
0.007087946
0.007367134
0.007283449
0.001199961
0.007039547
0.006731033
0.006667852
0.006717443
0.006645203
0.006766319
0.006804705
0.006855726
0.006838322
0.000979185
0.006965876
0.006679535
0.006707668
0.006946564
0.006925344
0.006889582
0.006847620
0.006787539
0.006799459
0.000949860
0.007609367
0.006837606
0.006762028
0.006752729
0.006914854
0.007366896
0.007420063
0.007350922
0.007401228
0.001164436
0.006929636
0.006696939
0.006759882
0.006719589
0.006706476
0.006789446
0.006800652
0.006868601
0.006807566
0.001065016
0.006970882
0.006668568
0.006724358
0.006858826
0.006875515
0.006906986
0.006864786
0.006843567
0.006830454
0.000886202
0.007056236
0.006685019
0.006662369
0.006711245
0.006803036
0.006884575
0.006808758
0.006844044
0.006836414
0.001020908
0.007002831
0.006669521
0.006780148
0.006725073
0.006783485
0.006734610
0.006802320
0.006819010
0.006836891
0.000892878
0.006974936
0.006731749
0.006693363
0.006807566
0.007073879
0.007082224
0.007310629
0.007379532
0.007358789
0.000995398
0.007014751
0.006690502
0.006668568
0.006888866
0.006673574
0.007144451
0.007046461
0.007100105
0.007204294
0.000918865
0.006993294
0.006787777
0.006692886
0.006798983
0.006827593
0.007037163
0.007043123
0.007073402
0.007122755
0.000907421
0.006996632
0.006715059
0.006736517
0.006635189
0.006719589
0.006995440
0.007297993
0.007295609
0.007284403
0.000961781
0.007237911
0.006671667
0.006658554
0.007025003
0.006753683
0.006746054
0.006857157
0.006821871
0.006822586
0.001054049
0.006964207
0.006772041
0.006683111
0.006663561
0.006827116
0.007313013
0.007327557
0.007291555
0.007319689
0.001172543
0.007030964
0.006661892
0.006742001
0.006705523
0.006751776
0.006897688
0.006903887
0.006886482
0.006894588
0.001144648
0.006971121
0.006818533
0.006704330
0.006837845
0.006885052
0.006958246
0.006844044
0.006872177
0.006834745
0.001038790
0.007098913
0.006656408
0.006668568
0.006650209
0.006903410
0.006869316
0.006805658
0.006854773
0.006844759
0.000876665
0.007097006
0.006733894
0.006780863
0.006980896
0.007078886
0.007077456
0.007252455
0.007315159
0.007288933
0.000990391
0.007047176
0.006886244
0.006756067
0.006729841
0.006779909
0.007229805
0.007387877
0.007324696
0.007290125
0.001022339
0.006961107
0.006655693
0.006651402
0.006697655
0.006658077
0.007006407
0.006837130
0.006814718
0.006855249
0.001298666
0.006969929
0.006694317
0.006646872
0.006754875
0.006757975
0.006956339
0.006885290
0.006906033
0.006809950
0.000861645
0.007153034
0.006697178
0.006766081
0.006707191
0.006691217
0.007268190
0.007209778
0.007284880
0.007311344
0.001088858
0.007091761
0.006652832
0.006697416
0.006704092
0.006647587
0.006981373
0.007290602
0.007295847
0.007303953
0.001015902
0.007071972
0.006730318
0.006831884
0.006678820
0.006657600
0.006731272
0.006759167
0.006765366
0.006832123
0.000982761
0.006984949
0.006706715
0.006649733
0.006899118
0.006960630
0.007004499
0.007292986
0.007274866
0.007210016
0.001134634
0.006994486
0.006699085
0.006699324
0.006839752
0.006881714
0.006972075
0.007075787
0.007064581
0.007093668
0.000997305
0.006967068
0.006664753
0.006649256
0.006751537
0.006766319
0.006750345
0.006817341
0.006838083
0.006988287
0.001067400
0.007071733
0.006708145
0.006664753
0.006686687
0.006874323
0.007362366
0.007337332
0.007046938
0.006941080
0.000930548
0.006958723
0.006726027
0.006650925
0.006682873
0.006717682
0.006738186
0.006822586
0.006816626
0.006818533
0.001112700
0.007006407
0.006742954
0.006643295
0.006649256
0.006690025
0.006806135
0.006855726
0.006827593
0.006821871
0.000885963
0.006934166
0.006638050
0.006726742
0.006962776
0.007147312
0.007284164
0.007237434
0.007293940
0.007423639
0.001076698
0.006998062
0.006707430
0.006722450
0.006688118
0.006641865
0.006866693
0.006809473
0.006794930
0.006846189
0.001032591
0.006998777
0.006708384
0.006746531
0.007091522
0.007039309
0.007151842
0.007201195
0.007245779
0.007160425
0.001212597
0.007288218
0.006665230
0.006678820
0.006970406
0.006750822
0.006800413
0.006738186
0.006796360
0.006743908
0.000929117
0.006958961
0.006680012
0.006666183
0.006673574
0.006661177
0.007113934
0.007123709
0.007178307
0.007298470
0.000927925
0.006960392
0.006700039
0.006707907
0.006774426
0.006787539
0.006829500
0.006865025
0.006852150
0.006900787
0.001229525
0.007053375
0.006762981
0.006667852
0.006750107
0.006773710
0.006783485
0.006814480
0.006826878
0.006828785
0.001081944
0.006985903
0.006669998
0.006692410
0.006650209
0.006750822
0.006786346
0.006788969
0.006796122
0.006872177
0.001100779
0.007170677
0.006759882
0.006681681
0.006800413
0.006797552
0.007117033
0.007117748
0.007162571
0.007297277
0.001008511
0.007122278
0.006720066
0.006685734
0.006786346
0.006826878
0.006751299
0.006805182
0.006791592
0.006828785
0.001278162
0.006966591
0.006655693
0.006680489
0.006682873
0.006691217
0.006680012
0.006783009
0.006796122
0.006828308
0.000903845
0.007228613
0.006764412
0.006668568
0.006726980
0.006731987
0.006702185
0.006798983
0.006834745
0.006827831
0.000995159
0.007138014
0.006695747
0.006682873
0.007039309
0.007120132
0.007135868
0.007264614
0.007284403
0.007282257
0.000957966
0.006970167
0.006696224
0.006824970
0.006790400
0.006830931
0.007127047
0.007211447
0.007219315
0.007246017
0.000980854
0.007005453
0.006688595
0.006672859
0.006708145
0.006790638
0.007124424
0.007130623
0.007024288
0.007004499
0.000983477
0.007057428
0.006700754
0.006653786
0.006821871
0.006932497
0.006834745
0.006788969
0.006831408
0.006834030
0.000921249
0.006944418
0.006647587
0.006763220
0.006623507
0.006700277
0.006904602
0.006834269
0.006803274
0.006822824
0.000880480
0.007103205
0.006865501
0.006792307
0.006850958
0.007382870
0.007205009
0.007023811
0.006896734
0.007075548
0.001057386
0.007009745
0.006771088
0.006667614
0.006709337
0.006784439
0.007211924
0.007184505
0.007226944
0.007218838
0.001204014
0.007057190
0.006701946
0.006725788
0.007140398
0.007023096
0.007069111
0.006894827
0.006968737
0.006897211
0.000965357
0.007022381
0.006667614
0.006755829
0.006674290
0.006700754
0.006674528
0.006791115
0.006788015
0.006800652
0.000969172
0.006946802
0.006704092
0.006709099
0.006692648
0.006826401
0.006844997
0.006813288
0.006829739
0.006843328
0.001108408
0.007363081
0.006952047
0.006758213
0.006971121
0.007273674
0.007333994
0.007327080
0.007313251
0.007373810
0.001050472
0.007197618
0.006812572
0.006763935
0.006962776
0.006924391
0.007265329
0.007346869
0.007304430
0.007341862
0.000962973
0.007317543
0.006711483
0.006898403
0.006765842
0.006740570
0.006960154
0.006823063
0.006906509
0.006839752
0.001055956
0.006955147
0.006795406
0.006670475
0.006717205
0.006678820
0.006847620
0.006891966
0.006868839
0.006964922
0.001126528
0.006979942
0.006831408
0.006695032
0.006761074
0.006697655
0.007315874
0.007287264
0.007258415
0.007388592
0.001013756
0.007427692
0.006650209
0.006680727
0.006898403
0.006798029
0.006924152
0.006836414
0.006826401
0.006891012
0.000928640
0.007043123
0.006776571
0.006706238
0.006869316
0.006888390
0.006856441
0.006865978
0.006880999
0.006878376
0.000958204
0.006940842
0.006725550
0.006750822
0.006691217
0.006658077
0.006983519
0.006965637
0.007212877
0.007153511
0.000980854
0.007070303
0.006687641
0.006667852
0.006664038
0.006669044
0.007376909
0.007161140
0.007122040
0.007203817
0.000966787
0.007234812
0.006744385
0.006711960
0.006702900
0.006757259
0.006979942
0.006938934
0.006944895
0.007037878
0.000933409
0.007019758
0.006689548
0.006661654
0.006659985
0.006889105
0.006844282
0.006827354
0.006862164
0.006833553
0.000952721
0.006977797
0.006754875
0.006649256
0.006691456
0.006780624
0.006822109
0.006810188
0.006823778
0.006816387
0.000887394
0.007096291
0.006710768
0.006734371
0.006748438
0.006790638
0.007055759
0.007210016
0.007208586
0.007277727
0.000968695
0.006979942
0.006682158
0.006731033
0.006739616
0.006679058
0.007010460
0.007085085
0.007068157
0.007243633
0.000927448
0.007009983
0.006692886
0.006786346
0.006861210
0.007227898
0.007237911
0.007272482
0.007286549
0.007294655
0.000967264
0.007127285
0.006698847
0.006690741
0.006724119
0.006813288
0.006844997
0.006822109
0.006856203
0.006826878
0.000885963
0.006960154
0.006716490
0.006638288
0.006846905
0.006847143
0.006952763
0.006823063
0.006852865
0.006820917
0.000880003
0.006990433
0.006794930
0.006651402
0.006646633
0.006768227
0.006771088
0.006806612
0.006789207
0.006821871
0.000911951
0.007013321
0.006792307
0.006901503
0.006792545
0.006728411
0.007037878
0.007101774
0.007147551
0.007205248
0.000919342
0.007132292
0.006721497
0.006756067
0.006977558
0.006842613
0.006878376
0.007157326
0.007178545
0.007172108
0.001030684
0.007149458
0.006777763
0.006767273
0.007120132
0.006974936
0.006997824
0.007164955
0.007330656
0.007272005
0.001141071
0.007010698
0.006710768
0.006640673
0.006651163
0.006630659
0.006760120
0.006791592
0.006788015
0.006828785
0.000879765
0.006981134
0.006660461
0.006654739
0.006928921
0.006798744
0.006776571
0.006855011
0.006818533
0.006817102
0.000859022
0.007017612
0.006690502
0.006720543
0.006722689
0.006706715
0.007239580
0.007232666
0.007219076
0.007270336
0.001032352
0.007052660
0.006701708
0.006683826
0.006695986
0.007134199
0.007204533
0.007168531
0.007293463
0.007303476
0.000965357
0.006979227
0.006685019
0.006670952
0.006721973
0.006802082
0.007161617
0.007109880
0.007190228
0.007285833
0.001068592
0.006985664
0.006695986
0.006708145
0.006744862
0.006711245
0.006720543
0.006793737
0.006797552
0.006788731
0.001024723
0.006946564
0.006697178
0.006644487
0.006799459
0.006704569
0.006805897
0.006812334
0.006806612
0.006829262
0.001043558
0.006939650
0.006675482
0.006684780
0.006683588
0.006653309
0.006831408
0.006793737
0.006783247
0.006839514
0.000955582
0.007030487
0.006695986
0.006694555
0.006929874
0.007021189
0.006975889
0.007249594
0.007258892
0.007275105
0.001056671
0.007046223
0.006669521
0.006671667
0.006783247
0.007060051
0.007045269
0.007089853
0.007224321
0.007252455
0.000921726
0.007091522
0.006686449
0.006682158
0.006747484
0.007209778
0.007236242
0.007143259
0.006913424
0.006914377
0.001085997
0.007328510
0.006924868
0.006759167
0.006884336
0.006721020
0.006703854
0.006904364
0.006798267
0.006822824
0.000923157
0.007019520
0.006659269
0.006681442
0.006635666
0.006661892
0.006780148
0.006778955
0.006782055
0.006866693
0.000951767
0.007091999
0.006789207
0.006717920
0.006904364
0.006887197
0.006989002
0.007143259
0.007168055
0.007177591
0.000931263
0.007025957
0.006682396
0.006677151
0.006661654
0.007143497
0.007225990
0.007199764
0.007287979
0.007302999
0.000954390
0.007008791
0.006710768
0.006735086
0.006871223
0.006919146
0.007008314
0.007059097
0.007182121
0.007070541
0.000937462
0.006991863
0.006716251
0.006724834
0.006663084
0.006688595
0.006789207
0.006784916
0.006803989
0.006888628
0.001244068
0.006949902
0.006694794
0.006638050
0.006689310
0.006636858
0.006781340
0.006797552
0.006791830
0.006819725
0.000877857
0.006946802
0.006685734
0.006688356
0.006732464
0.006755352
0.006738424
0.006788015
0.006822586
0.006781816
0.000993252
0.007065296
0.006718874
0.006707668
0.006717443
0.006855011
0.006845474
0.006982327
0.007197618
0.007193327
0.001120806
0.007081747
0.006803513
0.006720304
0.006798029
0.006838799
0.007217169
0.007194281
0.007283211
0.007429838
0.000994682
0.007007122
0.006793022
0.006705999
0.006685734
0.006831646
0.007118940
0.007119656
0.007296324
0.007295847
0.000948429
0.007272243
0.006815434
0.006831169
0.006972313
0.007005215
0.007106066
0.006911993
0.006867409
0.006859303
0.000982285
0.007115126
0.006695747
0.006643057
0.006692171
0.006638050
0.006861925
0.006793261
0.006801128
0.006833315
0.001117945
0.007019520
0.006801367
0.006655693
0.006679296
0.006808281
0.006870985
0.006919146
0.006888390
0.006871223
0.001016617
0.007003069
0.006641150
0.006640673
0.006635427
0.006676197
0.007050037
0.007073402
0.007118225
0.007263660
0.000928879
0.007195711
0.006711006
0.006802320
0.006981611
0.006954193
0.007081509
0.007281780
0.007282257
0.007276773
0.001047373
0.007019997
0.006768465
0.006726503
0.006742477
0.006722689
0.007236719
0.007274866
0.007272959
0.007303238
0.000974178
0.006997824
0.006730556
0.006804228
0.006711960
0.006878614
0.007247210
0.007173300
0.007257938
0.007291794
0.000945091
0.006979942
0.006675482
0.006734610
0.006890774
0.006759405
0.006865740
0.006838322
0.006826878
0.006811619
0.000957966
0.006971121
0.006647110
0.006637335
0.006704092
0.006724358
0.006717443
0.006803036
0.006819963
0.006812096
0.000895023
0.006947041
0.006647825
0.006664038
0.006668806
0.006618500
0.006806374
0.006807566
0.006815910
0.006857157
0.001154900
0.007008076
0.006685495
0.006684542
0.007145405
0.007018328
0.006998777
0.007121801
0.007201433
0.007197380
0.000952482
0.006975412
0.006672144
0.006687403
0.006887436
0.006726742
0.007039547
0.007137299
0.007122040
0.007283688
0.000977278
0.006977558
0.006709099
0.006717920
0.006911755
0.007027388
0.007017374
0.007176876
0.007197380
0.007210732
0.000969410
0.007023096
0.006721973
0.006714582
0.006665230
0.006768227
0.007218122
0.007268190
0.007225513
0.007287264
0.000970602
0.006996155
0.006696224
0.006674528
0.006822824
0.007193089
0.007159233
0.007357836
0.007321358
0.007288456
0.000933886
0.007221937
0.006788015
0.006732225
0.006956816
0.007198572
0.007208109
0.007298708
0.007305861
0.007299900
0.000953197
0.007174969
0.006813526
0.006752014
0.006755829
0.006822109
0.006852388
0.006826878
0.006840944
0.007068396
0.001467228
0.006965160
0.006668329
0.006653786
0.006868124
0.007014990
0.007022381
0.007194042
0.007231712
0.007222176
0.000946999
0.007028341
0.006726742
0.006729603
0.006740093
0.006876230
0.007100582
0.007148266
0.007139683
0.007416725
0.001079082
0.007094145
0.006690025
0.006698370
0.006914616
0.006908655
0.006963015
0.007168055
0.007168055
0.007180452
0.001204491
0.007140636
0.006769657
0.006718636
0.006625175
0.006670475
0.006751060
0.006754398
0.006894588
0.006901979
0.001055002
0.007012844
0.006699085
0.006709337
0.006899595
0.006717443
0.007172346
0.007133722
0.007136345
0.007288933
0.000968218
0.006975174
0.006721973
0.006711483
0.006660700
0.006736279
0.006807566
0.006793022
0.006901741
0.006867886
0.000945330
0.006986141
0.006871700
0.006762743
0.006659031
0.006736994
0.006903648
0.006805182
0.006884336
0.006862402
0.001099348
0.007004738
0.006680012
0.006676674
0.006967068
0.006968737
0.006974459
0.007147312
0.007163048
0.007164955
0.001033783
0.006942034
0.006666660
0.006634951
0.006669521
0.006830215
0.006825686
0.006847143
0.006845474
0.006845474
0.000885487
0.007150412
0.006736517
0.006873608
0.006719112
0.006785631
0.007191181
0.007236242
0.007186174
0.006958485
0.001091242
0.007494450
0.006679296
0.006776094
0.006700754
0.006871462
0.006845474
0.006834507
0.006859064
0.006822586
0.000949383
0.006965637
0.006720781
0.006700277
0.006728649
0.006778240
0.006798744
0.006804705
0.006873131
0.006915092
0.001168728
0.007030010
0.006687641
0.006701708
0.007065296
0.007149220
0.007121563
0.007280588
0.007305622
0.007272482
0.000939608
0.007037401
0.006793022
0.006767273
0.006846905
0.006703377
0.006722927
0.006801844
0.006796598
0.006797552
0.000885963
0.006971598
0.006688356
0.006757736
0.006705284
0.006721258
0.006859779
0.006810188
0.006874323
0.006832600
0.001020908
0.007030964
0.006668568
0.006736517
0.006788254
0.006830454
0.006940365
0.006831169
0.006849051
0.006803274
0.001235962
0.007026672
0.006794691
0.006882668
0.006784916
0.006708384
0.006772995
0.006851196
0.007144928
0.007120848
0.000908852
0.007028818
0.006760597
0.006758451
0.006710291
0.006980419
0.007271051
0.007248402
0.007395267
0.007297039
0.001063108
0.007010937
0.006690025
0.006699324
0.006775379
0.006711245
0.006741762
0.006807566
0.006781578
0.006795406
0.000954628
0.007211447
0.006710768
0.006705761
0.006696463
0.006889582
0.006855011
0.006829500
0.006903648
0.006900549
0.001492023
0.007034779
0.006746769
0.006698608
0.006676912
0.006809950
0.007157564
0.007122278
0.007243156
0.007284641
0.000985384
0.006998777
0.006690025
0.006673336
0.006931305
0.006919622
0.006932497
0.007187366
0.007232189
0.007212162
0.001047134
0.007061481
0.006748915
0.006684780
0.006852150
0.006753206
0.007047176
0.007075071
0.007034779
0.006896734
0.000948191
0.007025242
0.006711483
0.006644249
0.006693602
0.006702185
0.006750584
0.006911516
0.006906986
0.006908178
0.001074076
0.006923914
0.006649256
0.006633043
0.006795645
0.006755352
0.006823540
0.006832600
0.006835938
0.006837845
0.000928402
0.006999254
0.006692886
0.006681442
0.006703854
0.006730318
0.006846666
0.006794453
0.006800413
0.006830931
0.000941992
0.006964922
0.006644249
0.006736517
0.006918907
0.006775379
0.006998062
0.007097483
0.007102489
0.007182598
0.000934124
0.007177114
0.006712675
0.006682634
0.006769657
0.006915331
0.007246256
0.007244825
0.007274628
0.007298946
0.000985622
0.006970406
0.006719112
0.006732941
0.006833076
0.006814480
0.006969452
0.007133722
0.007141352
0.007186890
0.000980616
0.007010937
0.006706238
0.006701946
0.006680250
0.006735325
0.006943226
0.007057905
0.007044315
0.007142305
0.000953913
0.007011652
0.006654739
0.006647587
0.006643534
0.006820440
0.006787777
0.006813526
0.006984472
0.006873131
0.000899792
0.007223368
0.006742716
0.006679296
0.006680489
0.006768703
0.006846666
0.006800175
0.006838560
0.006856441
0.000945091
0.006988525
0.006690979
0.006702900
0.006664038
0.006643534
0.006720066
0.006776571
0.006800413
0.006787777
0.000880003
0.007000208
0.006656170
0.006692886
0.006693602
0.006696224
0.007240534
0.007323980
0.007307529
0.007279634
0.000952005
0.006993055
0.006700516
0.006712198
0.006690502
0.006738186
0.007203341
0.007146835
0.007178783
0.007275581
0.000993729
0.007052898
0.006762743
0.006806374
0.006834507
0.006941080
0.007338524
0.007318020
0.007297754
0.007311106
0.000935793
0.007029057
0.006639004
0.006640434
0.006753683
0.006820440
0.006841183
0.006966352
0.006842852
0.006824493
0.001028538
0.007030725
0.006706715
0.006689548
0.006690264
0.006682873
0.007172823
0.006795168
0.006797552
0.006819963
0.000861168
0.006937504
0.006724119
0.006644249
0.006663084
0.006643057
0.006786823
0.006870508
0.006864548
0.006902218
0.000937939
0.006945133
0.006648540
0.006623030
0.006620646
0.006802082
0.007016182
0.006819963
0.006824493
0.006834745
0.000930786
0.006946802
0.006647587
0.006684780
0.006632805
0.006641626
0.006718636
0.006796837
0.006784201
0.006799221
0.001173973
0.007063389
0.006717443
0.006763935
0.006691933
0.007128716
0.007201195
0.007206678
0.007287979
0.007307768
0.001160622
0.007089853
0.006729364
0.006718159
0.006784439
0.006878853
0.006987810
0.007082462
0.007106304
0.007150650
0.001118183
0.007007599
0.006662369
0.006668568
0.006798029
0.007159472
0.007225513
0.007216215
0.007293940
0.007293463
0.000985861
0.007247210
0.006732702
0.006687880
0.006941080
0.007061958
0.006975174
0.007234097
0.007239342
0.007146835
0.001134157
0.007032394
0.006690741
0.006715059
0.006757975
0.006716490
0.006689072
0.006786108
0.006813765
0.006806850
0.000956297
0.007062674
0.006737471
0.006682158
0.006786108
0.006790876
0.006827831
0.006907940
0.006861687
0.006886959
0.001133442
0.007001162
0.006665468
0.006636381
0.006664515
0.006644487
0.006824493
0.006787300
0.006791353
0.006849766
0.000876427
0.007097006
0.006690264
0.006682634
0.006701708
0.006980658
0.007108688
0.007082701
0.007216930
0.007216692
0.001027584
0.007055044
0.006707668
0.006725073
0.006768227
0.006666899
0.007139921
0.007143974
0.007172346
0.007302523
0.001027584
0.007028341
0.006702662
0.006659746
0.006701708
0.007099867
0.007081270
0.007052183
0.007112265
0.007107019
0.000961065
0.007093906
0.006761551
0.006717920
0.006835699
0.006828785
0.006927252
0.007228851
0.007220268
0.007268667
0.000951052
0.007152796
0.006740332
0.006703377
0.006963015
0.006923199
0.006982327
0.006882668
0.006927967
0.006893635
0.000912905
0.006977081
0.006741285
0.006650925
0.006817102
0.006780624
0.006778240
0.006856918
0.006865978
0.006937265
0.001042604
0.007400751
0.006797791
0.006732464
0.006884098
0.006900311
0.006924152
0.007114887
0.007098675
0.007191420
0.001002073
0.007024050
0.006741524
0.006774426
0.006711483
0.007036686
0.007387400
0.007210016
0.007353306
0.007318497
0.001175642
0.007017136
0.006675959
0.006677389
0.006700754
0.006914377
0.006912231
0.006893396
0.006915569
0.006886959
0.001305580
0.007258177
0.006717205
0.006759882
0.006813765
0.007075548
0.007165194
0.007163286
0.007318258
0.007243395
0.001455307
0.007046700
0.006797552
0.006892443
0.007022619
0.007164240
0.007106543
0.007414818
0.007403612
0.007297754
0.001178741
0.007080078
0.006740332
0.006718397
0.006656647
0.006839752
0.007145882
0.007221460
0.006994247
0.006945133
0.001067162
0.007012367
0.006785393
0.006651640
0.006742716
0.006861210
0.006736279
0.006746769
0.006731033
0.006866693
0.000963926
0.007098675
0.006695986
0.006671429
0.006742954
0.006901026
0.007205486
0.007211208
0.007330656
0.007334948
0.000933886
0.007017612
0.006798983
0.006900549
0.007066965
0.007026911
0.007093906
0.007070303
0.007171392
0.007317781
0.000955105
0.006941319
0.006799936
0.006679296
0.006848097
0.006698370
0.006783009
0.006713867
0.006782770
0.006927252
0.000930786
0.006997347
0.006801605
0.006798267
0.006713390
0.006887197
0.006851196
0.006842613
0.006867886
0.006885767
0.000906467
0.007060051
0.006673336
0.006763458
0.006761312
0.006733656
0.007042885
0.007018089
0.007144451
0.007143736
0.000970840
0.007311106
0.006787300
0.006753206
0.006824255
0.006698132
0.007234335
0.007110834
0.007161140
0.007315874
0.000957966
0.007086754
0.006755590
0.006713629
0.006681442
0.006676197
0.007068396
0.007284164
0.007205009
0.006989241
0.000953674
0.007063627
0.006962776
0.006853580
0.006922722
0.006819487
0.006729126
0.006686926
0.006747484
0.006831646
0.001225471
0.007055521
0.006656647
0.006649017
0.006648779
0.006759882
0.006784439
0.006788254
0.006824017
0.006822824
0.001036406
0.007019997
0.006634712
0.006625414
0.006627798
0.006675005
0.006799936
0.006800413
0.006850719
0.006850481
0.000947714
0.006961584
0.006684542
0.006662130
0.006965637
0.007015944
0.007029057
0.007242203
0.007262230
0.007252455
0.000981092
0.007023811
0.006681919
0.006687164
0.006716967
0.007284403
0.007334948
0.007297277
0.007282019
0.007273436
0.001172543
0.007035971
0.006675005
0.006816387
0.006922245
0.006754637
0.007185936
0.007188082
0.007570505
0.007327318
0.000987053
0.007004499
0.006698847
0.006671906
0.006686687
0.006816864
0.007164955
0.007168531
0.006992579
0.006899357
0.000971317
0.007053137
0.006645441
0.006632090
0.006646395
0.006649017
0.006763935
0.006796598
0.006797791
0.006808281
0.001005173
0.007145643
0.006776571
0.006687641
0.006701231
0.006736517
0.006702662
0.006801367
0.006815672
0.006830931
0.000890493
0.006988764
0.006700993
0.006663799
0.006829739
0.006617069
0.006810427
0.006797791
0.006799459
0.006863117
0.000893354
0.007007599
0.006674767
0.006653309
0.006990910
0.006992102
0.007035732
0.007165670
0.007211924
0.007181883
0.000983238
0.006994247
0.006686449
0.006682634
0.006673574
0.006716967
0.007006645
0.007040024
0.007080555
0.007143259
0.000912905
0.007010460
0.006687880
0.006707907
0.006799698
0.007175922
0.007125854
0.007180452
0.007256508
0.007252693
0.001080036
0.006972790
0.006694317
0.006744862
0.006989241
0.007076979
0.007047176
0.007269382
0.007305145
0.007166147
0.000877380
0.007098913
0.006750107
0.006742239
0.006899357
0.006747723
0.006851435
0.006862640
0.006849051
0.006902456
0.001134157
0.007100582
0.006644249
0.006645441
0.006751299
0.006811142
0.006919861
0.006791592
0.006870508
0.006878614
0.000929832
0.007162809
0.006734610
0.006740570
0.006788492
0.007093906
0.007306099
0.007271290
0.007375956
0.007317305
0.001091957
0.006946802
0.006655216
0.006715775
0.006731510
0.006900072
0.006887674
0.006851435
0.006968737
0.006886005
0.001052618
0.006953955
0.006649733
0.006666183
0.006646395
0.006816149
0.006825447
0.006814480
0.006879807
0.006851196
0.000880957
0.006969213
0.006740332
0.006650686
0.006858587
0.006701231
0.006722689
0.006829262
0.006915569
0.006945848
0.000946999
0.007121325
0.006688356
0.006741524
0.006732225
0.006772995
0.007324696
0.007210493
0.007306814
0.007330179
0.001090288
0.006960392
0.006744385
0.006722689
0.006760836
0.006693602
0.006878614
0.006812096
0.006807327
0.006833076
0.001257658
0.006960630
0.006766319
0.006643534
0.007026911
0.006917000
0.006944656
0.007181406
0.007147551
0.007234097
0.000975609
0.007058859
0.006684542
0.006680727
0.006832123
0.007006407
0.007085562
0.007077932
0.007240772
0.007254601
0.000998020
0.007052660
0.006674290
0.006659031
0.006649256
0.006761551
0.007179022
0.007163286
0.007230997
0.007329226
0.001035929
0.006994963
0.006719351
0.006718874
0.007106781
0.007094145
0.007199287
0.006895304
0.006889582
0.006867409
0.000872850
0.006963253
0.006681681
0.006691217
0.006673336
0.006646872
0.006790400
0.006798744
0.006794453
0.006826162
0.000881910
0.006971598
0.006657839
0.006643772
0.006681919
0.006681919
0.006752729
0.006818056
0.006825686
0.006820202
0.000893831
0.006990194
0.006770134
0.006682634
0.006675243
0.006822824
0.007166624
0.007139206
0.007242203
0.007303476
0.001059771
0.007126331
0.006728649
0.006747484
0.006682396
0.006665945
0.006795406
0.006856203
0.006830454
0.006898165
0.001367331
0.007157087
0.006744385
0.006659746
0.006722927
0.006968021
0.007076740
0.007106543
0.007213831
0.007333755
0.000965595
0.006991148
0.006762743
0.006767750
0.006760597
0.006896734
0.006843090
0.006807566
0.006806135
0.006844997
0.001093626
0.007141590
0.006724834
0.006669998
0.006663799
0.006778955
0.006781816
0.006779671
0.006826162
0.006831884
0.000929594
0.007243872
0.006720781
0.006638288
0.006666660
0.006735563
0.006695747
0.006816626
0.006823540
0.006852150
0.000976562
0.007018805
0.006700754
0.006654263
0.006650686
0.006701231
0.007190704
0.007150888
0.007286787
0.007300854
0.000942707
0.007011890
0.006713867
0.006790876
0.006814718
0.006773949
0.006980658
0.007169485
0.007184744
0.007236481
0.001035690
0.007056952
0.006682396
0.006696224
0.006667614
0.006739855
0.006985426
0.006978512
0.007044077
0.007212162
0.000948191
0.007325411
0.006740093
0.006681919
0.006700277
0.007068396
0.007076979
0.007204533
0.007266045
0.007262945
0.000920296
0.007036686
0.006759405
0.006818056
0.006796360
0.006844759
0.007034302
0.007043123
0.007109880
0.007317305
0.001349926
0.007056713
0.006685972
0.006722212
0.006682873
0.006643295
0.006720543
0.006783247
0.006800175
0.006812096
0.001015902
0.006977081
0.006652594
0.006717682
0.006743670
0.006809711
0.006817102
0.006810188
0.006858587
0.006856203
0.000935316
0.007151604
0.006678581
0.006643772
0.006659985
0.006762266
0.007072926
0.007085800
0.007203102
0.007245064
0.000980377
0.006972790
0.006747484
0.006676674
0.006654978
0.007048845
0.007178783
0.007074356
0.007225990
0.007214546
0.001039028
0.006993771
0.006696939
0.006720304
0.006795406
0.006822348
0.006798983
0.007150412
0.007133245
0.007198572
0.000949860
0.007041216
0.006733656
0.006677389
0.007037163
0.007175446
0.007143974
0.007273912
0.007295370
0.007171631
0.001026154
0.006999969
0.006717682
0.006770372
0.006827354
0.006846905
0.006911993
0.007160902
0.007183790
0.006919861
0.001106024
0.007074118
0.006680012
0.006676197
0.006647348
0.006729603
0.006687164
0.006861210
0.006793976
0.006800890
0.000898600
0.006996632
0.006666183
0.006645203
0.006640911
0.006656885
0.006872177
0.006787062
0.006792545
0.006815195
0.000895023
0.007057190
0.006694794
0.006866932
0.006976128
0.006827116
0.007094622
0.007283449
0.007294416
0.007287025
0.001046896
0.007016420
0.006676197
0.006687641
0.006978273
0.007156849
0.006987572
0.007128000
0.007136345
0.007143259
0.000930786
0.006985664
0.006738424
0.006684065
0.007064342
0.007077694
0.007241488
0.007298470
0.007296562
0.007303953
0.001185179
0.007055998
0.006674528
0.006679058
0.006690502
0.006649971
0.006897449
0.006939411
0.007017851
0.006900311
0.001207590
0.006962776
0.006668329
0.006640434
0.006807327
0.006643534
0.006790161
0.006777525
0.006790876
0.006905079
0.000941277
0.007017136
0.006679535
0.006680250
0.007006407
0.006780386
0.006766081
0.006807327
0.006841421
0.006836653
0.000925303
0.006971359
0.006773233
0.006988287
0.006768942
0.006682873
0.006675959
0.006805182
0.006847382
0.006823778
0.000951529
0.007062197
0.006664515
0.006689310
0.006744385
0.007103205
0.007087708
0.007107496
0.007185698
0.007205725
0.000933170
0.007016659
0.006707430
0.006772995
0.007032633
0.006919384
0.007021904
0.007288456
0.007296562
0.007276058
0.000973701
0.006965876
0.006658077
0.006642103
0.006626844
0.006847382
0.006930351
0.006803274
0.006826639
0.006825686
0.001014471
0.006977081
0.006765127
0.006787777
0.006683826
0.006678104
0.007133245
0.007103205
0.007176161
0.007287502
0.000961542
0.006979942
0.006819963
0.006723166
0.006669283
0.007031679
0.007081270
0.007196426
0.006981850
0.007012844
0.000884295
0.007008076
0.006726742
0.006688118
0.006691694
0.006698608
0.006744385
0.006788254
0.006796122
0.006828547
0.000912905
0.006933212
0.006656885
0.006664753
0.006621361
0.006667376
0.007127523
0.007250786
0.007221460
0.007229090
0.000956297
0.007013083
0.006657362
0.006674767
0.006626844
0.006787539
0.006808758
0.006801605
0.006861448
0.006825209
0.000966787
0.007048130
0.006698132
0.006732464
0.007195234
0.007260084
0.007150888
0.007390499
0.007252216
0.007355452
0.001399517
0.007094622
0.006851196
0.006745100
0.006856918
0.006913662
0.006783247
0.006717920
0.006730080
0.006717443
0.001166344
0.006948709
0.006685257
0.006704807
0.006638765
0.006692171
0.007136345
0.006797314
0.006835222
0.006842136
0.001080036
0.006997347
0.006795406
0.006731272
0.006999254
0.007205009
0.007247210
0.007360458
0.007316828
0.007390738
0.000974655
0.007282734
0.006740570
0.006677628
0.007026434
0.006957531
0.006957769
0.007285595
0.007266998
0.007145643
0.001063585
0.007066965
0.006680727
0.006665468
0.006661177
0.006826878
0.007200480
0.007151604
0.006964207
0.006938457
0.001053095
0.006954670
0.006684542
0.006819725
0.006668091
0.006686211
0.006756544
0.006825447
0.006842375
0.006911039
0.001105785
0.007055283
0.006716490
0.006749392
0.007359266
0.007298231
0.007279634
0.007307768
0.007347107
0.007378101
0.001024485
0.006977320
0.006652594
0.006692648
0.006827831
0.006927967
0.006823063
0.006784439
0.006860256
0.006846666
0.000956535
0.007417202
0.006712914
0.006668568
0.006763458
0.006871700
0.007139683
0.007130861
0.006956339
0.006923199
0.000914097
0.007005215
0.006679535
0.006713867
0.006774187
0.006693840
0.006826162
0.006855249
0.006881475
0.006939888
0.001105785
0.007026434
0.006772041
0.006730080
0.006949425
0.006893635
0.007011414
0.007098198
0.007150650
0.007098913
0.000921965
0.006965637
0.006718874
0.007014036
0.006749868
0.006814241
0.007107973
0.007069588
0.007246017
0.007287264
0.001020670
0.007043600
0.006786108
0.006686211
0.006751299
0.006715059
0.006731272
0.007188797
0.006854057
0.006819010
0.000931501
0.007024527
0.006656170
0.006758928
0.006862879
0.007015228
0.006975651
0.006870270
0.006897211
0.006878853
0.001191378
0.007148266
0.006707907
0.006706953
0.006729603
0.006677628
0.007054567
0.007058859
0.007060766
0.007211208
0.001069307
0.007080317
0.006726503
0.006781340
0.007120848
0.007292747
0.007308722
0.006907940
0.006927013
0.006895542
0.000863552
0.007118702
0.006699800
0.006710052
0.006679773
0.006770134
0.006848335
0.006862402
0.006890059
0.006854534
0.001294851
0.007140398
0.006818771
0.007098198
0.007158518
0.007159710
0.007126570
0.007320166
0.007365465
0.007339239
0.001284838
0.007044315
0.006679058
0.006668091
0.006618977
0.006774426
0.006712198
0.006807089
0.006877422
0.007068396
0.001457214
0.007036686
0.006670475
0.006761551
0.006779909
0.006836176
0.006761789
0.006899595
0.006813765
0.006846428
0.001226425
0.006994963
0.006945133
0.006743670
0.006710291
0.006765127
0.007131577
0.007324219
0.007216692
0.007386446
0.000994682
0.006995201
0.006706238
0.006712437
0.006742239
0.006948471
0.006803513
0.006819963
0.006829023
0.006800413
0.001003981
0.006950378
0.006677866
0.006663561
0.006655931
0.006760597
0.007106781
0.007054567
0.007120371
0.007145882
0.000916243
0.007062674
0.006703377
0.006720304
0.006884098
0.006858110
0.007028580
0.007264614
0.007262468
0.007245541
0.000944614
0.007003546
0.006652355
0.006641626
0.006672144
0.006858587
0.006852865
0.006814957
0.006830454
0.006828785
0.000910282
0.007042170
0.006703138
0.006677866
0.006791830
0.007164478
0.007138014
0.007258892
0.007291079
0.007280827
0.001042843
0.006983280
0.006791115
0.006761789
0.006759644
0.007044554
0.007019997
0.007082701
0.007159948
0.007173777
0.000991821
0.006963968
0.006828070
0.006689548
0.006767273
0.006808519
0.006683111
0.006831169
0.006785154
0.006826878
0.001050472
0.006937981
0.006682158
0.006665468
0.006646395
0.006691933
0.006826162
0.006771803
0.006822348
0.006880522
0.000876665
0.006968737
0.006653070
0.006633520
0.006695986
0.006781578
0.006833792
0.006794453
0.006845951
0.006990194
0.001027107
0.007076740
0.006692410
0.006673813
0.006956577
0.007002831
0.007033587
0.007299662
0.007272005
0.007294655
0.000980377
0.007115364
0.006697655
0.006679296
0.006671667
0.007130861
0.007221937
0.007179260
0.007283688
0.007302046
0.000948191
0.007012844
0.006858110
0.006824732
0.006848097
0.006844282
0.006923676
0.007171154
0.007179260
0.007175922
0.000954151
0.007034540
0.007498980
0.006733418
0.006731987
0.006733179
0.007039070
0.007040977
0.007045269
0.007105350
0.000981808
0.006986141
0.006726503
0.006637812
0.006762743
0.006801605
0.006804228
0.006844997
0.006878614
0.006853342
0.000982523
0.007043839
0.006657362
0.006643295
0.006626606
0.006779909
0.006802559
0.006801844
0.006846905
0.006826639
0.000872612
0.006981373
0.006732702
0.006685019
0.006654024
0.007142782
0.007155418
0.007217646
0.007290840
0.007298470
0.000926256
0.007011652
0.006690502
0.006744623
0.007019520
0.006959677
0.007034779
0.007304907
0.007341623
0.007297754
0.000972986
0.007088900
0.006706238
0.006680965
0.006682396
0.006971121
0.007435083
0.007235050
0.006978273
0.006912231
0.000909805
0.007026196
0.006681919
0.006716251
0.006677628
0.006721497
0.006687880
0.006729126
0.006809473
0.006783009
0.001034737
0.006994009
0.006638765
0.006626368
0.006615877
0.006679296
0.006828308
0.006797552
0.006829977
0.006825924
0.000902176
0.006968021
0.006679773
0.006710052
0.006646156
0.006785393
0.007141113
0.007126570
0.007239103
0.007286787
0.000957251
