0.047616720
0.033123732
0.033312082
0.033343554
0.033295155
0.033319235
0.031986237
0.028210163
0.020843506
0.028349400
0.028240442
0.028932571
0.028526068
0.028549910
0.028553724
0.028459072
0.028808117
0.015738249
0.028565884
0.028499603
0.028922319
0.028959513
0.028706789
0.028726101
0.028728008
0.029108524
0.015773535
0.028414488
0.028786421
0.029097319
0.028810263
0.028865814
0.028770685
0.028624773
0.028515816
0.015991449
0.028162479
0.028492212
0.028809309
0.028858662
0.028968573
0.028732538
0.028732300
0.028832197
0.015826225
0.028275490
0.028639793
0.028932095
0.029136896
0.028970957
0.028884649
0.029018879
0.029148579
0.016050577
0.029013395
0.028567076
0.028908491
0.029312134
0.028931856
0.028919220
0.029927492
0.030760050
0.016951799
0.028328896
0.028680325
0.029380322
0.029166698
0.029024839
0.029090405
0.029001236
0.030243397
0.017336130
0.028568983
0.028652906
0.029085398
0.029032707
0.029080391
0.028937340
0.028960228
0.030846596
0.017151833
0.028676510
0.031036139
0.031609297
0.031239986
0.030990601
0.029020309
0.029023409
0.028996706
0.016081572
0.031848669
0.028678179
0.029318333
0.029286146
0.029170752
0.029081821
0.029105663
0.029037714
0.015957594
0.028213978
0.028223991
0.029123783
0.028966427
0.029121399
0.031227589
0.031166315
0.031137228
0.017266035
0.028550863
0.028096199
0.029275656
0.029053926
0.029073238
0.028979540
0.029128313
0.028895378
0.016132832
0.028290510
0.028761387
0.029524565
0.029129028
0.028974056
0.029066563
0.028977156
0.029078007
0.016059160
0.028584957
0.031607628
0.031547308
0.029240608
0.028942823
0.029055357
0.029146194
0.028997421
0.015946388
0.028286695
0.029556274
0.031119347
0.030823708
0.030086994
0.028962851
0.028896332
0.028864622
0.015944242
0.028219700
0.028410435
0.029307365
0.029125929
0.028935432
0.028892756
0.030453205
0.030984879
0.017146111
0.028455257
0.028398037
0.029198885
0.028920889
0.028991222
0.029002190
0.028949976
0.029494762
0.017207861
0.028964996
0.029144287
0.031177759
0.030565023
0.030557632
0.030411720
0.030556202
0.030385256
0.016886711
0.028522730
0.031386375
0.031608105
0.031224251
0.031355143
0.031204224
0.031035185
0.031207561
0.017147064
0.028881311
0.030822992
0.031358480
0.031356096
0.030642986
0.028916836
0.029002666
0.029060364
0.016258955
0.029053926
0.032798767
0.032705307
0.032840490
0.030797243
0.028931141
0.029057980
0.029006720
0.015894890
0.028216839
0.028934717
0.029035091
0.029100657
0.028958082
0.029003382
0.031059504
0.031264782
0.017158508
0.028479576
0.028261900
0.029085159
0.028999567
0.029061079
0.028785944
0.028798580
0.029690027
0.017189264
0.032848835
0.028693676
0.029238224
0.029171944
0.029153109
0.029139280
0.028995514
0.030061483
0.017576218
0.029555082
0.031082153
0.029024601
0.028912783
0.028764009
0.028777838
0.028929472
0.028710365
0.015754223
0.028919697
0.030094147
0.030905724
0.029602051
0.028882742
0.028830051
0.029276609
0.028864145
0.016108751
0.029720783
0.032074451
0.032684803
0.032727003
0.030175924
0.029036045
0.028958082
0.028927803
0.015847921
0.028469563
0.031022072
0.032233477
0.031803370
0.031567574
0.032084703
0.032756329
0.032494545
0.018114567
0.028445959
0.031991959
0.032717705
0.032743692
0.032684803
0.032263994
0.028984785
0.028790712
0.016124487
0.028445482
0.028888464
0.029215574
0.029557705
0.028898001
0.029018879
0.028959751
0.028935909
0.016865969
0.028291225
0.028663397
0.029549837
0.029384136
0.029618740
0.029661179
0.029482126
0.029411793
0.016259432
0.029130936
0.030831099
0.030958414
0.028862715
0.028920650
0.028958797
0.029068470
0.028852463
0.015984297
0.029206276
0.030367613
0.031741381
0.032435417
0.032600641
0.032716274
0.032437086
0.032444715
0.017950535
0.028721809
0.031284571
0.031592369
0.030360699
0.029046297
0.028974056
0.029049158
0.028943777
0.015952587
0.028208494
0.028281689
0.029170275
0.029125452
0.029337168
0.031067371
0.031489134
0.031005144
0.017068148
0.029096365
0.028686523
0.029214144
0.029224634
0.029020548
0.029076099
0.029585361
0.031086683
0.017024755
0.030033112
0.028851748
0.029174328
0.029236078
0.029108763
0.028919220
0.029408216
0.030595303
0.017331123
0.028479576
0.028566122
0.028948307
0.029456377
0.028995991
0.028841019
0.028942108
0.029366493
0.016958714
0.028320312
0.030474424
0.029495716
0.029076099
0.029055119
0.029057741
0.028980970
0.028839111
0.015903234
0.028594255
0.028313160
0.029135227
0.029052019
0.029094696
0.028916597
0.029147387
0.028752089
0.015921116
0.028482676
0.028553724
0.029193401
0.030698061
0.030931234
0.030913830
0.030984163
0.030915022
0.017207623
0.028421879
0.028999567
0.029311657
0.029666185
0.031183958
0.031189442
0.031254053
0.031170130
0.017300367
0.028626442
0.030091524
0.032094717
0.031206846
0.031013489
0.029343843
0.029113293
0.029120922
0.016034842
0.028490067
0.028348923
0.029461861
0.029157400
0.029285431
0.030673981
0.030886889
0.030974865
0.017360449
0.028909445
0.032720089
0.032840252
0.032697439
0.032432795
0.029494762
0.029033422
0.028984547
0.016013622
0.030211687
0.032559872
0.033014297
0.032762051
0.032563686
0.030714989
0.028970957
0.029036045
0.016130924
0.028639078
0.030151129
0.031652927
0.031365395
0.031151295
0.031165600
0.031204224
0.031038284
0.017214060
0.028271198
0.029348135
0.029111862
0.029138565
0.029071569
0.028947115
0.030098677
0.031256914
0.017239332
0.028370142
0.028175354
0.029248953
0.028899908
0.028982162
0.028935194
0.029030800
0.031102180
0.017225504
0.031092405
0.028420925
0.029323339
0.029252768
0.029379845
0.029067039
0.029328108
0.030726433
0.017185450
0.029106140
0.028608322
0.029397011
0.029118776
0.028962374
0.029021263
0.029273748
0.030954838
0.017157555
0.028421640
0.028768778
0.028974056
0.029167652
0.029059172
0.028931618
0.028844118
0.028910875
0.016990662
0.028645992
0.029957294
0.029111385
0.029211283
0.029060602
0.029174566
0.029061079
0.028994083
0.016021252
0.028415442
0.028759956
0.029204845
0.029117107
0.029001713
0.028995752
0.029026270
0.029032707
0.015961885
0.028455496
0.031499386
0.029743671
0.029061317
0.028984308
0.028846025
0.029012918
0.028979778
0.015895605
0.029823542
0.032066107
0.032676935
0.031633615
0.028905630
0.029034615
0.029028654
0.029021978
0.015988827
0.028285742
0.028323174
0.029301643
0.029159784
0.028960705
0.030048132
0.031450033
0.031104088
0.017332077
0.028528214
0.028752327
0.029128313
0.028971672
0.028944731
0.028960943
0.029004097
0.030311584
0.017024994
0.029760599
0.030247688
0.029058456
0.029033184
0.028917313
0.028900146
0.028869390
0.028743029
0.015847206
0.029538870
0.032498837
0.032803059
0.031892061
0.028870106
0.029011250
0.029041529
0.028923988
0.016003847
0.028283596
0.031375408
0.031743288
0.031652689
0.029489994
0.028974533
0.028933525
0.029076099
0.016014814
0.028246880
0.031219006
0.031677246
0.031257153
0.031327963
0.031903267
0.032743454
0.032697916
0.018217564
0.028948545
0.030499458
0.031371593
0.031156301
0.031279087
0.032412767
0.032808065
0.032745123
0.018239021
0.029783249
0.031517744
0.031452417
0.031232357
0.030821085
0.029010534
0.029080153
0.028981686
0.016031027
0.028686285
0.030050993
0.031624317
0.031367064
0.031815767
0.032906771
0.032803297
0.032604933
0.018051147
0.029030561
0.030341625
0.031668663
0.031372309
0.031226397
0.031762362
0.031232119
0.031393290
0.017513514
0.028082132
0.028724432
0.029202700
0.029158831
0.030236721
0.031121492
0.031013012
0.031044006
0.017133474
0.028068066
0.028968573
0.029237986
0.029375076
0.030594349
0.030915499
0.030979156
0.030930281
0.016874790
0.028571129
0.031132460
0.031213999
0.031165838
0.029453039
0.028927088
0.028896332
0.029035091
0.016096115
0.028396130
0.032138109
0.032812834
0.032571554
0.032565355
0.030418158
0.029048443
0.028877735
0.016046047
0.028928041
0.028481483
0.029305220
0.029072285
0.028940678
0.029231071
0.030548096
0.031126261
0.017148018
0.028526545
0.028551579
0.029231548
0.029117823
0.028963327
0.029051542
0.029099703
0.030563354
0.017219543
0.028987646
0.028933764
0.028908253
0.028990746
0.028997183
0.028867245
0.028905869
0.029003143
0.017116785
0.028668165
0.031280041
0.032488108
0.032472372
0.032899141
0.032483339
0.032492161
0.032676935
0.018122673
0.028689384
0.032086372
0.032649755
0.031505585
0.029006243
0.028930426
0.028943777
0.028971672
0.015901327
0.028861761
0.028271198
0.029034853
0.029172421
0.028936863
0.029533625
0.031062365
0.031063318
0.017192364
0.028482914
0.028484106
0.028936863
0.028927088
0.029120684
0.028874636
0.030128956
0.030889511
0.017094374
0.028427362
0.028425455
0.029175520
0.029188871
0.029380322
0.029044390
0.028945684
0.029756784
0.017318726
0.028508186
0.028633118
0.029260874
0.029046535
0.028942108
0.028845549
0.029023170
0.030247211
0.017312527
0.029273748
0.032940626
0.029259443
0.029026985
0.029067755
0.028944016
0.028889894
0.028771639
0.015946150
0.029289722
0.032850504
0.029286385
0.029037714
0.029214382
0.029097080
0.028894663
0.028888941
0.015912294
0.029922009
0.030237198
0.029229879
0.029146433
0.029029369
0.028974056
0.028961897
0.028977633
0.016541243
0.028998137
0.030080080
0.031735420
0.032667637
0.033009052
0.032612562
0.032427311
0.032604694
0.018038273
0.028691530
0.028622389
0.029353380
0.029791355
0.029879093
0.029821873
0.030089378
0.029944181
0.016703844
0.028573990
0.029877186
0.031392336
0.032560110
0.032576323
0.032613039
0.032714128
0.032627583
0.018003225
0.028172255
0.028344631
0.029274464
0.030300379
0.030241728
0.030147076
0.030199051
0.030230284
0.016739368
0.028919697
0.028509855
0.029143333
0.029191971
0.029622555
0.031275988
0.031412363
0.031404972
0.017369270
0.029890060
0.032597303
0.032753944
0.032736063
0.032605171
0.030860662
0.029109001
0.028994560
0.015967607
0.030941963
0.032696247
0.032801390
0.032669306
0.032560349
0.030518532
0.029055119
0.028872490
0.016092300
0.029269218
0.029023170
0.029066801
0.029108286
0.028977394
0.028906345
0.028976679
0.030308485
0.017352104
0.028704882
0.028916597
0.029050589
0.028929949
0.029099226
0.029043436
0.029665232
0.030926228
0.017187357
0.028322458
0.028983593
0.029188395
0.029186249
0.029101372
0.029019356
0.029192686
0.030403614
0.017363310
0.028315544
0.028878927
0.029298782
0.029143333
0.028923512
0.028912783
0.028917074
0.029041767
0.017144203
0.028489590
0.030123949
0.029765129
0.029209137
0.029132366
0.028961420
0.028954744
0.028920889
0.015998125
0.028931856
0.029776096
0.031755686
0.032453299
0.032171965
0.032163382
0.032333612
0.031937599
0.017566204
0.028610706
0.030508995
0.031790972
0.031320572
0.032011986
0.032670975
0.032711267
0.032519817
0.017884254
0.028593063
0.031471252
0.031709671
0.031422615
0.030786276
0.028950214
0.029088020
0.029594183
0.016123056
0.028775692
0.028513193
0.029210091
0.029173851
0.028947830
0.028927326
0.030839920
0.030941725
0.017086029
0.028566122
0.028758287
0.029012680
0.029035807
0.029286623
0.028934240
0.029054403
0.030794382
0.017329454
0.028653383
0.028620720
0.029006481
0.029005289
0.029241562
0.029041529
0.028921127
0.029362202
0.017251253
0.028489590
0.028197289
0.029147387
0.028873920
0.028967381
0.028907299
0.028860092
0.028801680
0.016129732
0.029665232
0.031881571
0.032740593
0.031927824
0.029115438
0.029098272
0.029057264
0.028989315
0.016011953
0.028166533
0.028167725
0.029222965
0.028966427
0.029217005
0.030865431
0.031321287
0.031109095
0.017008781
0.028263569
0.028519869
0.029349566
0.029079914
0.029047728
0.029011250
0.031265974
0.031146765
0.017329931
0.028343201
0.029019833
0.029245853
0.029103279
0.029126644
0.028978586
0.029046535
0.029373884
0.016813517
0.028501034
0.028367281
0.029161692
0.029074669
0.029036522
0.028963804
0.029035568
0.028944492
0.015935659
0.029595375
0.028942823
0.029270411
0.029652596
0.030971050
0.031025887
0.031051636
0.031149864
0.017248154
0.028720379
0.028696299
0.029323101
0.029206991
0.031472921
0.031898499
0.031623840
0.031529665
0.017388821
0.028575182
0.031023264
0.031325340
0.031181097
0.029738665
0.029027462
0.029106140
0.028888941
0.015943050
0.028519392
0.028661013
0.029047489
0.029150486
0.029101610
0.029793024
0.031096458
0.030895948
0.017212629
0.028333902
0.029130697
0.029238462
0.029248238
0.029803276
0.029017687
0.029024124
0.030939579
0.017285109
0.028502226
0.028317928
0.029470921
0.029068232
0.029064655
0.029064655
0.028985262
0.029466867
0.017178774
0.029232025
0.029644489
0.029839277
0.029174089
0.028940916
0.028971672
0.028925657
0.028868198
0.016028404
0.029928923
0.032402277
0.032602310
0.032018423
0.029271364
0.028966665
0.029048204
0.028985977
0.016077518
0.028153658
0.028700829
0.029196739
0.029296637
0.029013872
0.030108213
0.031382799
0.030997515
0.017102718
0.030734062
0.028551817
0.029219866
0.029195547
0.028910637
0.028843641
0.030193329
0.031317234
0.017256021
0.028486967
0.028673887
0.029087305
0.029072285
0.028927088
0.028791904
0.028892517
0.030882597
0.017095566
0.028284311
0.030722618
0.032752514
0.032672882
0.032805920
0.032555580
0.032513618
0.030848980
0.016095400
0.028876781
0.031049728
0.031335592
0.029374123
0.029093981
0.029148340
0.028936386
0.029036283
0.015966415
0.029477596
0.030317068
0.031400204
0.029660463
0.029020309
0.028819561
0.029053211
0.028961420
0.015994310
0.028480291
0.028822184
0.029117584
0.028993607
0.030326366
0.030949116
0.030968666
0.031012774
0.017426252
0.029806614
0.028876543
0.028985500
0.029062986
0.029149771
0.031041384
0.031173229
0.031143427
0.017272234
0.028542519
0.030013084
0.031331539
0.031224489
0.031263113
0.030975819
0.028945684
0.028963089
0.015883207
0.028348923
0.028752804
0.029278517
0.029165030
0.029102325
0.029308081
0.028965235
0.029098034
0.016996622
0.032130241
0.031073093
0.029408932
0.029149771
0.029026747
0.028970718
0.028981686
0.028979301
0.016346693
0.029735804
0.029462576
0.032024860
0.031979322
0.032223940
0.031708479
0.031809330
0.031830549
0.017682314
0.029659986
0.031960726
0.032626152
0.029544592
0.028808832
0.028786659
0.028816938
0.029028893
0.015785694
0.028599739
0.032455683
0.032505512
0.032771111
0.032270670
0.029341698
0.028850555
0.028794289
0.015830994
0.028375864
0.028492689
0.029206276
0.028900385
0.028818130
0.028820515
0.028746843
0.029474020
0.016964674
0.028808594
0.032662153
0.029939175
0.029166698
0.029299736
0.029027224
0.029065609
0.029000044
0.016034126
0.028353214
0.030484676
0.031136036
0.030999184
0.030617952
0.032478571
0.032499075
0.032514095
0.017920971
0.028580189
0.028398752
0.029221296
0.029067039
0.028965235
0.028939962
0.028806210
0.029726028
0.017245054
0.028674364
0.032566071
0.031909466
0.029079676
0.029026747
0.028779030
0.028785467
0.029082775
0.015822411
0.029442072
0.030746937
0.031101942
0.030720472
0.029499292
0.028791428
0.028784037
0.028972626
0.015884876
0.028517723
0.028710604
0.028860331
0.028800249
0.028892517
0.028706074
0.028712511
0.029786825
0.016930580
0.028538465
0.030619383
0.031042576
0.031589031
0.032581568
0.032490969
0.032595396
0.032241583
0.017845154
0.028254509
0.028815985
0.029062271
0.029073000
0.028867245
0.028953552
0.030593157
0.030901670
0.016928673
0.028897762
0.029367924
0.031260252
0.032078981
0.032051325
0.032133341
0.031929731
0.032021046
0.017686605
0.028490067
0.028823137
0.029037476
0.031033278
0.031108141
0.030974388
0.030843258
0.030927181
0.017251253
0.028737068
0.028280020
0.029227734
0.029155970
0.029074430
0.028794765
0.030636311
0.030719757
0.016933203
0.028213024
0.028703690
0.029135704
0.029010534
0.028947592
0.028770924
0.028808594
0.028762102
0.015761614
0.028207779
0.028174877
0.029088020
0.029816628
0.029856205
0.029639721
0.029791117
0.029850960
0.016405821
0.028635740
0.032132387
0.032733679
0.032631636
0.029770613
0.028978825
0.028870821
0.028819084
0.015817881
0.029013634
0.029906988
0.030791283
0.030652285
0.030764818
0.029382229
0.028829336
0.028838634
0.015845537
0.028497696
0.031271696
0.032020569
0.031594038
0.029196262
0.029234171
0.029031754
0.029022694
0.015863419
0.028477669
0.028436899
0.029068708
0.029113293
0.029088259
0.028942347
0.030736685
0.030708075
0.017007113
0.028734922
0.028655529
0.028913021
0.028952122
0.028995275
0.029109478
0.028787136
0.030022383
0.016812325
0.029445887
0.030841112
0.031183481
0.029087067
0.028913260
0.028909683
0.028877735
0.028744936
0.015793562
0.028887749
0.028922319
0.029150963
0.031202555
0.031464100
0.031516075
0.031455278
0.031492949
0.017545223
0.028129101
0.028796434
0.029051304
0.030941010
0.031095028
0.031059504
0.030986309
0.030750751
0.016978741
0.028240681
0.030813932
0.031388760
0.031045675
0.031094074
0.028998137
0.028934956
0.028879404
0.015805006
0.028639793
0.028362989
0.028905869
0.028812408
0.028775930
0.028672934
0.028719902
0.030887127
0.017164469
0.028638840
0.028507710
0.029109001
0.028928995
0.029018402
0.028956413
0.028954983
0.030977011
0.017112494
0.028851748
0.028421402
0.028902531
0.029043674
0.029079437
0.029062748
0.029117584
0.030098915
0.017605543
0.029368877
0.032397985
0.031418800
0.028987646
0.028903246
0.028797865
0.028916121
0.028760672
0.015809774
0.028662920
0.030529499
0.031459808
0.031023979
0.032585144
0.032466888
0.032513142
0.032280207
0.017841339
0.028827190
0.030070305
0.032029867
0.031155586
0.030889511
0.030804157
0.030817509
0.030993462
0.017088652
0.028466940
0.028851271
0.029030800
0.029142380
0.029132605
0.029039383
0.028859138
0.029005527
0.017273426
0.028657913
0.030435085
0.031165838
0.029846907
0.028989315
0.028827667
0.029087782
0.028819323
0.015777349
0.029710293
0.030178547
0.031842709
0.031391621
0.031159639
0.029206753
0.028801918
0.028789043
0.016042233
0.028615713
0.028668880
0.028880119
0.028969526
0.028926373
0.028727531
0.028753996
0.029925823
0.016837597
0.028331757
0.028859138
0.029473066
0.029681683
0.029862881
0.029623985
0.029666901
0.029634953
0.016293287
0.028203249
0.028656960
0.028918028
0.028915167
0.028921127
0.030269861
0.030781031
0.030723333
0.016963482
0.028891087
0.028194427
0.029065132
0.028870106
0.028838396
0.028785229
0.028758764
0.029358387
0.016954422
0.029153347
0.028218746
0.029159069
0.029111624
0.031314373
0.031259537
0.031134844
0.030980825
0.017088890
0.028244495
0.028243542
0.029123306
0.029056787
0.029103279
0.028800726
0.029861212
0.030691385
0.017005444
0.028363228
0.028536797
0.028815985
0.028829098
0.028939247
0.028709173
0.028696060
0.029917717
0.016783476
0.028354168
0.028959274
0.029094458
0.031190872
0.031473160
0.031174660
0.031175613
0.031285048
0.017375231
0.029082060
0.031096697
0.031445265
0.031355143
0.032467842
0.032633543
0.032667160
0.032359838
0.018095970
0.028635740
0.029838324
0.030751467
0.030586481
0.030522108
0.031709671
0.032482386
0.032732725
0.018022537
0.028320789
0.028696060
0.029055119
0.029084682
0.028992414
0.028974533
0.028945923
0.030664682
0.016942263
0.029101372
0.030943632
0.031072378
0.032473564
0.032617331
0.032454014
0.032247782
0.032203913
0.017826796
0.028228283
0.028736353
0.029062748
0.029067516
0.031228781
0.031165123
0.031002522
0.030978203
0.017075300
0.028230906
0.028725147
0.029054165
0.029199123
0.028943300
0.028965235
0.029845476
0.031404018
0.017231941
0.028526068
0.030802965
0.032520056
0.032464266
0.032421827
0.032224655
0.032309294
0.030753851
0.015892029
0.028739929
0.028266430
0.029321671
0.029869080
0.030023336
0.029916048
0.029677629
0.029661655
0.016334295
0.028442860
0.029620409
0.030677080
0.030723095
0.031010389
0.032521486
0.032505751
0.032453537
0.017807961
0.028482199
0.028491497
0.029035330
0.029032469
0.028923273
0.028815269
0.028846264
0.029916286
0.017249107
0.029376507
0.032478094
0.032554150
0.029855490
0.028903008
0.028867483
0.028809786
0.028761864
0.015798092
0.028322458
0.028878689
0.029047489
0.029034853
0.028998375
0.028849840
0.029783964
0.031147003
0.017139673
0.029387474
0.031386614
0.029202223
0.028980255
0.028977871
0.028781176
0.028701544
0.028849602
0.015748978
0.029018879
0.032636404
0.032548904
0.032608271
0.031059742
0.028862238
0.028759718
0.028791428
0.015841246
0.028245926
0.028829813
0.028837681
0.028909922
0.028953314
0.028715134
0.028717041
0.031516314
0.018021107
0.028661728
0.032329559
0.032572031
0.030949831
0.028944016
0.028816223
0.028800964
0.028811693
0.015870333
0.028320789
0.028606892
0.029012442
0.029132843
0.028953552
0.030078888
0.031356335
0.031326294
0.017212868
0.029838800
0.030028582
0.029026985
0.029082775
0.028906345
0.028807640
0.028814793
0.028770208
0.016172409
0.028894901
0.029924870
0.031026363
0.031803370
0.032467842
0.032466412
0.032356262
0.032206774
0.017806530
0.028473377
0.028470278
0.029188633
0.029161930
0.029128075
0.028927565
0.030807495
0.030909300
0.017107010
0.028703928
0.030014515
0.030920029
0.030348063
0.030367851
0.030279875
0.030276775
0.030120134
0.016541719
0.029860735
0.031638145
0.032656908
0.032520771
0.032345057
0.028757334
0.028710365
0.028786182
0.015871525
0.028594255
0.028871059
0.029036999
0.029287338
0.028988600
0.028795481
0.028789282
0.028753042
0.016931295
0.028462887
0.028516293
0.029289246
0.030310869
0.031035423
0.030953884
0.030942440
0.030859709
0.017003059
0.028579473
0.028815269
0.028901100
0.028883696
0.028754950
0.028700590
0.030794621
0.030950308
0.016991854
0.028663158
0.032179356
0.030297041
0.028973818
0.028850794
0.028819799
0.028776407
0.028699398
0.015928268
0.029004335
0.032508850
0.032694578
0.032662153
0.032278538
0.029256105
0.028812647
0.028774738
0.015783072
0.028923750
0.030177116
0.030911684
0.030760288
0.030738354
0.030531168
0.030539751
0.030757904
0.016942024
0.028183937
0.030500412
0.031475306
0.031208515
0.031099558
0.030241013
0.028778315
0.028771877
0.015797377
0.028568506
0.030404329
0.029286146
0.029075384
0.029071808
0.028806210
0.028807640
0.028823614
0.015837193
0.028636932
0.030305386
0.030976772
0.031717777
0.032513857
0.032475471
0.032456160
0.032263517
0.017849207
0.028398275
0.028300524
0.029077768
0.029032230
0.029017210
0.028799772
0.030621767
0.030713320
0.016945362
0.028716326
0.030239820
0.029522896
0.029149055
0.029057980
0.028980255
0.028807640
0.028784990
0.015790462
0.028218746
0.028879642
0.029137850
0.031097174
0.031585932
0.031149864
0.031226873
0.031307936
0.017385244
0.028697968
0.030507565
0.031369209
0.031062603
0.031659365
0.032679319
0.032677412
0.032758951
0.017907619
0.028483868
0.032489538
0.032638311
0.032602072
0.032250881
0.032342911
0.032389879
0.032236338
0.017835617
0.028218746
0.028728008
0.028963804
0.028950930
0.029089451
0.028684616
0.029240608
0.030735254
0.016804457
0.028551579
0.028736830
0.028896809
0.029042721
0.028767347
0.028713942
0.029181719
0.030886650
0.016992331
0.028220654
0.030980825
0.032496691
0.032678604
0.032404184
0.032235384
0.032274008
0.029671192
0.015718699
0.028989315
0.029937267
0.030821323
0.030668259
0.030602455
0.030465603
0.030398369
0.030708313
0.016979218
0.028641939
0.030049562
0.031669378
0.032353163
0.032502413
0.032493830
0.032277822
0.032231808
0.017823696
0.028204441
0.028763533
0.029093742
0.029355526
0.031626940
0.031483650
0.031437635
0.031247616
0.017243385
0.028569460
0.030804157
0.031288624
0.030969143
0.031215429
0.032476902
0.032467842
0.032456636
0.017832994
0.028204203
0.030638695
0.031186342
0.030847549
0.030790091
0.031385422
0.032472610
0.032515764
0.017936230
0.028185844
0.028110981
0.029015064
0.028876781
0.028998375
0.028832912
0.029799700
0.030757904
0.016950607
0.028463840
0.028751373
0.029074192
0.029155016
0.029170513
0.028816700
0.028817654
0.030013800
0.016940117
0.028285742
0.028460264
0.028821707
0.028934717
0.028830767
0.028751850
0.028697014
0.028903246
0.016663313
0.028334379
0.028464079
0.029077768
0.029128790
0.028813124
0.028871775
0.028820276
0.028738737
0.015997648
0.028290987
0.028573513
0.029853344
0.029749155
0.029722929
0.029652357
0.029476643
0.029429197
0.016685724
0.029230118
0.032307148
0.031151772
0.030714750
0.030406475
0.030255318
0.030287504
0.030271292
0.017922401
0.029851913
0.031898737
0.030753613
0.028828382
0.028928280
0.028802633
0.028784275
0.028686285
0.015800238
0.029358625
0.032311201
0.032278061
0.028959990
0.028821230
0.028997183
0.028865099
0.028703928
0.015765905
0.028996468
0.030491114
0.031173229
0.030987501
0.031329870
0.032558441
0.032538414
0.032593012
0.017930984
0.028269768
0.028433084
0.028828144
0.028896570
0.028772354
0.028710842
0.029798508
0.030707836
0.016933680
0.028578520
0.030583143
0.032190561
0.032549858
0.032571554
0.032368660
0.032202959
0.032224178
0.017839909
0.028686762
0.032377958
0.032233000
0.029036283
0.028853416
0.028808355
0.028816938
0.028692245
0.015767097
0.029909372
0.031696558
0.032684326
0.032685757
0.030290842
0.028823376
0.028886795
0.028903008
0.015815020
0.028428555
0.028756618
0.029049397
0.029131889
0.028771162
0.028989553
0.030534267
0.030719280
0.016970873
0.028301001
0.028591394
0.029179811
0.029033899
0.028848410
0.028800726
0.028821230
0.030650616
0.016955376
0.028695345
0.028706789
0.029187679
0.029183149
0.029051304
0.028807163
0.028783798
0.028781891
0.015774488
0.028971672
0.031251431
0.029222250
0.029033661
0.028999805
0.028804302
0.028777599
0.028789282
0.015799284
0.028647423
0.030005217
0.030978203
0.032348394
0.032610416
0.032457590
0.032288790
0.032280684
0.017857790
0.028393030
0.028346062
0.028838634
0.028815269
0.028838634
0.030771494
0.031068325
0.030756235
0.016975403
0.028121233
0.028388739
0.029139519
0.029043436
0.029496431
0.031449556
0.031450033
0.031434774
0.017239332
0.028828621
0.032435179
0.032577276
0.032479286
0.029084921
0.028770208
0.028799772
0.028804541
0.015766859
0.029941082
0.032393694
0.032733440
0.032627583
0.032453537
0.029604912
0.028833151
0.028753042
0.015795708
0.028261423
0.028784990
0.029027700
0.029131651
0.029003382
0.030948877
0.031249046
0.031217098
0.017209053
0.028817654
0.028503895
0.028906584
0.028945208
0.028990269
0.029259682
0.030943394
0.031023502
0.017110586
0.028207064
0.028623343
0.028966665
0.029037714
0.029130459
0.028865814
0.028740168
0.031116247
0.018013716
0.028239489
0.029024363
0.028847694
0.028799295
0.028851986
0.028744698
0.029553175
0.030717850
0.016964674
0.028255224
0.028244257
0.029036760
0.029005051
0.029034853
0.028825045
0.031578302
0.032480717
0.017971992
0.028619051
0.029983044
0.031445980
0.031152248
0.031001806
0.030843735
0.032513142
0.032521963
0.017976999
0.029069901
0.032469273
0.032510519
0.032507658
0.031205416
0.028932333
0.029016018
0.028979778
0.015929937
0.028198004
0.028262138
0.029086828
0.029996634
0.030987740
0.030937910
0.030971050
0.030795336
0.016966105
0.029969215
0.031770468
0.031937599
0.031108141
0.030964613
0.030905247
0.030972719
0.030758142
0.017595768
0.028216124
0.028761625
0.029180765
0.029245615
0.028930902
0.028945446
0.028985023
0.031964302
0.018170118
0.028650045
0.029986143
0.030927658
0.030723333
0.030842781
0.031828403
0.032493114
0.032524586
0.018234491
0.028809547
0.032244205
0.032535553
0.032552481
0.032307148
0.032220840
0.032250643
0.032198191
0.017821312
0.030053139
0.032063007
0.032652617
0.030940533
0.028948307
0.028774023
0.028867483
0.028950691
0.015914440
0.029532909
0.032624006
0.031083584
0.029042244
0.028931379
0.028757334
0.028819323
0.028718948
0.015772104
0.030272722
0.029363394
0.028853416
0.028914928
0.028824568
0.028715134
0.028689384
0.028678894
0.016669989
0.028491020
0.029137135
0.029117823
0.029036760
0.028868914
0.028782845
0.029561043
0.031420946
0.017206192
0.028347969
0.028803587
0.028820753
0.029010296
0.028784752
0.028685093
0.029331446
0.030724049
0.016938686
0.028187513
0.028246164
0.029147387
0.029012203
0.029000044
0.028809309
0.028937340
0.029502392
0.017012119
0.028954029
0.028659105
0.029038668
0.029116154
0.028807163
0.028769016
0.028800964
0.028712988
0.015744448
0.030809641
0.032069683
0.028948545
0.028849363
0.028875589
0.028771400
0.028693438
0.028698921
0.015745163
0.029343605
0.033110142
0.032483816
0.032110453
0.028967381
0.028788328
0.028793573
0.028804064
0.015731335
0.028467655
0.028984070
0.029394627
0.029333591
0.030020475
0.032151699
0.031683922
0.031584263
0.017683744
0.028348446
0.028808594
0.029163837
0.029217243
0.029916048
0.032056093
0.031996250
0.031729460
0.017727613
0.028554201
0.028533697
0.028966665
0.028996944
0.029036760
0.028913975
0.030155897
0.030966043
0.017138481
0.028481960
0.029021025
0.029074669
0.028988361
0.029014587
0.028916597
0.028900623
0.028837204
0.017135143
0.028817654
0.029691219
0.031110764
0.032155275
0.032578468
0.032582521
0.032549620
0.032469988
0.017895699
0.028561831
0.028574944
0.029286146
0.029072762
0.029490471
0.031058311
0.031219006
0.031168222
0.017092705
0.028371334
0.028760910
0.029044867
0.029004097
0.028950930
0.028796673
0.029611111
0.030886889
0.016974926
0.029600143
0.032232046
0.029880047
0.028915644
0.028905153
0.028835535
0.028775692
0.028719664
0.015779972
0.028635740
0.031777620
0.032666683
0.032612324
0.031900406
0.028899908
0.028788090
0.028799772
0.015806198
0.028325319
0.028520346
0.029253244
0.029127121
0.028836727
0.029041767
0.028966188
0.029965401
0.017464876
0.028543711
0.028133392
0.029019833
0.029054642
0.031173468
0.031233788
0.031161308
0.030964136
0.017105341
0.028471470
0.028808355
0.029237747
0.028996229
0.028827190
0.028909206
0.030739784
0.030962467
0.016967773
0.028310776
0.030923128
0.032546759
0.032507420
0.032628059
0.032222271
0.032250166
0.030429602
0.015868902
0.030532122
0.032543659
0.032544613
0.029150009
0.029012918
0.028805017
0.028791666
0.028723955
0.015739441
0.028560162
0.032529831
0.032630682
0.032501221
0.031094790
0.028872490
0.028838634
0.028815508
0.015806198
0.028451681
0.028145075
0.029029608
0.029014349
0.029037476
0.028810024
0.028832912
0.029371262
0.016990423
0.028290033
0.028721571
0.029334068
0.029414654
0.029501200
0.029458284
0.029220343
0.029595137
0.016305447
0.028688192
0.030074120
0.030709982
0.030535221
0.032381058
0.032489061
0.032529116
0.032321692
0.017834187
0.028568268
0.028253078
0.029065847
0.029035330
0.029095650
0.028924227
0.028813601
0.029522419
0.017108679
0.028408289
0.029604435
0.031586170
0.032221794
0.032100201
0.031955004
0.031989813
0.031924963
0.017715693
0.028956413
0.030361176
0.031275034
0.030955791
0.031348228
0.032493114
0.032464027
0.032519102
0.017895699
0.028261185
0.028636694
0.028977156
0.028978348
0.028863430
0.028694391
0.028710842
0.030517817
0.016930342
0.029921055
0.031943798
0.032549381
0.029524088
0.028867245
0.028819561
0.028789997
0.028743505
0.015747786
0.028499603
0.031105995
0.031560659
0.031259537
0.031017780
0.029777288
0.028813601
0.028836250
0.015859604
0.029091358
0.032723427
0.032838106
0.032588243
0.032282352
0.032258272
0.032444477
0.030971766
0.015829563
0.028561592
0.028796911
0.029027700
0.029416084
0.031104565
0.031215906
0.031220913
0.031231642
0.017140865
0.028229237
0.028257847
0.029045582
0.029041767
0.029039621
0.029989481
0.031670332
0.031566143
0.017445326
0.028312683
0.030928135
0.032516241
0.032531261
0.032416821
0.032209396
0.032219172
0.030431509
0.015837908
0.028244972
0.028820038
0.029573441
0.030251980
0.030114412
0.030025005
0.030076981
0.029959917
0.016484737
0.028532743
0.028613806
0.029190063
0.029146910
0.030195951
0.031059980
0.030980110
0.030967474
0.017028332
0.028444052
0.028185844
0.029176235
0.029094219
0.029116154
0.028743267
0.030343533
0.030962944
0.017097473
0.029342175
0.028531313
0.028820038
0.028824568
0.028914452
0.028686285
0.028751850
0.028748035
0.016784906
0.028113842
0.028705835
0.029017448
0.030373573
0.030981064
0.030976057
0.031019926
0.030804634
0.017055988
0.028411150
0.031628847
0.032671452
0.032524586
0.032458782
0.030585766
0.028856993
0.028787851
0.015810728
0.028415442
0.028681755
0.029096365
0.028975487
0.028825283
0.028816223
0.028771162
0.029874325
0.016964436
0.028200150
0.032112598
0.032525063
0.032527685
0.032312393
0.032328367
0.032175541
0.029112816
0.015796661
0.030574083
0.032450676
0.029170036
0.028855324
0.028823853
0.028811693
0.028701544
0.028690815
0.015748978
0.028658628
0.028565645
0.029361486
0.031072855
0.031489849
0.031326771
0.031447411
0.031324625
0.017388821
0.028235435
0.028550863
0.029011011
0.029016256
0.030219078
0.031225920
0.031195402
0.031130314
0.017102480
0.028283358
0.028762341
0.029028177
0.029083252
0.030008316
0.031369925
0.031211853
0.031219006
0.017081261
0.028312206
0.028794765
0.029153109
0.029424429
0.031142712
0.031186342
0.031211615
0.031168461
0.017113209
0.028404713
0.028547525
0.029016733
0.029132128
0.031124353
0.031145573
0.030965805
0.030953407
0.017055511
0.028599739
0.028720617
0.028854609
0.028819323
0.031065464
0.030985594
0.030998468
0.030943871
0.016939402
0.030238867
0.028272152
0.028787851
0.030430794
0.030680418
0.030459881
0.030454159
0.030430317
0.016714334
0.028366566
0.029857874
0.031551361
0.032014370
0.032005072
0.031929731
0.031750679
0.031801939
0.017661333
0.029048204
0.031849861
0.032471180
0.029013872
0.029035807
0.028784990
0.028833628
0.028730869
0.015732527
0.029979467
0.032525539
0.032624483
0.032119036
0.028911829
0.028808355
0.028854370
0.028835535
0.015819311
0.028228521
0.028760672
0.029233456
0.029317141
0.031328678
0.031210661
0.031308651
0.031223536
0.017177582
0.028496265
0.028144121
0.029394627
0.030228376
0.032064676
0.031654358
0.031709433
0.031395197
0.017494440
0.028461695
0.028887033
0.029088974
0.031046391
0.031227350
0.031323433
0.031177759
0.030999422
0.017019510
0.028972149
0.028322458
0.029036045
0.029650927
0.031513453
0.031230688
0.031170607
0.031096458
0.017091990
0.029473782
0.032506943
0.032532692
0.032055378
0.029031754
0.028783321
0.028808355
0.028773069
0.015737057
0.029225111
0.030558825
0.031188726
0.031015396
0.031140804
0.032070875
0.032498360
0.032460928
0.017968655
0.028288126
0.030748606
0.032591343
0.032516479
0.032436609
0.032256365
0.032292128
0.030070066
0.015906811
0.028264523
0.028714180
0.029461384
0.029835701
0.030032158
0.029769659
0.029935598
0.030030251
0.016416073
0.028215170
0.028335333
0.029075384
0.030377865
0.030717134
0.030349255
0.030283451
0.030228615
0.016794443
0.029695749
0.032000303
0.032367229
0.028974295
0.028882027
0.028794050
0.028817415
0.028681278
0.015937328
0.028942585
0.031736612
0.032484770
0.032663107
0.031996965
0.028939962
0.028791428
0.028792143
0.015793324
0.028322697
0.028560162
0.029141426
0.029183865
0.029008627
0.028788805
0.029944181
0.030774117
0.016943693
0.028883696
0.028116226
0.028999090
0.028838634
0.028835773
0.028799295
0.028705359
0.029137850
0.016938686
0.028566122
0.032473326
0.029906034
0.029056072
0.029138088
0.028913021
0.028809071
0.028818130
0.015811443
0.028309822
0.029815435
0.031355858
0.031142473
0.032623291
0.032483816
0.032565355
0.032259464
0.017841578
0.028260708
0.028914213
0.029153585
0.029044151
0.028940439
0.028957844
0.030731916
0.030904293
0.016950130
0.028706789
0.029468536
0.031381845
0.031069756
0.031115055
0.030932188
0.030833006
0.030573845
0.015826225
0.028498411
0.028614759
0.029043913
0.030566692
0.031336069
0.031155348
0.030948877
0.030941248
0.017072439
0.028393745
0.030676603
0.031378508
0.031008005
0.031008720
0.031468153
0.032511950
0.032518864
0.017975569
0.029750586
0.031457901
0.029338360
0.029062271
0.028881311
0.028790236
0.028794050
0.028758049
0.015757322
0.028848886
0.032531500
0.032511711
0.032627821
0.029240608
0.028797150
0.028820515
0.028845310
0.015808344
0.028734684
0.028173447
0.028917313
0.028822184
0.028946161
0.028769732
0.028702497
0.029032469
0.016913176
0.028148174
0.028397799
0.029074192
0.030693054
0.030973911
0.030711651
0.030830860
0.030735016
0.016909361
0.028193235
0.028730392
0.029079199
0.029143333
0.031044483
0.031190157
0.030979872
0.030987263
0.017084599
0.028577328
0.028967381
0.029146194
0.029257298
0.029160023
0.031198978
0.031204939
0.031123638
0.017172098
0.028302908
0.028815269
0.029244661
0.029012203
0.028897524
0.028812170
0.029800653
0.031372786
0.017241478
0.028616190
0.028122902
0.029033661
0.028907299
0.029081106
0.028799295
0.028705597
0.029234648
0.016952038
0.030484915
0.031614780
0.032687902
0.032708645
0.032624245
0.032383919
0.032471180
0.030350924
0.016032696
0.028438091
0.028233290
0.029101610
0.029124975
0.029064178
0.029102802
0.028986216
0.029805422
0.017486334
0.028228760
0.032486916
0.032523632
0.032663107
0.032315493
0.032120466
0.029152155
0.028836727
0.015836239
0.028239489
0.028829336
0.029203892
0.029076099
0.028876305
0.028820753
0.029609442
0.031389475
0.017184496
0.028783560
0.028599739
0.029145956
0.029179811
0.028792143
0.028800726
0.028803110
0.028766632
0.017087221
0.028881073
0.028746843
0.029138088
0.029056072
0.029048920
0.028843880
0.028794289
0.028759956
0.015721321
0.030574799
0.032208204
0.032467127
0.028876305
0.028731346
0.028837204
0.028799772
0.028817177
0.015880823
0.029481173
0.032572269
0.032481909
0.032150030
0.028974295
0.028849840
0.028793097
0.028829336
0.015763998
0.028560638
0.028664827
0.029242516
0.031041861
0.031485558
0.031202555
0.031197309
0.031215191
0.017122984
0.029489994
0.032608032
0.032632351
0.029794455
0.028993607
0.028882504
0.028979301
0.028743029
0.015747547
0.028319597
0.028352022
0.029068947
0.029962301
0.031418324
0.030919790
0.031140327
0.030842066
0.016962767
0.028278112
0.032521486
0.032515287
0.032475948
0.032284975
0.029476404
0.028823614
0.028806448
0.015788555
0.028247356
0.028797150
0.029201508
0.029006720
0.028863192
0.028947115
0.030949831
0.030794382
0.016995430
0.028471470
0.029028177
0.028990269
0.028975964
0.029103041
0.028955221
0.029004574
0.030136585
0.017012596
0.029121876
0.029885054
0.031826258
0.032756329
0.032706976
0.032647371
0.032464981
0.032343388
0.017934799
0.030382156
0.032294035
0.032561064
0.031128645
0.029040098
0.028783083
0.028888702
0.028828382
0.015815735
0.029431343
0.031858921
0.032709599
0.032816648
0.032416821
0.029002666
0.028966427
0.029058456
0.015961409
0.028220892
0.028742075
0.029166222
0.029160976
0.029043913
0.028782129
0.030765057
0.031087399
0.017134190
0.028366089
0.031353474
0.031477451
0.031109571
0.031314850
0.031777143
0.032697916
0.032629013
0.018269300
0.028511763
0.028972626
0.029234171
0.028969765
0.029019594
0.028774261
0.028711796
0.030532360
0.016944408
0.029418230
0.029557943
0.028978348
0.028995275
0.029110432
0.028827667
0.029170990
0.028996229
0.016658783
0.028326273
0.030308247
0.031578302
0.029245138
0.028794289
0.028829098
0.028798342
0.028728724
0.015749216
0.028663397
0.028913736
0.028857231
0.028811216
0.028856039
0.028729439
0.029544592
0.030739546
0.016963243
0.028308153
0.030510187
0.031790733
0.032270432
0.032496214
0.032398224
0.032511950
0.032769918
0.017815590
0.030001879
0.029342890
0.030827761
0.030781507
0.032551289
0.032548189
0.032545805
0.032270193
0.017862320
0.030778885
0.032592297
0.032509804
0.032606363
0.032227278
0.028756380
0.028648376
0.028777361
0.015827656
0.028782368
0.028588772
0.029079914
0.029065371
0.028842688
0.028803825
0.028799295
0.029782295
0.016933918
0.028544903
0.031357527
0.032304287
0.032494068
0.032530546
0.032474279
0.032357454
0.032503128
0.018026114
0.028297901
0.028582573
0.029067993
0.029043198
0.030238152
0.030952692
0.031029940
0.030954361
0.017029524
0.028200865
0.028069496
0.029079676
0.029195070
0.029032707
0.028792620
0.028778553
0.030592442
0.017095804
0.029448509
0.028813124
0.029528141
0.030065775
0.029840231
0.029838324
0.029834032
0.029675722
0.016328573
0.028449774
0.028274775
0.028985262
0.028836966
0.028949738
0.030927420
0.030992031
0.030999899
0.017079830
0.028496027
0.028403997
0.029082060
0.029242992
0.029216051
0.028962851
0.028949261
0.028961897
0.016726017
0.029254675
0.032809734
0.032235384
0.029204845
0.029092312
0.029007196
0.029124498
0.028912544
0.016017914
0.028472185
0.031259060
0.032733440
0.032379866
0.032172203
0.030551195
0.028914690
0.028729916
0.015842676
0.028997421
0.030050278
0.030666113
0.030311108
0.030233145
0.030302525
0.030287027
0.030107737
0.016798496
0.028432846
0.028720140
0.028782368
0.028837919
0.029546261
0.030906439
0.030977726
0.030923605
0.016945362
0.028260708
0.028223515
0.029192448
0.029054165
0.029046535
0.028757334
0.028956413
0.030730724
0.017097235
0.028460503
0.030450344
0.030994654
0.032612801
0.032518625
0.032455444
0.032301903
0.032246828
0.017831087
0.028286457
0.031885386
0.032707453
0.032683611
0.032295704
0.030469179
0.028841019
0.028801680
0.015798807
0.028640985
0.032315731
0.032529831
0.032671452
0.032312632
0.032221079
0.032233238
0.031355143
0.015918255
0.031800747
0.032473326
0.030185699
0.028955698
0.028947353
0.028841019
0.028789043
0.028763056
0.015808821
0.029153109
0.030051470
0.031628132
0.031332254
0.032871485
0.032710314
0.032757282
0.032560825
0.018165588
0.028469086
0.028794527
0.029082775
0.029231071
0.028855801
0.028824806
0.030925751
0.030982256
0.017173052
0.028755188
0.029010296
0.029029369
0.028954029
0.029127598
0.028771162
0.028730154
0.028756380
0.016822815
0.029496670
0.032105684
0.032480717
0.028919458
0.028846741
0.028779030
0.028828859
0.028784990
0.015836239
0.028610706
0.030378580
0.031429768
0.031320810
0.031258106
0.029328823
0.028920174
0.029001713
0.016054153
0.028249979
0.028736830
0.029081821
0.029242754
0.028939962
0.028898478
0.029307842
0.031115055
0.017355680
0.028262854
0.028229475
0.028971672
0.028876305
0.028876781
0.028899670
0.028887033
0.031108379
0.017344713
0.028557301
0.028527260
0.029089212
0.029015541
0.028913498
0.028789997
0.029702902
0.030795336
0.017076731
0.029352903
0.032577038
0.032726526
0.032780409
0.032529116
0.031228065
0.029074669
0.028973103
0.015917778
0.028656244
0.028544664
0.029308558
0.029180765
0.029078245
0.029154778
0.029279470
0.030798197
0.017223358
0.028285503
0.028820515
0.029153585
0.029017448
0.029146671
0.028804779
0.029835701
0.031224251
0.017433882
0.028338671
0.028711319
0.028954268
0.028935671
0.029068708
0.028877497
0.030075073
0.030761242
0.016984463
0.028683186
0.032491446
0.032583952
0.032654524
0.032520056
0.032339334
0.032370806
0.031208038
0.016038656
0.028469801
0.030510187
0.032270193
0.032529593
0.032541990
0.032411575
0.032239437
0.032452822
0.017870188
0.029354095
0.029741049
0.030699015
0.030717611
0.032835007
0.032773733
0.032683372
0.032373667
0.018108130
0.028268814
0.028108835
0.029171705
0.029024124
0.029123545
0.029018879
0.030300140
0.030858517
0.017169476
0.028680325
0.029889822
0.032014370
0.032483339
0.032492876
0.032387972
0.032269716
0.032214880
0.017830610
0.029175520
0.032548189
0.032775164
0.030832767
0.029067993
0.028905869
0.029061317
0.029023409
0.016127110
0.028228045
0.028315067
0.029134512
0.029167891
0.031122923
0.031197071
0.031205893
0.031077385
0.017180920
0.028518915
0.030273676
0.031767130
0.030824423
0.028831244
0.028813601
0.028851032
0.029000521
0.015825748
0.028300762
0.028455257
0.029166460
0.029118776
0.029311419
0.028996229
0.030698776
0.030938625
0.016970396
0.029154539
0.032727480
0.030242205
0.028918028
0.028932571
0.028876781
0.028780460
0.028748751
0.015784979
0.028394699
0.028907776
0.029085159
0.029081583
0.029140472
0.031337261
0.031397581
0.031387329
0.017493010
0.028487206
0.028694153
0.028814793
0.028841257
0.028776169
0.028674841
0.028696775
0.029880285
0.016787052
0.028289318
0.030689955
0.031335115
0.032789230
0.032610178
0.032500744
0.032232761
0.032246351
0.018056870
0.029892206
0.031846762
0.032482386
0.032548428
0.032231331
0.028836489
0.028779507
0.028783083
0.015778065
0.028842211
0.028386354
0.028963804
0.028956413
0.028928995
0.028733253
0.028784275
0.029030085
0.016724586
0.028777122
0.030715704
0.030990839
0.029109001
0.029073477
0.029047728
0.029000759
0.028849602
0.015895128
0.029285669
0.031635284
0.032630682
0.032557487
0.032507181
0.030939102
0.029136181
0.028960705
0.016020298
0.028324127
0.028776884
0.029185057
0.029076815
0.028985500
0.028854132
0.028831959
0.028846741
0.016697884
0.028556824
0.028229952
0.029199123
0.030512571
0.030515671
0.030457020
0.030447960
0.030268908
0.016670942
0.028384447
0.030945063
0.031705856
0.031369448
0.030947208
0.030950785
0.030977726
0.031042576
0.017193079
0.029062510
0.029570580
0.031083107
0.030877113
0.032763243
0.032773495
0.032502890
0.032478094
0.017869234
0.028399706
0.029561996
0.031255245
0.031086683
0.031798601
0.032724142
0.032690287
0.032529593
0.017957687
0.028244257
0.028762102
0.029047012
0.029004812
0.028796673
0.028850794
0.030671597
0.030961275
0.017068863
0.028469801
0.028733492
0.031077862
0.030807257
0.030698538
0.030489922
0.030479908
0.030462742
0.017882109
0.028224945
0.028328896
0.029265881
0.029172182
0.029093981
0.029011250
0.029067516
0.028957844
0.015986204
0.028900146
0.032505751
0.032531261
0.029968977
0.028800964
0.028821945
0.029024363
0.028819561
0.015768766
0.028608561
0.028349876
0.029076815
0.029059887
0.030935526
0.031212330
0.031160116
0.030931950
0.017049074
0.028074503
0.029004812
0.029216290
0.029149532
0.029103279
0.028939247
0.030200243
0.031191587
0.017149925
0.029287577
0.031916380
0.029058456
0.028824568
0.028896332
0.028754950
0.028708935
0.028681993
0.015756845
0.028261900
0.028585672
0.029045582
0.029061079
0.030187845
0.030810118
0.030753374
0.030731201
0.016897678
0.028282881
0.028065205
0.029242277
0.028838158
0.028966665
0.028886795
0.030249596
0.030742645
0.016937017
0.030058384
0.029166460
0.029155731
0.029116869
0.029117584
0.028911114
0.029031754
0.028973579
0.016892195
0.028867960
0.032730818
0.032812595
0.031038046
0.028873444
0.028804779
0.028808117
0.028799772
0.015773773
0.028871298
0.028100252
0.029035568
0.028926134
0.028950930
0.028791428
0.029053688
0.031012774
0.017394543
0.028470755
0.029290915
0.029815435
0.030368805
0.030331135
0.030205965
0.030133009
0.030080080
0.016588449
0.028703213
0.030037165
0.031237602
0.031186342
0.030370712
0.028761864
0.028791428
0.028793335
0.015956163
0.028648853
0.028547525
0.028990269
0.028981686
0.028956890
0.028767824
0.028706312
0.030696154
0.016955137
0.029700756
0.030257702
0.030295372
0.029742002
0.029543877
0.029564857
0.029366255
0.029313326
0.016054869
0.028281450
0.028007746
0.029016018
0.029881954
0.031192303
0.031217813
0.031149387
0.030951500
0.017142534
0.028247595
0.028828859
0.029150724
0.029046535
0.028905392
0.028977394
0.030710697
0.030892134
0.016927958
0.028269768
0.031076193
0.032540321
0.032626867
0.032641888
0.032590389
0.032591581
0.029653788
0.015771866
0.028438330
0.028795481
0.029534578
0.030279160
0.030346394
0.030328035
0.030405045
0.031102896
0.016739845
0.029803753
0.032049417
0.030833006
0.029063940
0.029031277
0.029093504
0.029046774
0.029052258
0.016011000
0.030129433
0.032098055
0.030068398
0.028827429
0.029085159
0.028842449
0.029015064
0.029197931
0.016127110
0.028820992
0.031102896
0.032463312
0.032701015
0.032740355
0.032586098
0.032465696
0.032453775
0.017832756
0.028246641
0.028872490
0.029067755
0.029091358
0.030137539
0.030966520
0.030973911
0.030948639
0.017005205
0.028241396
0.028704405
0.029036760
0.028952360
0.028857946
0.028885603
0.028857946
0.030157089
0.017077684
0.029263973
0.031383038
0.029120207
0.028964758
0.028798580
0.028764486
0.028776884
0.028685808
0.015734911
0.028679609
0.028653860
0.028806925
0.028825521
0.029543161
0.030922174
0.030992031
0.030952215
0.016967535
0.028288364
0.028695345
0.029031515
0.029160261
0.029072523
0.028811932
0.028792620
0.029825211
0.016956091
0.029273987
0.031671762
0.032566071
0.031937838
0.028898239
0.029002666
0.029026747
0.029073954
0.015902996
0.028471231
0.028404236
0.029060841
0.029041290
0.029151440
0.028914213
0.030333281
0.030788660
0.017217398
0.029439926
0.028415918
0.029334784
0.029204130
0.029223919
0.029038191
0.029077291
0.031224489
0.017961025
0.029964447
0.031824827
0.032525301
0.032508373
0.032382488
0.031031132
0.028829098
0.028794050
0.015798807
0.029074669
0.028053284
0.029007435
0.029056787
0.029131889
0.028776884
0.030001402
0.030690908
0.016921282
0.029005051
0.030501366
0.032371283
0.031936169
0.031916618
0.031872511
0.031803131
0.030869961
0.015796661
0.028522730
0.031349659
0.032854319
0.032756090
0.032563448
0.032389402
0.032393694
0.030546904
0.016047955
0.029213428
0.030099869
0.031645298
0.032645226
0.032585144
0.032469511
0.032363653
0.032335758
0.017845869
0.028894663
0.028764248
0.029141903
0.029389143
0.031171799
0.031192303
0.031152487
0.031001568
0.017208576
0.029292822
0.032111883
0.032719612
0.032352924
0.029098749
0.028864145
0.028862476
0.028958559
0.015967131
0.031288147
0.031039238
0.031295776
0.031178713
0.031235456
0.032565117
0.032659054
0.032806396
0.018011570
0.028312445
0.028584242
0.028842926
0.028819799
0.028787374
0.028737783
0.029871702
0.030721426
0.016954899
0.028282881
0.028628111
0.028833628
0.028961897
0.028888226
0.028728247
0.028808355
0.029831171
0.017020464
0.028881073
0.030479431
0.031786919
0.032612801
0.032636642
0.032478809
0.032208443
0.032214165
0.017807722
0.028240442
0.028169870
0.029097080
0.029160023
0.031092644
0.031213999
0.031227112
0.031042576
0.017096281
0.028457403
0.028437376
0.028847933
0.028835058
0.028820515
0.028737068
0.028924704
0.030769825
0.016950369
0.030356884
0.031324863
0.029134035
0.028929949
0.028892517
0.028937817
0.028856754
0.028845072
0.015859365
0.028632402
0.028662682
0.029337883
0.030476809
0.030975103
0.030982733
0.030986547
0.030812025
0.017040014
0.028393030
0.028761864
0.029003859
0.029141426
0.028899431
0.030900717
0.031200409
0.031216621
0.017217636
0.029091120
0.028836489
0.029018402
0.028804064
0.028780699
0.028716803
0.028710127
0.028691530
0.016734838
0.028517008
0.028848171
0.029028177
0.029507875
0.031214952
0.031219721
0.031358242
0.031116247
0.017509222
0.028547049
0.028162241
0.029130697
0.028921604
0.028939247
0.029792070
0.031216145
0.031239748
0.017228603
0.028475523
0.028622627
0.029197216
0.029075384
0.029002190
0.029060364
0.028874397
0.028834581
0.015843630
0.028561592
0.030652285
0.030986071
0.031079531
0.029127598
0.028692007
0.028999090
0.028896093
0.015826702
0.028248072
0.028713465
0.029031277
0.029026270
0.029007196
0.028786421
0.028815031
0.030109167
0.016935110
0.028263807
0.028719902
0.029776096
0.029751062
0.029728174
0.029640436
0.029482841
0.029439211
0.016189337
0.028818130
0.032573462
0.032932043
0.032636166
0.030871153
0.028850079
0.028846979
0.028868675
0.017820597
0.028333187
0.028871536
0.029320240
0.029060602
0.028956175
0.029059649
0.028962374
0.030394793
0.017167568
0.030979395
0.031228304
0.029208899
0.029066801
0.029151440
0.028833866
0.028795242
0.028781652
0.016032457
0.028407574
0.030485153
0.031095982
0.030802965
0.032348633
0.032712221
0.032687902
0.032387733
0.017901421
0.028256178
0.030647755
0.031306982
0.031067371
0.031005144
0.032475471
0.032467127
0.032464266
0.017886400
0.028291464
0.028263569
0.029057980
0.029063225
0.029111862
0.028792143
0.028802395
0.030739546
0.016932964
0.028652906
0.029781342
0.030179501
0.029664278
0.029649019
0.029449940
0.029444456
0.029412746
0.016111612
0.029173613
0.032791138
0.031831264
0.029110909
0.029077768
0.029032469
0.029000282
0.028936625
0.015928507
0.030641079
0.032564402
0.032725573
0.031622887
0.028694868
0.028794527
0.028791428
0.028780222
0.015801191
0.030158758
0.032558918
0.032578707
0.032735109
0.030955076
0.029044390
0.028882265
0.029017687
0.015847683
0.029507160
0.032550335
0.032959461
0.032660961
0.032392979
0.030046940
0.028953791
0.028809786
0.015853882
0.028346777
0.028746605
0.029064894
0.028970003
0.028903246
0.029092073
0.028932333
0.028862000
0.017179251
0.028448820
0.031249046
0.032212496
0.032404661
0.032438040
0.032213926
0.032345295
0.032601118
0.017832756
0.028523207
0.031159878
0.031475782
0.031204700
0.029280663
0.028831005
0.028795242
0.028793097
0.015806913
0.029044867
0.028234243
0.029036045
0.029281616
0.029166937
0.030709505
0.031099319
0.030771732
0.017045498
0.029791594
0.032277822
0.032531261
0.032571316
0.032488346
0.028851748
0.028846741
0.029013634
0.015946388
0.028457165
0.028298855
0.029105663
0.029026031
0.028952837
0.029044151
0.029169559
0.030541897
0.017195225
0.028262854
0.028924465
0.030740976
0.030489445
0.030477762
0.030493021
0.030112267
0.030137300
0.018042326
0.028746367
0.032590866
0.029998064
0.028821707
0.028815269
0.028779984
0.028740168
0.028688908
0.015764475
0.028393745
0.029060125
0.029098272
0.029089928
0.030091047
0.031207085
0.031170607
0.030983925
0.017075300
0.028785944
0.028631687
0.029063463
0.029154062
0.028975725
0.028777361
0.029224157
0.030927658
0.017158508
0.028328657
0.028340578
0.029040098
0.029175043
0.029029608
0.028859854
0.028769016
0.030539513
0.016952991
0.028732061
0.029314756
0.029767990
0.029549122
0.029237270
0.029203176
0.029211044
0.029209614
0.015997410
0.029469728
0.031948805
0.032529831
0.032676458
0.029474497
0.028801680
0.028793573
0.028815508
0.016001463
0.028433561
0.028699636
0.028888464
0.028836012
0.028821230
0.030315161
0.030724049
0.030721903
0.016933441
0.028295994
0.028780222
0.029054165
0.029019833
0.028911591
0.028777122
0.028805017
0.030238867
0.016941547
0.030011415
0.032321930
0.032637835
0.031766176
0.028706312
0.028833628
0.028830290
0.028884172
0.016020298
0.028490782
0.028779984
0.029021025
0.029144287
0.028834343
0.028913260
0.030516148
0.030737877
0.016939402
0.029207230
0.028218746
0.029127121
0.028950930
0.029084444
0.028779030
0.028732777
0.029199839
0.017025232
0.028634310
0.032509565
0.029781342
0.028778791
0.028847456
0.028787851
0.028747559
0.028680801
0.015756130
0.029941559
0.031911373
0.030646563
0.028949499
0.029021740
0.028873444
0.029007673
0.028740168
0.015755415
0.028523207
0.028638840
0.029210091
0.029498100
0.031337261
0.031236172
0.031199455
0.031217098
0.017369032
0.028950453
0.029896736
0.031173944
0.031092405
0.031792402
0.032490253
0.032560110
0.032664061
0.017858028
0.028412819
0.028245926
0.029052258
0.029039621
0.029330015
0.028901815
0.029132605
0.031252861
0.017405748
0.028803587
0.032178640
0.030467987
0.029819965
0.029708147
0.029720306
0.029696226
0.029415369
0.016662359
0.028759241
0.030656815
0.031687021
0.032674313
0.032544374
0.032556772
0.032222271
0.032324553
0.017846107
0.028377295
0.028359413
0.029200315
0.029164076
0.029047489
0.030614853
0.031081200
0.030976534
0.017014027
0.028661728
0.028198481
0.029043436
0.029054642
0.029036522
0.028814077
0.029002666
0.030984879
0.017231464
0.028699398
0.028514862
0.029076815
0.030035257
0.031347036
0.031409264
0.031339169
0.031285048
0.017234087
0.028646231
0.028174877
0.029045820
0.029108286
0.029009342
0.029495478
0.031412601
0.031494856
0.017383575
0.028349400
0.031465530
0.032662153
0.032522202
0.032629967
0.032344103
0.032222748
0.030402184
0.016014814
0.028380394
0.028955221
0.029071569
0.029629230
0.031172037
0.031418562
0.031438351
0.031111479
0.017223120
0.028681278
0.028585911
0.028919935
0.028901339
0.028882742
0.030798674
0.031039000
0.031013250
0.017154217
0.029814005
0.028374195
0.029500246
0.029129267
0.028956890
0.028836727
0.030658484
0.030785561
0.017200708
0.029557467
0.032332897
0.031000614
0.030520916
0.030324936
0.030103922
0.030093431
0.030064583
0.016508102
0.028798819
0.030267715
0.031164169
0.029572010
0.028965473
0.028808594
0.028791904
0.028699398
0.015753984
0.029621601
0.032029152
0.032778740
0.032840014
0.032473087
0.030940294
0.028980494
0.028798103
0.015823603
0.028511763
0.028172970
0.029108524
0.028926849
0.028952122
0.028752327
0.028988361
0.028695345
0.016372919
0.028935671
0.032199144
0.032447100
0.029031515
0.028827667
0.028901339
0.028802395
0.028735638
0.016006708
0.028325081
0.030602932
0.031001091
0.030621290
0.030993462
0.032740593
0.032676697
0.032554150
0.017847776
0.028252363
0.031365156
0.031982183
0.031578302
0.031351328
0.029528618
0.028851271
0.028977394
0.015940428
0.028479338
0.028838873
0.029244661
0.029231310
0.029130697
0.028957129
0.028881550
0.030894041
0.017159700
0.028265715
0.028465033
0.029132128
0.028985023
0.028892040
0.028806448
0.028837919
0.029206038
0.016860962
0.028775930
0.029651642
0.031715631
0.031995058
0.031704664
0.031727314
0.031722307
0.031650782
0.017633200
0.028225660
0.028708696
0.029112577
0.029264212
0.031184435
0.031140327
0.030984402
0.030957699
0.017063141
0.028213501
0.028934240
0.028938532
0.028931856
0.028892517
0.028710365
0.029283524
0.030726910
0.016978264
0.028568745
0.028572083
0.029095411
0.029157162
0.028804302
0.028823614
0.028796673
0.028719902
0.015759945
0.028767347
0.032270670
0.032647371
0.032509327
0.029227972
0.028891563
0.028888226
0.028872252
0.015795469
0.028519392
0.030863762
0.031578064
0.031265259
0.031110287
0.031571388
0.032491922
0.032476664
0.017983675
0.028402328
0.028217316
0.029042482
0.029015303
0.029228926
0.028793812
0.028956652
0.030866385
0.017175436
0.029030561
0.028769016
0.029057741
0.028801203
0.028795242
0.028704166
0.028685808
0.029042721
0.016690731
0.028722763
0.029755116
0.031555653
0.032459259
0.032630444
0.032599688
0.032454491
0.032420158
0.018171310
0.028275251
0.028541327
0.028871059
0.028798819
0.028849602
0.031064987
0.031010628
0.030972481
0.017059565
0.028294802
0.028523207
0.028888941
0.028851271
0.028822184
0.028697729
0.030091286
0.030696869
0.016995907
0.028334379
0.028416634
0.029055119
0.029144049
0.028993607
0.028827190
0.028796911
0.028794289
0.015784740
0.030454397
0.032157660
0.032789230
0.032772064
0.029893637
0.028854847
0.029014111
0.029089451
0.016014338
0.028604984
0.028761387
0.029116154
0.029075623
0.028843880
0.028781891
0.028788090
0.030321360
0.016957283
0.030693293
0.028305054
0.028862953
0.030434847
0.030743361
0.030742168
0.030497074
0.030466557
0.016769171
0.028330803
0.028318167
0.028801441
0.028908491
0.028800488
0.029201508
0.030915022
0.030964851
0.017107964
0.029030561
0.030214787
0.029976130
0.029579639
0.029607058
0.029290915
0.029298306
0.029263973
0.016621351
0.031229496
0.032648563
0.032669067
0.031723976
0.028735876
0.028848886
0.028823614
0.028795242
0.015817642
0.028424501
0.028456211
0.029221296
0.029173374
0.029110432
0.029027224
0.029583693
0.030951738
0.017153978
0.031234503
0.028610468
0.028956890
0.029154062
0.029175043
0.028937578
0.028954744
0.030324459
0.017001629
0.028303623
0.028800726
0.029065609
0.029036045
0.029275179
0.029055595
0.029030323
0.028964281
0.017168760
0.028279305
0.028916359
0.029711485
0.031017542
0.031101465
0.030736685
0.030522346
0.030516386
0.016973019
0.029972553
0.032829523
0.032846212
0.032272577
0.029245615
0.029023409
0.029015541
0.029071808
0.016041517
0.028250933
0.028896093
0.028886318
0.028804779
0.028905153
0.028867960
0.030829191
0.030985594
0.016971827
0.028744936
0.028422356
0.028993130
0.029009342
0.028835058
0.028718233
0.028726816
0.028954744
0.016668081
0.028326035
0.030967474
0.032254696
0.032595634
0.032754183
0.032562017
0.032289743
0.032313347
0.017882347
0.028604507
0.030220270
0.031626940
0.031219244
0.031067610
0.032432079
0.032466173
0.032524586
0.017909527
0.028255701
0.028554678
0.029046535
0.029042244
0.028991461
0.028822184
0.029030085
0.030491352
0.016945601
0.028922319
0.031162500
0.032197952
0.032248974
0.032043457
0.031949282
0.032059431
0.032156944
0.017382622
0.028329134
0.028694153
0.029117823
0.029018879
0.029787302
0.031372070
0.031211138
0.031279802
0.017224789
0.028649569
0.028193474
0.029098034
0.029056311
0.029094696
0.028804541
0.030227900
0.030863523
0.016962051
0.029788733
0.029015541
0.029344082
0.029208660
0.028876305
0.028861284
0.029375315
0.030681849
0.016978264
0.028983593
0.031427383
0.029312849
0.029371262
0.029052258
0.028811455
0.028946400
0.028776407
0.015861511
0.028778791
0.030222416
0.031221151
0.031948328
0.032524109
0.032497644
0.032400846
0.032201767
0.018122673
0.030276775
0.028453827
0.029186964
0.029188395
0.029003382
0.030035734
0.031279802
0.031108618
0.017160892
0.028476477
0.028831482
0.029044151
0.029037237
0.028876781
0.028773546
0.028800011
0.030542135
0.016977787
0.029067755
0.028940916
0.029283524
0.029334784
0.029043913
0.028997421
0.029013395
0.028890133
0.015822649
0.029209614
0.030951738
0.031214714
0.030175686
0.028876543
0.028855085
0.028797388
0.028768063
0.015737534
0.028223753
0.028389692
0.029054403
0.029010296
0.029102802
0.028783798
0.029017448
0.030496120
0.016919851
0.029688597
0.031855583
0.030845881
0.028882742
0.028989553
0.028783083
0.028788567
0.028736830
0.016018391
0.028460264
0.028986216
0.029404163
0.029247284
0.030182362
0.031641960
0.031494379
0.031606197
0.017416716
0.028241396
0.028839827
0.028952360
0.028983831
0.028790712
0.028708220
0.029393196
0.030774593
0.017084122
0.029786348
0.028664589
0.029317141
0.029096127
0.029148102
0.028925896
0.028943300
0.028874397
0.015797853
0.028688908
0.029799700
0.031056643
0.030860424
0.030820608
0.030681610
0.030699015
0.030606985
0.016873121
0.028518915
0.028407097
0.029320240
0.029332638
0.029189110
0.029096603
0.029003620
0.030966043
0.017302513
0.029242277
0.031433582
0.029228926
0.029040813
0.029006481
0.028795719
0.028843641
0.029008865
0.015874863
0.028738499
0.030343771
0.031153202
0.030955076
0.031875849
0.032477140
0.032464504
0.032376766
0.017834187
0.028530121
0.028626680
0.029155254
0.029115915
0.028948069
0.028789759
0.028772831
0.030044556
0.016791821
0.031526089
0.031989336
0.030667543
0.029306173
0.029111385
0.028997660
0.029023409
0.028768301
0.015763044
0.032727957
0.033357620
0.032876730
0.032652855
0.031516314
0.028913021
0.028824329
0.028803825
0.015813112
0.028794765
0.028320074
0.028858423
0.028939009
0.028823376
0.028807640
0.029016972
0.029019833
0.016768694
0.028956413
0.030074358
0.030759335
0.030478954
0.028842926
0.028648138
0.028796911
0.028793573
0.015798092
0.028204918
0.028765202
0.029170275
0.029100180
0.029036045
0.028824806
0.028945446
0.030388832
0.017136097
0.028735876
0.031432629
0.029820919
0.029294252
0.028996468
0.028799772
0.028792143
0.028764963
0.015750170
0.029377460
0.031864643
0.032630682
0.032554626
0.030075788
0.028956652
0.028815269
0.028806925
0.015815735
0.028284073
0.028217554
0.029035568
0.029055595
0.029159784
0.028800249
0.028815508
0.029219151
0.016837835
0.028895617
0.032877445
0.032671213
0.030138493
0.028953791
0.028861523
0.028943300
0.028922796
0.016061306
0.028213263
0.028287411
0.029072523
0.029098511
0.029174328
0.029026508
0.030638933
0.030980825
0.017123699
0.029573202
0.030503750
0.029061556
0.028857470
0.028812647
0.028808117
0.028758764
0.028867006
0.016190529
0.028471470
0.031503439
0.031237841
0.029027462
0.028918028
0.028819323
0.028872013
0.028749466
0.015776873
0.028408289
0.029666901
0.031271935
0.030961037
0.031641960
0.032480478
0.032560825
0.032632113
0.018011332
0.029113054
0.028775454
0.029156446
0.029062033
0.029431105
0.029181480
0.030569315
0.030805349
0.017160177
0.028502941
0.031255722
0.029857874
0.029340506
0.029000521
0.028957367
0.028975725
0.028980494
0.016024351
0.028266668
0.028182507
0.029089928
0.029045343
0.031112432
0.031341076
0.031235218
0.031101942
0.017163992
0.028518200
0.028408051
0.028832912
0.028824568
0.028981447
0.028862476
0.029922724
0.030882835
0.017029524
0.028513193
0.028918982
0.029195547
0.029213190
0.028847694
0.028805733
0.028828144
0.028980255
0.017117977
0.028560877
0.028820515
0.029093027
0.029040575
0.028901100
0.028802872
0.028809547
0.028947115
0.015888214
0.028528452
0.030067921
0.032031059
0.031439781
0.032550812
0.032659292
0.032777786
0.032504559
0.018081188
0.028224707
0.028204918
0.029093266
0.029133558
0.028900385
0.029874086
0.031363010
0.031442642
0.017305851
0.028291702
0.028719664
0.029187918
0.029230356
0.028958321
0.028908968
0.028978109
0.030710936
0.017065287
0.028677225
0.030068874
0.031515360
0.032531500
0.032637358
0.032677889
0.032253742
0.032248259
0.017830610
0.028271914
0.030467510
0.031421185
0.031290293
0.030977964
0.032467604
0.032483816
0.032517672
0.017916441
0.028275490
0.028344393
0.029149532
0.029252768
0.029027939
0.028936386
0.028981924
0.030822039
0.017135620
0.028438091
0.028933287
0.029479980
0.029835224
0.029811382
0.029577494
0.029747725
0.029904127
0.016584635
0.028782845
0.032480001
0.032535076
0.032612085
0.031125546
0.028638840
0.028816223
0.028831720
0.015812874
0.028982639
0.028627157
0.029053211
0.028965712
0.029033899
0.029707432
0.031071663
0.031125307
0.017321348
0.028424025
0.032224894
0.032688618
0.032604456
0.032560587
0.032498598
0.032468081
0.031385183
0.016082048
0.028595686
0.029436350
0.031558037
0.031261921
0.031257629
0.031095982
0.030813694
0.030652285
0.016088247
0.028326035
0.031212091
0.032752275
0.032708168
0.032541990
0.032460451
0.032424450
0.029975891
0.015939713
0.029738903
0.031951904
0.032491922
0.031349659
0.028885365
0.028864861
0.028758764
0.028763294
0.015748978
0.028557777
0.028691053
0.028975010
0.029060125
0.028908014
0.028672934
0.029767752
0.030749083
0.016824007
0.028638363
0.030538082
0.032106161
0.032482147
0.032489300
0.032392263
0.032274008
0.032266855
0.017848492
0.028204203
0.028955221
0.029167891
0.029286146
0.030991077
0.031220675
0.030965567
0.030943155
0.017118216
0.028607130
0.028715372
0.029411077
0.029201984
0.029253960
0.029054165
0.029567719
0.030979633
0.017226458
0.028621435
0.028440237
0.029103994
0.029242039
0.029082537
0.029032946
0.028850794
0.029444695
0.016916275
0.028723240
0.030219316
0.030988693
0.030800819
0.030745745
0.030518770
0.030492544
0.030458689
0.016788483
0.028223038
0.028789997
0.029071331
0.029219866
0.030750513
0.030958414
0.030981541
0.030963659
0.016923904
0.028674364
0.031100988
0.031578541
0.031291962
0.031016350
0.029858828
0.028884649
0.028818607
0.015814543
0.028334379
0.028903008
0.029357910
0.028806448
0.028810501
0.028781891
0.028769970
0.030290842
0.016961098
0.028251171
0.029428005
0.029406309
0.028992176
0.028843641
0.028868198
0.028850555
0.028724432
0.015765429
0.028932571
0.030592203
0.031315565
0.031305790
0.029347181
0.028918505
0.029085398
0.029006481
0.015851498
0.028327227
0.028747082
0.029013395
0.029035330
0.029196978
0.029525280
0.031038761
0.030941486
0.017168045
0.028455973
0.030006170
0.030831099
0.030405521
0.030334711
0.030327797
0.030236006
0.030212164
0.016713142
0.028774023
0.032010317
0.032548904
0.031304598
0.028993130
0.028784752
0.028970957
0.029110909
0.015835285
0.028450251
0.028963804
0.029074192
0.029045820
0.029015779
0.031214476
0.031454086
0.031205416
0.017258167
0.028259277
0.028386831
0.029047728
0.029136181
0.028994083
0.028953314
0.029045582
0.030627966
0.017028809
0.029632330
0.029094219
0.028888941
0.028877974
0.028846025
0.028924465
0.028763533
0.028745413
0.016623974
0.029163599
0.031612158
0.029338598
0.029080153
0.028955221
0.028858423
0.028944016
0.028972626
0.016017675
0.028853416
0.030488729
0.030902624
0.030754089
0.031835556
0.032484293
0.032478571
0.032336473
0.017832518
0.028984785
0.028830528
0.029576778
0.029060364
0.028919220
0.029176712
0.030475378
0.030781746
0.017229795
0.028289318
0.028966665
0.029249668
0.029172897
0.029033899
0.028787374
0.028803825
0.030576229
0.016920805
0.030444384
0.029897213
0.029191971
0.029052973
0.028914452
0.028787851
0.028941870
0.028810978
0.015787363
0.029397726
0.028464079
0.029434204
0.029142380
0.031405449
0.031670094
0.031451702
0.031255484
0.017271042
0.029632807
0.029075623
0.028931856
0.029027224
0.028968811
0.028783083
0.030595303
0.030747414
0.016968012
0.028516531
0.029564142
0.029842138
0.029670954
0.029662848
0.029640913
0.029473782
0.029473305
0.016959906
0.028063297
0.028991461
0.029242039
0.029448748
0.031250954
0.031201124
0.031173706
0.031109810
0.017082691
0.028233528
0.028331995
0.029127359
0.029107571
0.029132366
0.028902769
0.028999567
0.030629873
0.017143726
0.029650927
0.032497406
0.032580614
0.032636642
0.032531023
0.032168627
0.032262087
0.031111002
0.016090870
0.028342962
0.031935453
0.032788754
0.032901049
0.032733202
0.032448053
0.032476902
0.029624224
0.015916348
0.028788805
0.030921698
0.031333685
0.031362057
0.031065464
0.030879259
0.030870914
0.030694962
0.016912222
0.028149366
0.028371811
0.029039860
0.029111862
0.031157970
0.031229496
0.031261444
0.031083584
0.017086744
0.028423786
0.028739452
0.028945208
0.028904676
0.029060602
0.030437946
0.031001091
0.030959845
0.017111778
0.028730631
0.028781176
0.028864861
0.028897524
0.028856277
0.028723717
0.028684378
0.028696299
0.016726732
0.028869629
0.031247854
0.031629086
0.031503439
0.029478073
0.029139042
0.029017210
0.029185295
0.015974045
0.028554678
0.028077841
0.029228926
0.029213190
0.030887127
0.031668663
0.031605959
0.031262398
0.017718554
0.029876947
0.030695438
0.031401873
0.029861450
0.029039621
0.029117346
0.029078007
0.029069662
0.016010284
0.028166533
0.028770447
0.029312372
0.030449390
0.031716108
0.031383514
0.031433582
0.031543016
0.017540455
0.028350115
0.031267643
0.029936075
0.029058695
0.028913021
0.028855085
0.028860807
0.028787136
0.015809059
0.028431416
0.028611183
0.029322147
0.029305220
0.031619310
0.031724453
0.031663179
0.031663179
0.017621756
0.028548479
0.028962612
0.028985262
0.028990507
0.030570030
0.030903816
0.030705929
0.030606508
0.016912699
0.028364897
0.028631926
0.029269218
0.029167652
0.029124737
0.029019117
0.030957937
0.030841827
0.017036200
0.028614044
0.030933380
0.032666206
0.032691479
0.032770395
0.032378674
0.032361507
0.030761480
0.016087770
0.028571844
0.031071424
0.032249451
0.032627106
0.032439947
0.032309294
0.032371759
0.032754660
0.017730951
0.028250217
0.028666735
0.029737234
0.029703379
0.029620171
0.029699802
0.029477358
0.029447556
0.016134262
0.028669119
0.031829357
0.032772064
0.029224396
0.029015779
0.029075861
0.028968811
0.028731823
0.015737772
0.028608084
0.028818607
0.029172421
0.029118776
0.029681444
0.031117439
0.031093597
0.031178236
0.017295361
0.030404091
0.028216362
0.029159546
0.029073238
0.028911829
0.028850317
0.028836727
0.030923843
0.017123699
0.028662920
0.029518843
0.031190157
0.032349825
0.032512188
0.032541275
0.032466412
0.032242775
0.017879009
0.028749228
0.028429985
0.029175043
0.029229641
0.029006958
0.029422998
0.030932188
0.031008720
0.017141104
0.028151989
0.028719664
0.029070616
0.029048920
0.028881311
0.028809309
0.028822422
0.030530691
0.016937971
0.029144049
0.031949043
0.030650854
0.029024839
0.029008389
0.028837204
0.028943300
0.028918028
0.015915394
0.028569221
0.031074524
0.031635523
0.031376600
0.031210661
0.029590607
0.028928757
0.028831244
0.015876770
0.028284550
0.028242111
0.028939486
0.028796911
0.028868437
0.028678656
0.028737545
0.030637741
0.016937971
0.028270960
0.030504942
0.029318571
0.028890848
0.028925419
0.029003620
0.028802156
0.028751373
0.015935659
0.028366566
0.028132677
0.028956890
0.028784275
0.029087543
0.030904531
0.031016588
0.030972481
0.017086506
0.028619289
0.028633356
0.028944254
0.029124498
0.028951406
0.028725624
0.028787851
0.028806925
0.016556501
0.029120207
0.030126810
0.030761480
0.031773806
0.032678843
0.032491446
0.032578230
0.032434464
0.018029451
0.028184652
0.028739452
0.029135227
0.029026270
0.029071569
0.029047012
0.029960871
0.031205177
0.017144442
0.028310061
0.028542042
0.029087067
0.029112577
0.029186487
0.029127359
0.029010296
0.029232740
0.016139984
0.029511452
0.032052755
0.032688141
0.032230139
0.029062986
0.028829336
0.029092550
0.028995275
0.015982628
0.029497385
0.031778336
0.032755375
0.032515287
0.029833555
0.028865099
0.028811932
0.028996468
0.015823603
0.028257847
0.028970957
0.029265404
0.029390812
0.029256105
0.029411077
0.030964136
0.030914068
0.017132759
0.028189898
0.029142857
0.029194355
0.030064106
0.028852940
0.029132128
0.029806137
0.030951977
0.017173290
0.028396130
0.028763533
0.029400826
0.028918505
0.028958082
0.028875351
0.029484510
0.030789852
0.017128229
0.029136419
0.031482458
0.029263496
0.029153585
0.029016256
0.028972864
0.028980494
0.028820753
0.015883207
0.028551817
0.028125048
0.029051304
0.030275822
0.031794310
0.031427145
0.031453848
0.031325340
0.017136812
0.028516293
0.028343439
0.029198408
0.029085398
0.029025793
0.031363249
0.031740189
0.031637669
0.017652273
0.028740883
0.028864384
0.028998852
0.029048204
0.029177189
0.028916121
0.029741764
0.031003237
0.017197847
0.028943062
0.028401375
0.028997660
0.029031515
0.029005766
0.028751373
0.028828382
0.029120207
0.016883850
0.030369043
0.028635740
0.029346943
0.029998064
0.029868364
0.029764652
0.029588699
0.029710054
0.016459227
0.028335810
0.028370619
0.029164791
0.028869390
0.029052019
0.030922890
0.031299353
0.031199932
0.017233849
0.028682709
0.028628349
0.029380322
0.029073000
0.029012203
0.028940201
0.028982401
0.030143023
0.017363310
0.028260708
0.030679226
0.031722069
0.031597853
0.031867981
0.031976700
0.031479836
0.031462193
0.017368793
0.028285742
0.031445742
0.032762527
0.032540798
0.032622814
0.032421827
0.032305956
0.030271769
0.015849590
0.028230667
0.028942823
0.029180527
0.030799150
0.031253815
0.031161785
0.031000137
0.030992746
0.017112255
0.029477596
0.032336235
0.032510757
0.032505512
0.032590389
0.029038429
0.028880119
0.029016495
0.016084194
0.028208256
0.031280279
0.032070637
0.031498432
0.031604290
0.030110359
0.029109955
0.029005051
0.015913010
0.028654814
0.028150797
0.028823614
0.028826952
0.028822422
0.028771877
0.028690577
0.029542685
0.016954899
0.029077053
0.032412052
0.030240297
0.029108524
0.028914213
0.028894424
0.028864622
0.028895378
0.015888214
0.028600216
0.028260469
0.029367685
0.030061007
0.031622648
0.031802416
0.031783104
0.031290531
0.017299652
0.028194904
0.028398275
0.029207945
0.029103279
0.028998137
0.028971910
0.030902624
0.030992985
0.017233133
0.028382063
0.028743982
0.029036522
0.029144049
0.029033184
0.029090405
0.028824091
0.029798746
0.017223835
0.028504848
0.029134750
0.029140949
0.031195641
0.031633377
0.031287432
0.031202078
0.031433344
0.017627716
0.028633595
0.030533791
0.031452894
0.030960798
0.030961275
0.028981209
0.028632164
0.028832436
0.015895367
0.028539181
0.028146267
0.029031038
0.028786421
0.028814077
0.028786182
0.028749228
0.030790806
0.017135859
0.028478622
0.029204845
0.031380177
0.031196356
0.030992508
0.031177044
0.030879259
0.030835629
0.015832901
0.028934956
0.032844782
0.029878378
0.029258251
0.029031754
0.028989792
0.029042721
0.029309750
0.015964508
0.028722525
0.030588388
0.031723976
0.029801607
0.028845787
0.028822184
0.028963566
0.028770208
0.015937090
0.028592110
0.032126427
0.032955647
0.032841682
0.031999826
0.029095173
0.029030561
0.029114008
0.016153574
0.028645039
0.028432846
0.029028893
0.029159546
0.028999567
0.028857946
0.028840065
0.030994415
0.017070055
0.028258562
0.028891325
0.029194355
0.029105902
0.029440165
0.028835058
0.028782845
0.029917240
0.016957760
0.029472113
0.030067205
0.031643629
0.032611847
0.032532692
0.032399654
0.032236099
0.032233953
0.018119574
0.029212952
0.032069206
0.032608032
0.031457424
0.028707266
0.028944016
0.028725863
0.028815269
0.015825748
0.028471947
0.030847549
0.031286478
0.031149864
0.031030893
0.032514811
0.033147573
0.032587528
0.017851591
0.028534889
0.028788567
0.029284477
0.029039621
0.029004335
0.028785944
0.029739618
0.030943155
0.016973972
0.028565168
0.029635429
0.029431343
0.028821230
0.028899431
0.028806448
0.029083014
0.028748274
0.015793800
0.029843807
0.032169580
0.032815695
0.029715776
0.028820992
0.028780460
0.028809547
0.028789282
0.015748739
0.028653383
0.028553247
0.028788090
0.028971910
0.028877497
0.028700590
0.029921293
0.030747652
0.016843796
0.028772831
0.028675795
0.029043674
0.028808117
0.028856277
0.028704166
0.028864384
0.028770685
0.016966105
0.028102875
0.028624773
0.029527664
0.030453920
0.030401230
0.030625105
0.030164242
0.030413866
0.016832590
0.028396130
0.030805111
0.031160116
0.030776024
0.030701160
0.028809071
0.028803110
0.028811932
0.015784740
0.028241873
0.028603554
0.029153347
0.029080629
0.029034138
0.028775215
0.029068470
0.029988766
0.017228127
0.028316975
0.028835535
0.029096842
0.029051065
0.028940439
0.028771877
0.028788328
0.028747082
0.015747547
0.029744864
0.032323360
0.032745361
0.031717777
0.028812170
0.028805017
0.029059887
0.028800249
0.015817404
0.028213501
0.028707981
0.028926373
0.029053926
0.028948784
0.028790712
0.030654669
0.030743599
0.016939640
0.028210402
0.028889179
0.029450178
0.030006647
0.029968500
0.029901028
0.029901981
0.029726744
0.016501188
0.028237820
0.028224945
0.029196739
0.029041290
0.029305935
0.028823614
0.030564547
0.030751467
0.016959429
0.028859854
0.032079697
0.029254675
0.028818846
0.028942585
0.028798819
0.028769255
0.028720856
0.015749693
0.029779911
0.031804085
0.032654285
0.032533407
0.032463312
0.028783321
0.029083014
0.028830767
0.015825033
0.029297829
0.029815674
0.028865337
0.029051304
0.028807402
0.028743505
0.028704882
0.028721571
0.016173124
0.028575420
0.030426025
0.030722141
0.030508757
0.030653477
0.032419443
0.032493830
0.032457590
0.018090487
0.028252602
0.028745413
0.029036760
0.029359102
0.029041290
0.028784037
0.028814077
0.030361414
0.016971827
0.029475212
0.032508373
0.029766083
0.029022694
0.029002190
0.028772831
0.028829575
0.028789759
0.015820503
0.028197527
0.028330564
0.029027939
0.029046774
0.029459953
0.031422615
0.031239033
0.031225443
0.017290354
0.028899193
0.028948307
0.029026270
0.028824568
0.028944969
0.028921843
0.028885365
0.030002594
0.017154932
0.028853655
0.030677080
0.031782150
0.032608271
0.032569408
0.032693386
0.032239199
0.032229424
0.017851591
0.028881788
0.030738115
0.031541348
0.031264067
0.031121969
0.029297590
0.028801441
0.028831959
0.015811205
0.028881550
0.028735638
0.029059172
0.029043913
0.028907061
0.028831005
0.029129505
0.028962612
0.016806126
0.028283596
0.030563831
0.029111862
0.028821468
0.029027700
0.028808594
0.028738260
0.028704405
0.015781164
0.028674841
0.030684233
0.030945539
0.030818224
0.029718161
0.028795719
0.029033184
0.028812885
0.015824318
0.028291941
0.028970957
0.029137373
0.029101849
0.029086828
0.028990984
0.029584408
0.030912161
0.017179966
0.029453754
0.031672239
0.030627489
0.029015064
0.028859854
0.028846025
0.029234409
0.028781176
0.015779257
0.029063463
0.030159235
0.030706406
0.030552387
0.030778170
0.032600164
0.032702446
0.032729149
0.018031359
0.028891325
0.032492399
0.032519102
0.032514811
0.032313824
0.029824734
0.028841496
0.028797626
0.015811920
0.028271675
0.028333426
0.029263735
0.029223442
0.029002666
0.029319286
0.029838085
0.029948473
0.017442226
0.029623508
0.031553745
0.029102087
0.028955460
0.028939486
0.029097795
0.028919697
0.028795958
0.015855789
0.029049397
0.032857895
0.032506466
0.032541037
0.028979301
0.028806448
0.028829575
0.028801203
0.015790701
0.029010534
0.032662392
0.032729626
0.032716036
0.032599211
0.029088974
0.028703451
0.028853178
0.015801430
0.028443575
0.028812885
0.028855562
0.028986692
0.028927565
0.028729916
0.029339790
0.030833483
0.017137289
0.028521299
0.029062033
0.029269457
0.029429197
0.028920412
0.029103279
0.029032469
0.028884888
0.015865803
0.028130770
0.028594255
0.029493332
0.029877663
0.029821634
0.030044556
0.029907703
0.029930830
0.016692638
0.028657436
0.030119419
0.031223536
0.032235861
0.032479763
0.032471180
0.032368183
0.032233953
0.017873764
0.028326273
0.028641939
0.028990984
0.028996706
0.029135704
0.029424191
0.030826092
0.030955553
0.017084360
0.028299570
0.028578043
0.029454708
0.029215813
0.029332161
0.029003620
0.029001951
0.029001951
0.016131639
0.028541327
0.030066729
0.031376600
0.031276226
0.032468081
0.032471657
0.032796144
0.032232046
0.017831326
0.028525352
0.031075478
0.031215191
0.030954123
0.031226635
0.032475948
0.032490492
0.032465696
0.017871380
0.028537035
0.028510094
0.029241085
0.029101610
0.028960466
0.029090405
0.029173613
0.030586958
0.016945839
0.028317451
0.028766632
0.028893471
0.028851748
0.028900385
0.028708935
0.028699398
0.028674126
0.015746117
0.028852463
0.029424667
0.030999422
0.030882120
0.031225681
0.032742262
0.032624722
0.032511950
0.017828703
0.028303623
0.028406620
0.029023409
0.029145241
0.029059172
0.028807878
0.028800964
0.030534029
0.016930580
0.028565884
0.028816462
0.029053450
0.029143572
0.029135227
0.029090881
0.028955460
0.028902769
0.016654968
0.028545380
0.030337095
0.030690432
0.031615496
0.032626152
0.032443523
0.032352448
0.032189608
0.018031597
0.028719425
0.032540083
0.032612085
0.032544851
0.031773806
0.029132605
0.028955221
0.029008150
0.016000986
0.028606176
0.030024529
0.031748533
0.031542301
0.031835079
0.032500029
0.033278227
0.032455921
0.017955065
0.028255463
0.028451681
0.029050589
0.029097319
0.029149771
0.029544830
0.031342030
0.031242609
0.017232418
0.028166533
0.028370619
0.029286146
0.028948545
0.029041767
0.029062271
0.029006243
0.031145573
0.017408133
0.028410196
0.030873060
0.032563925
0.032549143
0.032538414
0.032367945
0.032269716
0.030409336
0.015823364
0.028681517
0.032584906
0.030025721
0.029080391
0.028951168
0.028799295
0.028757334
0.028986692
0.015876770
0.028646469
0.032462358
0.032042027
0.029269695
0.028975964
0.029052258
0.028799772
0.028774738
0.015748739
0.028931379
0.032456398
0.032531738
0.032527685
0.031846285
0.028913260
0.028790951
0.028789282
0.015818119
0.028614044
0.028232098
0.028989553
0.029044390
0.029151440
0.029059649
0.028810263
0.030716181
0.016978502
0.028194427
0.031132460
0.032690048
0.032800913
0.032573462
0.032910585
0.032396793
0.030112267
0.016123295
0.030376673
0.028568745
0.029176950
0.029408455
0.029206276
0.029187918
0.029048443
0.029531956
0.016162872
0.029105663
0.030564785
0.031815767
0.032665491
0.032718897
0.032624245
0.032442808
0.032264948
0.017855167
0.029041529
0.032677889
0.032504082
0.032667637
0.029007196
0.028828621
0.028780460
0.028793573
0.015785456
0.028496742
0.028664827
0.028965712
0.029515266
0.031229019
0.031148672
0.031156063
0.030941725
0.017169237
0.028286934
0.028465509
0.029007912
0.029533386
0.031367302
0.031509399
0.031465054
0.031233072
0.017319679
0.030795336
0.032285929
0.032473803
0.031303883
0.028934002
0.028872252
0.028797150
0.029093266
0.015779972
0.029436350
0.032772779
0.032772303
0.032712221
0.030338287
0.028822422
0.028854132
0.028793335
0.015827179
0.028245211
0.028368950
0.028818607
0.028769970
0.028819799
0.028775454
0.028965473
0.030737400
0.017127991
0.029577255
0.031533241
0.030278206
0.029204130
0.029015064
0.028987169
0.028768301
0.028802872
0.015777826
0.028343439
0.029612303
0.031001568
0.030893087
0.032484531
0.032495022
0.032488585
0.032195330
0.017806292
0.029747725
0.028276920
0.029065609
0.029126167
0.029275894
0.030995131
0.031166792
0.030959606
0.017094851
0.028189898
0.028176069
0.029181957
0.029093266
0.029144049
0.028807878
0.028893948
0.030701876
0.017079830
0.028230667
0.028367281
0.029208660
0.029894352
0.029813051
0.029824495
0.029669523
0.029747486
0.016307831
0.028511047
0.028789282
0.028976202
0.029126644
0.030208826
0.030923128
0.030894995
0.030865908
0.017086029
0.029014587
0.028158188
0.029150724
0.029076338
0.029018402
0.028776884
0.028787374
0.029680490
0.017144918
0.028346539
0.028407097
0.028798580
0.030632496
0.030814171
0.030467749
0.030456543
0.030411959
0.016671896
0.028223276
0.028450012
0.029209852
0.030383587
0.031049252
0.031158924
0.030984640
0.030755520
0.016922951
0.029275656
0.028489113
0.029349327
0.030162096
0.030173779
0.030068636
0.030076265
0.030168772
0.016541481
0.029101849
0.032362223
0.031376123
0.031136036
0.031081676
0.030984879
0.030704260
0.030736923
0.016991854
0.030423403
0.031309128
0.028881073
0.028925419
0.028810501
0.028787136
0.028681517
0.028680086
0.015936613
0.028188229
0.030532122
0.032464504
0.032455444
0.032325029
0.032211781
0.032234430
0.032210112
0.017981529
0.032780409
0.032580137
0.032842159
0.032315493
0.032270193
0.032225370
0.032223225
0.032238960
0.017823696
0.028230667
0.028559685
0.029073477
0.029016256
0.030125856
0.031176329
0.031172037
0.030940771
0.017070532
0.030460358
0.032197714
0.032663584
0.032496214
0.032440662
0.032238007
0.032218218
0.032227039
0.017828465
0.028208256
0.028780937
0.031905413
0.031782389
0.031321526
0.031185150
0.031214714
0.031115294
0.017538071
0.028209925
0.028510571
0.029017925
0.029099703
0.028807163
0.028781176
0.029455900
0.032451153
0.017946720
0.028471947
0.028024435
0.029001713
0.028882504
0.028981924
0.032521248
0.032488346
0.032487631
0.017832041
0.028218508
0.028084517
0.029096603
0.029139519
0.032538652
0.032492399
0.032459497
0.032248974
0.017790794
0.028218746
0.028136730
0.029683590
0.032534599
0.032516718
0.032437325
0.032190084
0.032203674
0.017812967
0.028404474
0.028619528
0.029034376
0.029002905
0.028838158
0.028762579
0.028780937
0.031786680
0.017973661
0.033753395
0.032565594
0.032620430
0.032246113
0.032327652
0.032204151
0.032222271
0.032217026
0.017822266
0.028775930
0.032515049
0.032510757
0.032523870
0.032274485
0.032225847
0.032225609
0.032239676
0.017842054
0.029052973
0.031973839
0.032526493
0.032507420
0.032430887
0.032222986
0.032194376
0.032219887
0.017825603
0.029855490
0.032497406
0.032629251
0.032552481
0.032393217
0.032263756
0.032230139
0.032229662
0.016336679
0.030187368
0.032475948
0.032532930
0.032426119
0.032336473
0.032191038
0.032243490
0.032222033
0.017814398
0.028784513
0.032666445
0.032458544
0.032619715
0.032492876
0.032234669
0.032229424
0.032188654
0.017839909
0.028666496
0.028699398
0.029078722
0.032454729
0.032463551
0.032476902
0.032284737
0.032212973
0.017829895
0.028266430
0.031126499
0.032621384
0.032522202
0.032396317
0.032188416
0.032227278
0.032243252
0.017817020
0.031340122
0.032507896
0.032534838
0.032428503
0.032311201
0.032238960
0.032224655
0.032216311
0.017814636
0.028533220
0.028243542
0.029389858
0.032595634
0.032454491
0.032555819
0.032225370
0.032198191
0.017836809
0.030337572
0.032634258
0.032656670
0.032465696
0.032258749
0.032186270
0.032246828
0.032196522
0.017814159
0.028564215
0.032476902
0.032503366
0.032447100
0.032372713
0.032217264
0.032220364
0.032207966
0.017806530
0.028290272
0.028328180
0.028832197
0.030269623
0.032491922
0.032462358
0.032434464
0.032239676
0.017821074
0.029706478
0.032485247
0.032470703
0.032543182
0.032243490
0.032222748
0.032185555
0.032210350
0.017807245
0.029000998
0.029071808
0.032373190
0.031995058
0.031779766
0.031681538
0.031631231
0.031440020
0.017974615
0.028748751
0.032454252
0.032518148
0.032466173
0.032286167
0.032237530
0.032236338
0.032202005
0.017807245
0.030495882
0.032629490
0.032496214
0.032490015
0.032380581
0.032219410
0.032256603
0.032233000
0.017843962
0.028962374
0.031970263
0.032487392
0.032617092
0.032456875
0.032228708
0.032241106
0.032218695
0.017797232
0.028711557
0.028400660
0.030232430
0.032524347
0.032524824
0.032475233
0.032418966
0.032428265
0.018065929
0.028816223
0.028527498
0.029075861
0.029011726
0.028939724
0.028799772
0.028784037
0.029661179
0.017178059
0.028210878
0.028136730
0.029053688
0.029122353
0.028863192
0.028816938
0.032110929
0.032482624
0.018012524
0.031008720
0.032457829
0.032551289
0.032483339
0.032439232
0.032401085
0.032425642
0.032246590
0.017821550
0.028125763
0.028654099
0.029139996
0.032608986
0.032634735
0.032494783
0.032365561
0.032525778
0.017849207
0.028304577
0.029927969
0.032610893
0.032549620
0.032424927
0.032217503
0.032254934
0.032214403
0.018074512
0.033230782
0.032568455
0.032473326
0.032445192
0.032437325
0.032238245
0.032264709
0.032321930
0.017856598
0.028381348
0.032481909
0.032494545
0.032625914
0.032421827
0.032242537
0.032195091
0.032207489
0.017829657
0.030188322
0.032709122
0.032619953
0.032624722
0.030468464
0.028957605
0.028975010
0.028912306
0.015961409
0.029217958
0.032428503
0.032491922
0.030636787
0.028925180
0.028759718
0.028787613
0.028739691
0.015738249
0.030480385
0.032155991
0.030373573
0.028987169
0.029000521
0.029045105
0.028850317
0.028754234
0.015890360
0.028810263
0.028531790
0.029387474
0.030324936
0.030547380
0.030234575
0.030026913
0.030019522
0.016535759
0.028917074
0.028734922
0.029079676
0.028991699
0.028941631
0.028711319
0.028956413
0.028724432
0.015764713
0.028233051
0.028527260
0.029050827
0.029138327
0.029060602
0.028904676
0.028868437
0.028896809
0.015918732
0.030522108
0.028310776
0.029214621
0.029108286
0.029013872
0.028842926
0.029264212
0.032629490
0.018173695
0.028231144
0.028379202
0.028817892
0.028770924
0.028787851
0.028730392
0.031099081
0.032461882
0.017959356
0.028230190
0.028041601
0.028997183
0.028940916
0.029133081
0.029498100
0.030934334
0.031170368
0.017192364
0.028508186
0.031069040
0.031539917
0.031177521
0.032368183
0.032643318
0.032754898
0.032518148
0.018033266
0.028836012
0.029626846
0.030872345
0.030966997
0.030696154
0.031878471
0.032463312
0.032486439
0.018039465
0.028949022
0.032496214
0.032531500
0.032473564
0.032297134
0.031500340
0.028870106
0.028804541
0.016037226
0.028750658
0.032051563
0.032388926
0.031955481
0.031642914
0.031662941
0.031925440
0.031936169
0.017634869
0.028284311
0.028293610
0.028972149
0.029021502
0.030461311
0.031453848
0.031061649
0.031022310
0.017295361
0.029051304
0.032674313
0.032501936
0.032536507
0.029263496
0.028889418
0.028893709
0.028843164
0.015762329
0.028757811
0.030720949
0.031616449
0.032478094
0.032672882
0.032533646
0.032470942
0.032308817
0.017966509
0.029097080
0.032552481
0.032689810
0.030283213
0.028942347
0.028975964
0.028999805
0.029002666
0.015877724
0.030052662
0.032733440
0.032513380
0.031764507
0.028820515
0.028883696
0.028856516
0.028876305
0.016058207
0.028760433
0.032486439
0.032612562
0.032540560
0.029001951
0.029067039
0.028832674
0.028819561
0.015781879
0.028194666
0.028213024
0.029265642
0.028987646
0.029052019
0.028789759
0.029989243
0.030704737
0.016940594
0.029376268
0.031398535
0.029268265
0.029067516
0.029106379
0.028855324
0.028827429
0.029002428
0.015769482
0.028081417
0.028537750
0.029336452
0.030191422
0.030110836
0.030200005
0.029937506
0.029928684
0.016477585
0.029416323
0.032331705
0.032726049
0.030663490
0.028916121
0.028892994
0.028905630
0.028902531
0.015805483
0.028441668
0.027974367
0.029229403
0.029043198
0.029259205
0.031123638
0.031405687
0.031215429
0.017132044
0.028969765
0.032685995
0.032686472
0.032593727
0.032436848
0.030166864
0.028809071
0.028927803
0.015894175
0.029081345
0.028829813
0.029212952
0.029135704
0.029114485
0.028949976
0.029411316
0.031071901
0.017339230
0.028111696
0.029830456
0.032551527
0.031738043
0.031551600
0.031697512
0.031889200
0.030991077
0.015805244
0.028899193
0.028221130
0.029100180
0.029821396
0.029910088
0.029652596
0.029612064
0.029614925
0.016394854
0.029480696
0.032311916
0.032722235
0.032690763
0.029481888
0.028909445
0.028870583
0.028906345
0.016003132
0.028188944
0.028410435
0.029194593
0.029043913
0.029091597
0.030210257
0.031736135
0.031672239
0.017307043
0.028277636
0.028838634
0.028802633
0.028955698
0.028758049
0.028720617
0.028982162
0.030037165
0.017207861
0.029691696
0.032682419
0.029053211
0.028833389
0.028988123
0.028853178
0.028831482
0.028796196
0.015779495
0.029688835
0.031764269
0.032721758
0.031919241
0.028842688
0.028874636
0.029052973
0.028879642
0.015837908
0.028223038
0.028642654
0.028842449
0.028841734
0.028789282
0.030138731
0.030846119
0.030778646
0.016950369
0.028656483
0.032356024
0.032694578
0.032466888
0.032378197
0.032228470
0.032262564
0.032068491
0.016135216
0.028640985
0.028651714
0.028966427
0.028899670
0.029648542
0.030946016
0.030931950
0.031074762
0.016963482
0.028914452
0.028745174
0.028839588
0.028938532
0.028944731
0.028695822
0.028688669
0.028684378
0.016780853
0.028122902
0.028773069
0.029062271
0.030946732
0.031028271
0.031024694
0.030868530
0.030954599
0.017264366
0.028517246
0.028294086
0.028990507
0.029053450
0.029210567
0.028934479
0.030464172
0.030957937
0.017088413
0.029998541
0.031768560
0.030567884
0.028964758
0.028848886
0.028778076
0.028789043
0.028676987
0.015726805
0.028231144
0.028220415
0.029039860
0.029114008
0.029248714
0.030796766
0.031159401
0.031003952
0.017320871
0.028255463
0.028168440
0.029187202
0.029089689
0.029174805
0.028841019
0.028814554
0.029538631
0.017019272
0.030325651
0.032174349
0.029850006
0.028836250
0.028925657
0.028822899
0.028844833
0.028706789
0.015921354
0.028425694
0.028228045
0.028995037
0.029015541
0.030418158
0.031122446
0.031000137
0.030994415
0.017028570
0.028741360
0.028758526
0.029135227
0.029231548
0.029022217
0.029250383
0.030671835
0.030808449
0.016955137
0.028276682
0.028373718
0.028946877
0.028932333
0.028900385
0.028709173
0.028742313
0.029181242
0.016764164
0.028925657
0.028829098
0.029383183
0.029925823
0.029831409
0.029739857
0.029578924
0.029787064
0.016386747
0.028106928
0.028071642
0.029054165
0.029072762
0.031324625
0.031245708
0.031215906
0.031447887
0.017093658
0.029103756
0.031854630
0.032601118
0.032587051
0.032386303
0.031007528
0.028875828
0.028831244
0.016014099
0.028457642
0.028227568
0.029020548
0.029050112
0.028983116
0.028784752
0.028991461
0.028797626
0.015793085
0.028225183
0.028811455
0.029119492
0.029328585
0.031457901
0.031188488
0.031175375
0.031159878
0.017138958
0.028723955
0.028475285
0.028944969
0.028797865
0.028789043
0.028675795
0.029704332
0.030711174
0.016921520
0.029269457
0.032215834
0.029226303
0.029089212
0.028903961
0.028789520
0.028900862
0.028715849
0.015755177
0.028684378
0.028617620
0.028784275
0.028810501
0.029476166
0.030885220
0.030941486
0.031059742
0.016955137
0.028234720
0.028278589
0.029013157
0.029129505
0.029032946
0.028806448
0.029171228
0.030692816
0.016953468
0.028367281
0.031466484
0.032640934
0.032658100
0.032739162
0.032430410
0.032501936
0.030179977
0.015918970
0.028175354
0.029053688
0.029014587
0.030886650
0.031217575
0.031026602
0.031191587
0.031244278
0.017268896
0.028172255
0.028419971
0.029263735
0.029132128
0.031352758
0.031428099
0.031424284
0.031388760
0.017285824
0.028379440
0.028627396
0.029355049
0.029042006
0.028929949
0.028988838
0.029500484
0.030877352
0.017145157
0.028229713
0.028766394
0.029404163
0.030455351
0.030335426
0.030256987
0.030238152
0.030107737
0.016592503
0.028120756
0.028316736
0.029397249
0.030347109
0.031678438
0.031511068
0.031521797
0.031409264
0.017303944
0.028373957
0.028486490
0.029177427
0.028884649
0.028828859
0.028848648
0.029922724
0.030899048
0.016986609
0.028814793
0.028533936
0.029165745
0.029198408
0.029145479
0.028839350
0.029060841
0.029935598
0.017651796
0.029647112
0.032423496
0.031273365
0.029018641
0.028814554
0.028853416
0.028829575
0.028832912
0.015778542
0.028502226
0.028137445
0.029048681
0.029086113
0.029319763
0.030996799
0.031196356
0.030968428
0.017309427
0.028368711
0.028655767
0.029026747
0.029019594
0.029031992
0.028792858
0.028796196
0.028779984
0.016760588
0.029773951
0.032185316
0.032497168
0.032529593
0.030592680
0.028847218
0.028787136
0.028836727
0.015817642
0.028469563
0.028412819
0.028797150
0.028767824
0.028771639
0.028712034
0.028959751
0.030823231
0.016967535
0.028735876
0.030139446
0.031278849
0.029679298
0.028782368
0.028803587
0.028814316
0.028776646
0.015788078
0.028585672
0.028418541
0.029095411
0.029202461
0.029093981
0.029639244
0.031044006
0.031083345
0.017236710
0.029092312
0.029973984
0.029410839
0.028886795
0.028807878
0.028803587
0.028764009
0.028694868
0.015791416
0.028851271
0.031913757
0.032601118
0.032570601
0.029419184
0.028640270
0.028815746
0.028822660
0.015809059
0.028325081
0.028535843
0.028924942
0.028919935
0.028998375
0.028710365
0.028749943
0.030651808
0.016914845
0.028920889
0.029750824
0.029670238
0.029125452
0.028776884
0.028777361
0.028779268
0.028704405
0.015776396
0.029152393
0.030516148
0.030957222
0.030779123
0.032192469
0.032437086
0.032476664
0.032295942
0.017819405
0.028222561
0.028685093
0.029019356
0.029126406
0.029618263
0.031609774
0.031443834
0.031368971
0.017221451
0.029049397
0.032423258
0.032643557
0.032519341
0.031175852
0.028899908
0.028773308
0.028782368
0.015809774
0.029105902
0.032333851
0.032652378
0.032641172
0.032313108
0.032262087
0.032227993
0.032200336
0.017822266
0.030572891
0.032599449
0.032620668
0.031592369
0.028888464
0.028756857
0.028813601
0.028754473
0.015739679
0.028349876
0.028388739
0.029159069
0.030200958
0.030988693
0.030963898
0.030983925
0.030792475
0.016958237
0.030981064
0.032800198
0.032679796
0.032757521
0.032557249
0.032233477
0.032232761
0.032215357
0.016067982
0.028432369
0.028809786
0.028948545
0.028859377
0.028814554
0.028696775
0.028697014
0.032265902
0.017960310
0.033289909
0.032560110
0.032546759
0.032429695
0.032491446
0.032275200
0.032240391
0.032228708
0.017818213
0.029135466
0.032534599
0.032531738
0.032526970
0.032321692
0.032213926
0.032228470
0.032390594
0.017878771
0.030176878
0.032519102
0.032528639
0.032523155
0.030330181
0.028796911
0.028777361
0.028762341
0.015803337
0.028685570
0.028167009
0.029100657
0.029622555
0.029716253
0.029598713
0.029480934
0.029551268
0.016309500
0.029895544
0.032101870
0.032595158
0.032549858
0.032387257
0.032257795
0.032260895
0.032235146
0.017771721
0.028843880
0.028635979
0.030035496
0.030030489
0.029707193
0.029653311
0.029661179
0.029510498
0.016925812
0.030380249
0.030435085
0.029129505
0.029063940
0.028833628
0.028875828
0.028830051
0.028778076
0.016425371
0.028687239
0.028611898
0.029073477
0.029109240
0.028922796
0.028784275
0.028792858
0.030187130
0.016929626
0.029019594
0.028195143
0.029185057
0.029056549
0.028989315
0.028806686
0.028792858
0.029404879
0.017136574
0.028531075
0.028673410
0.029017210
0.029090881
0.028994083
0.028790712
0.028787851
0.029844522
0.016942739
0.028323650
0.028192997
0.029119015
0.029140711
0.029032707
0.028807402
0.028820038
0.029434204
0.017106295
0.028335810
0.028601170
0.029065609
0.029170752
0.029071569
0.028794527
0.028801680
0.031074047
0.017970085
0.033566713
0.032567978
0.032745600
0.032326221
0.032339334
0.032229424
0.029117107
0.028781652
0.015777826
0.029189348
0.032563448
0.032539606
0.032606602
0.032248259
0.029160738
0.028786421
0.028779984
0.015808821
0.030650377
0.032123566
0.032507181
0.032641411
0.031961441
0.028862238
0.028656483
0.028805017
0.015824080
0.028257370
0.028831244
0.029149771
0.029068708
0.028915167
0.031027079
0.031446695
0.031217337
0.017240524
0.029353380
0.032365084
0.032525301
0.032527685
0.032558680
0.028820038
0.028826714
0.028808594
0.015802145
0.033607960
0.032463312
0.032520533
0.032244444
0.032202244
0.031931639
0.028934717
0.028796196
0.015806437
0.028530121
0.028266430
0.028940201
0.028927326
0.028972387
0.028682470
0.029540300
0.030722857
0.016951084
0.028199673
0.028512001
0.029035330
0.029176950
0.029094696
0.028809786
0.028769732
0.030883551
0.017953396
0.028348923
0.028810263
0.029028177
0.029057980
0.028980255
0.028774738
0.029776812
0.031141996
0.017138720
0.028272152
0.028418541
0.029210806
0.029070854
0.029163361
0.028795004
0.030517101
0.030725002
0.016936541
0.028992176
0.032696486
0.032844305
0.032657862
0.032377958
0.031432152
0.029152155
0.028898239
0.015851259
0.028884649
0.028596640
0.029014826
0.029095888
0.028918982
0.028791904
0.029218674
0.031080008
0.017073870
0.028225183
0.028283596
0.028870583
0.028815508
0.028904438
0.028676510
0.029600382
0.030724287
0.016941786
0.028167009
0.028731346
0.029152870
0.029078007
0.028864861
0.028876543
0.030705929
0.030896425
0.016932011
0.028457880
0.028681517
0.029031038
0.029036522
0.028912783
0.031024933
0.031479836
0.031190395
0.017197132
0.028121233
0.028195620
0.029186487
0.029197216
0.031390667
0.031695604
0.031442165
0.031435966
0.017360687
0.030005693
0.032518864
0.030857563
0.029036522
0.028863192
0.029010296
0.028810978
0.028748989
0.015733480
0.029365063
0.028237581
0.028864384
0.028899670
0.028934002
0.028725147
0.028723717
0.029672861
0.017113209
0.028192759
0.032427549
0.032552242
0.032506466
0.032401562
0.032245636
0.032240391
0.032265902
0.017831802
0.028738022
0.028805017
0.029066801
0.029162169
0.029083490
0.030863047
0.031707048
0.031400681
0.017369747
0.030307770
0.032088280
0.030123472
0.028832197
0.028819084
0.028795719
0.028822422
0.028731346
0.015740395
0.028488159
0.028150797
0.028985977
0.029133797
0.029015303
0.028801680
0.028769732
0.032467604
0.017966747
0.030498028
0.032528162
0.032532215
0.032474279
0.032396793
0.032227755
0.032253742
0.032258987
0.017989635
0.030691147
0.032529593
0.032521486
0.032462597
0.032248735
0.032233477
0.032250404
0.032212019
0.017838478
0.029818535
0.031950474
0.032459736
0.032432318
0.032404184
0.032207727
0.032211304
0.032242775
0.017809391
0.031338692
0.032514811
0.032481194
0.032527208
0.032217264
0.032242060
0.032217979
0.032210827
0.017849922
0.029400826
0.028266907
0.029034376
0.029108286
0.029002905
0.028780699
0.028766155
0.030431032
0.017988682
0.028616428
0.028643370
0.029088259
0.029100895
0.030678272
0.032463551
0.032453299
0.032441139
0.017827988
0.030723333
0.032459497
0.029111862
0.029081583
0.028927326
0.028762817
0.028871059
0.028825998
0.015884876
0.028229952
0.028160810
0.029114485
0.029052973
0.029002190
0.028784513
0.032577038
0.032549620
0.017980099
0.028912306
0.032544613
0.032555819
0.032543659
0.032338381
0.032293320
0.032242298
0.032210827
0.017814875
0.028679848
0.029197693
0.029161692
0.029180050
0.028971910
0.028859854
0.032522678
0.032685041
0.018295527
0.029016256
0.032520533
0.032464504
0.032617331
0.032381773
0.032224178
0.032253027
0.032426596
0.016760111
0.028817892
0.031630754
0.032181025
0.031940937
0.031720161
0.032220125
0.032496214
0.032481432
0.017975807
0.028617859
0.028007984
0.029092550
0.032467365
0.032502890
0.032448769
0.032251596
0.032211065
0.017806530
0.030534506
0.032443523
0.032637119
0.032459974
0.032354355
0.032235622
0.032223701
0.029877186
0.015889883
0.028279066
0.032608509
0.032517672
0.032447338
0.032405615
0.032196522
0.032197714
0.032203436
0.017813206
0.030856133
0.032634020
0.032483816
0.032541037
0.032214403
0.032185316
0.032232285
0.032222033
0.017817736
0.029097319
0.032588243
0.032471180
0.032526493
0.032380342
0.032207251
0.032230854
0.032182455
0.017819166
0.028835535
0.028873205
0.028880596
0.028835058
0.028927326
0.028670311
0.028686762
0.028936625
0.017996788
0.033793688
0.032519817
0.032601357
0.032421589
0.032379866
0.031765938
0.028885603
0.028791666
0.015794277
0.028210640
0.028586149
0.029151440
0.029144287
0.031345129
0.031463385
0.031172037
0.031205177
0.017211437
0.028455973
0.028183222
0.028943539
0.032466650
0.032534361
0.032442808
0.032228708
0.032186031
0.017797709
0.028258801
0.031494617
0.032594204
0.032481194
0.032465696
0.032219648
0.032238007
0.032209873
0.017809153
0.028214931
0.028551579
0.029092312
0.029075384
0.028858900
0.028834581
0.029567957
0.032485485
0.017946720
0.031187773
0.032352448
0.032518387
0.032500744
0.032340765
0.032218218
0.032202005
0.032216072
0.017819643
0.028274298
0.028264999
0.029131174
0.030108690
0.031042576
0.031106234
0.031105042
0.030925512
0.017095327
0.030916452
0.032455683
0.032520771
0.032510519
0.032243013
0.032207727
0.032191992
0.032206774
0.016406536
0.028171301
0.031151295
0.032480478
0.032472134
0.032461405
0.032217026
0.032216072
0.032206774
0.017797470
0.033805847
0.032970905
0.032695532
0.032542467
0.032420635
0.032412529
0.032420635
0.032351017
0.018047094
0.028914213
0.032259464
0.032721758
0.032819271
0.032473087
0.032387972
0.032362223
0.032370329
0.017977715
0.028151989
0.028521061
0.029024601
0.030425310
0.031494141
0.031172514
0.030945778
0.030937910
0.017088175
0.030419588
0.032196760
0.032526493
0.032546759
0.032358170
0.032193661
0.032257318
0.032541752
0.017830372
0.028225660
0.028829575
0.032029629
0.031760931
0.031594276
0.031187534
0.031249046
0.031299829
0.017755032
0.028233290
0.031357050
0.032468796
0.032596827
0.032533646
0.032214403
0.032220364
0.032218456
0.017800808
0.032519579
0.032524347
0.032528877
0.032366753
0.032213211
0.032222033
0.029358625
0.028764248
0.015811443
0.028404713
0.028220177
0.029044628
0.029047012
0.029006958
0.029779196
0.031551600
0.031443357
0.017183781
0.030156374
0.032350779
0.032589436
0.032482862
0.032359838
0.032229185
0.032280922
0.032205343
0.017811537
0.029012918
0.032376051
0.032493114
0.030434370
0.028893232
0.028670311
0.028794527
0.028780937
0.015790939
0.029487610
0.032480717
0.032530546
0.029585838
0.028850317
0.028765202
0.028804064
0.028728247
0.015744448
0.030086517
0.032482862
0.031023264
0.028934717
0.028819323
0.028763056
0.028759718
0.028710365
0.015724659
0.028425932
0.028646469
0.029309273
0.030502081
0.030265570
0.030244350
0.030257225
0.030067921
0.016590357
0.028490782
0.028772116
0.029194832
0.030870914
0.031207323
0.031066418
0.031157494
0.031058788
0.017205715
0.028570652
0.028398752
0.028799772
0.029278040
0.030926943
0.030928850
0.030942202
0.030731916
0.016933680
0.028813124
0.030761242
0.031074524
0.030771971
0.030762672
0.032446384
0.032473803
0.032477379
0.017854691
0.028238773
0.028558254
0.029121637
0.029124022
0.028997183
0.028877735
0.029308081
0.030700207
0.017083406
0.028277159
0.028650522
0.028996229
0.029136181
0.028858662
0.028760195
0.028795481
0.030542850
0.016922235
0.028943777
0.032192469
0.032520771
0.032631636
0.032278299
0.032211304
0.032207966
0.029017925
0.015804768
0.028543472
0.028423071
0.029042482
0.029022694
0.028925896
0.028797626
0.029096603
0.029711008
0.017086506
0.028275490
0.028654337
0.029002666
0.029123306
0.028995275
0.028785467
0.028799295
0.030094862
0.016956806
0.028412819
0.028762817
0.029006958
0.029014826
0.028951645
0.028772831
0.028771639
0.030390501
0.016907692
0.028646946
0.028035402
0.028982639
0.028779745
0.029074430
0.028952837
0.028740406
0.030827522
0.017252684
0.028491020
0.028579473
0.029037952
0.029006958
0.028828621
0.028761387
0.030827761
0.031132221
0.017095804
0.028250694
0.028567076
0.029054165
0.028965712
0.029606104
0.031309605
0.031176567
0.031272650
0.017237902
0.030401707
0.032506704
0.032503128
0.032479286
0.030253887
0.028780222
0.028804779
0.028786182
0.015790939
0.028454542
0.028269768
0.028996229
0.029927492
0.031122446
0.030920267
0.030975103
0.030781984
0.016931057
0.030857325
0.032483339
0.030456305
0.028923273
0.028897047
0.028735399
0.028765202
0.028698206
0.015738249
0.029416323
0.032539845
0.032484531
0.032570601
0.032238960
0.032243967
0.032294750
0.032258034
0.017816305
0.028289795
0.028805256
0.029061556
0.029099941
0.028992653
0.028766155
0.028784037
0.029163361
0.017959833
0.030200481
0.032497883
0.032430172
0.032451868
0.032396555
0.032225132
0.032233715
0.032212257
0.017834425
0.028536320
0.030531883
0.032310486
0.031939030
0.031851053
0.031874180
0.032435417
0.032461643
0.017943859
0.028479099
0.028129578
0.029138088
0.029041290
0.031838894
0.032467127
0.032488346
0.032354832
0.017840624
0.028224230
0.028053522
0.029321194
0.032499790
0.032530546
0.032493591
0.032248735
0.032203674
0.017822742
0.028984308
0.028444529
0.029217243
0.029341459
0.029238462
0.029020309
0.029032707
0.028998613
0.015945196
0.030028820
0.032522917
0.032739401
0.032577515
0.032188654
0.032247066
0.032179356
0.032226086
0.017836809
0.029695988
0.032511234
0.032563210
0.032515049
0.032251120
0.029012203
0.028791666
0.028785229
0.015812874
0.028900623
0.028084517
0.029064417
0.031207085
0.032469273
0.032426834
0.032355070
0.032211304
0.017812729
0.030961037
0.032568932
0.032548666
0.032591343
0.032293320
0.032235861
0.032175779
0.032248974
0.016017199
0.032342434
0.032568455
0.032471895
0.032345533
0.032393217
0.032238960
0.032247305
0.032247543
0.017839670
0.029091835
0.032559156
0.032528639
0.032514334
0.032389164
0.032223463
0.032199860
0.032214642
0.017825365
0.028508663
0.028645515
0.030184269
0.029767513
0.029652357
0.029626846
0.029588461
0.029454470
0.016811609
0.029292583
0.028377056
0.029028654
0.029128075
0.029074192
0.028797626
0.028778791
0.028774500
0.017419577
0.029513836
0.031673193
0.032474279
0.032535791
0.032470703
0.032228947
0.032286406
0.032234430
0.017801523
0.029956102
0.032499313
0.032526493
0.032442570
0.032256126
0.032225370
0.032217503
0.032207489
0.017813444
0.028156996
0.027952194
0.030927420
0.031174898
0.031064510
0.030917645
0.030840397
0.030958891
0.017066240
0.028813124
0.028754711
0.029165745
0.029036283
0.029240847
0.028805256
0.028813362
0.029109955
0.018002748
0.028432608
0.030632257
0.032511234
0.032327890
0.032091856
0.032063484
0.032464743
0.032444000
0.017943621
0.028192282
0.028633118
0.029209137
0.029114723
0.031193733
0.031391859
0.031199217
0.030947924
0.017073631
0.028327703
0.028743029
0.031971931
0.031674862
0.031477690
0.031187296
0.031178236
0.031265974
0.017718792
0.028248787
0.028492212
0.029158592
0.029027939
0.028940439
0.028787136
0.029576540
0.032481194
0.017957211
0.028405428
0.032520771
0.032499075
0.032574654
0.032413960
0.032209158
0.032199144
0.032180786
0.017842293
0.030822515
0.032518864
0.032582283
0.032531500
0.029494047
0.028839588
0.028820753
0.028777599
0.015827417
0.028285503
0.028646708
0.029010057
0.030700445
0.031257153
0.031192780
0.031211376
0.030973434
0.017083645
0.030116081
0.032049179
0.032710552
0.032710314
0.032346725
0.032247543
0.032231092
0.032208681
0.017812967
0.029645920
0.031733751
0.030741453
0.029956818
0.029641867
0.029846191
0.029581308
0.029471397
0.016456604
