0.229429007
0.073420525
0.072897673
0.072876215
0.056061268
0.056126118
0.056134701
0.056020498
0.056164742
0.019415855
0.053949356
0.057203531
0.056196451
0.056384563
0.056349039
0.056391478
0.056346893
0.056405306
0.056398153
0.011062145
0.052446365
0.057225704
0.056384563
0.056384802
0.056578398
0.056368828
0.056542635
0.056438446
0.056506872
0.011044979
0.053074598
0.056914568
0.056499243
0.056561708
0.056784868
0.056591272
0.056541920
0.056378126
0.056467295
0.010974407
0.053223848
0.057379961
0.056759119
0.056821346
0.056896210
0.056788921
0.056733370
0.056847572
0.056604385
0.011074781
0.053564787
0.057790279
0.056833506
0.057115555
0.056597471
0.056852579
0.056792974
0.056813002
0.056937695
0.011075497
0.053947926
0.057552338
0.056687355
0.056880236
0.056884527
0.056767941
0.056788206
0.056711435
0.056768894
0.011077166
0.053972006
0.057565689
0.056931973
0.056825638
0.056763172
0.056775808
0.056750774
0.056756258
0.056914568
0.011133671
0.054094076
0.057809830
0.056782484
0.057031870
0.056845188
0.057182550
0.056754589
0.057016134
0.056920767
0.011047363
0.052713871
0.057535887
0.057168961
0.057118893
0.056797028
0.056906700
0.057143688
0.056878567
0.056964159
0.011076212
0.053230524
0.057808876
0.057226181
0.057072163
0.057178259
0.057233572
0.057200432
0.057215214
0.057306528
0.011298895
0.053867340
0.058160543
0.057135105
0.057170391
0.057229280
0.057204485
0.057124615
0.057145119
0.057131052
0.011016130
0.053585291
0.057690144
0.057224989
0.057272673
0.057272434
0.057288408
0.057373285
0.057262421
0.057191610
0.011205673
0.054008722
0.057904720
0.057060957
0.057293415
0.057178020
0.057298899
0.057337999
0.058842897
0.059973001
0.011551857
0.055922508
0.060876608
0.060881615
0.060484648
0.060417414
0.059297323
0.057259560
0.057416201
0.057273626
0.011556387
0.053422928
0.058690548
0.057197094
0.057238340
0.058937311
0.060077906
0.060082436
0.060218096
0.060845375
0.011649370
0.056897402
0.061074257
0.060592651
0.060458660
0.060537577
0.060394049
0.060350180
0.060381889
0.060351133
0.011590719
0.053726196
0.058367252
0.057219982
0.059459448
0.059814930
0.059855461
0.059971333
0.060874462
0.060684681
0.011616707
0.054821253
0.060920477
0.060643673
0.060452700
0.060508013
0.060434580
0.060426474
0.060433626
0.060361147
0.011679173
0.059306145
0.060964108
0.060326099
0.060405016
0.060363770
0.060398102
0.060359240
0.060373545
0.060306787
0.011610508
0.053438902
0.058522224
0.057165861
0.058835506
0.060859680
0.060539246
0.060369015
0.060433865
0.060306787
0.011594057
0.060752392
0.060945034
0.060488224
0.060394764
0.060389757
0.060387135
0.060311794
0.060364246
0.060330153
0.011564970
0.059132099
0.060996532
0.060461521
0.060564995
0.060392857
0.060440302
0.060455799
0.060385942
0.060362816
0.011587620
0.061253548
0.060993433
0.060458422
0.060525179
0.060413837
0.060625553
0.060458183
0.060558558
0.060434580
0.011678934
0.057290792
0.060918808
0.060473919
0.060467482
0.060434580
0.060394526
0.060310602
0.060332775
0.060261011
0.011569262
0.058499813
0.060960054
0.060533524
0.060396910
0.060368299
0.060379744
0.060351133
0.060545683
0.060360909
0.011558056
0.060100317
0.060944319
0.060338259
0.060378075
0.060393095
0.060390234
0.060352325
0.060391665
0.060322046
0.011581421
0.058917761
0.061001301
0.060481787
0.060379744
0.060350895
0.060358763
0.060316801
0.060393810
0.060337305
0.011623383
0.058311701
0.060961246
0.060492516
0.060356140
0.060304642
0.060613871
0.060337067
0.060332537
0.060304403
0.011655092
0.060771465
0.060427666
0.060340881
0.060402393
0.060345650
0.060390472
0.060271978
0.060393095
0.060390711
0.011703014
0.058923960
0.060931444
0.060455799
0.060411215
0.060448170
0.060362101
0.060303450
0.060376406
0.060315132
0.011575699
0.059319735
0.060945749
0.060374498
0.060431957
0.060320616
0.060472965
0.060324192
0.060407400
0.060469389
0.011588097
0.060721397
0.060995102
0.060388803
0.060466290
0.060332060
0.060630798
0.060344934
0.060410976
0.060340166
0.011560202
0.059646130
0.060999393
0.060357571
0.060436726
0.060383081
0.060416698
0.060394764
0.060388803
0.060310125
0.011556149
0.059649706
0.060901642
0.060336351
0.060353994
0.060299873
0.060358524
0.060358763
0.060343504
0.060349464
0.011699915
0.060774326
0.060862541
0.060327291
0.060364246
0.060307026
0.060343504
0.060327530
0.060372114
0.060316801
0.011584997
0.059700489
0.060922623
0.060407400
0.060417891
0.060381174
0.060382366
0.060663462
0.060429811
0.060362101
0.011574745
0.060259581
0.060949087
0.060340643
0.060420513
0.060394764
0.060406446
0.060351372
0.060460806
0.060372829
0.011690855
0.057762623
0.060975552
0.060689688
0.060426235
0.060356617
0.060354948
0.060316086
0.060385466
0.060462236
0.011568785
0.061140299
0.060841322
0.060338497
0.060398579
0.060358047
0.060416698
0.060456514
0.060378551
0.060347080
0.011597633
0.060610294
0.060896873
0.060347319
0.060424566
0.060426235
0.060492754
0.060428143
0.060634613
0.060336351
0.011625528
0.059816837
0.061066628
0.060657263
0.060420036
0.060351133
0.060404539
0.060384989
0.060363770
0.060369730
0.011585236
0.060067654
0.061041832
0.060347080
0.060494184
0.060379267
0.060463667
0.060528994
0.060389996
0.060315371
0.011571646
0.061005592
0.060871601
0.060365438
0.060350895
0.060331821
0.060356379
0.060330868
0.060401440
0.060338020
0.011597157
0.058714151
0.060947895
0.060521364
0.060407639
0.060374022
0.060395002
0.060347795
0.060398817
0.060571432
0.011533499
0.058351040
0.060931206
0.060420036
0.060382843
0.060305357
0.060399532
0.060304880
0.060398579
0.060304403
0.011557817
0.059130430
0.060997009
0.060367107
0.060418367
0.060414076
0.060392141
0.060342312
0.060480833
0.060390949
0.011558294
0.058306932
0.060919762
0.060452223
0.060418367
0.060677052
0.060395241
0.060323954
0.060388327
0.060441494
0.011723995
0.060735703
0.060504198
0.060476065
0.060448885
0.060383797
0.060384989
0.060340881
0.060429573
0.060518742
0.011594057
0.059240580
0.061042309
0.060398340
0.060394287
0.060328960
0.060375929
0.060348749
0.060370207
0.060344696
0.011599779
0.059989691
0.060904264
0.060368776
0.060395002
0.060374022
0.060488224
0.060353518
0.060366392
0.060348749
0.011563778
0.061062813
0.060442686
0.060350418
0.060423613
0.060362101
0.060359240
0.060377598
0.060450792
0.060373068
0.011734486
0.059401274
0.061013699
0.060332537
0.060401201
0.060380697
0.060352087
0.060359240
0.060372829
0.060333490
0.011582375
0.056868792
0.060945749
0.060488939
0.060359001
0.060371161
0.060389519
0.060330153
0.060367107
0.060335398
0.011562824
0.060782909
0.060495377
0.060349703
0.060394287
0.060361385
0.060374260
0.060340405
0.060359240
0.060334921
0.011572361
0.060762644
0.060949564
0.060601473
0.060379028
0.060331821
0.060515881
0.060332775
0.060389280
0.060328484
0.011587381
0.058382988
0.060980082
0.060424566
0.060386181
0.060346603
0.060465813
0.060472727
0.060440540
0.060305119
0.011557102
0.058786869
0.060961485
0.060411215
0.060432196
0.060360432
0.060418129
0.060359240
0.060372591
0.060312033
0.011557817
0.058172703
0.060959816
0.060571909
0.060692072
0.060316801
0.060398102
0.060358286
0.060372591
0.060357809
0.011576653
0.057862282
0.060967684
0.060454369
0.060445070
0.060316563
0.060381413
0.060316801
0.060539484
0.060358524
0.011558056
0.057771206
0.060937643
0.060438871
0.060386419
0.060483694
0.060374260
0.060337305
0.060341358
0.060366392
0.011549473
0.059431076
0.060993671
0.060435772
0.060409307
0.060384512
0.060415745
0.060324907
0.060374737
0.060329676
0.011551142
0.058495522
0.061022520
0.060482264
0.060430527
0.060485363
0.060431004
0.060383558
0.060396671
0.060397863
0.011619329
0.059085369
0.061001778
0.060439825
0.060408592
0.060374737
0.060428143
0.060377598
0.060389280
0.060336113
0.011612177
0.058593750
0.060959339
0.060385227
0.060448408
0.060543537
0.060618162
0.060378075
0.060383081
0.060378790
0.011594772
0.060065746
0.060960054
0.060351133
0.060419083
0.060332537
0.060421228
0.060354471
0.060429335
0.060487509
0.011671066
0.057971001
0.061150551
0.060479164
0.060562611
0.060488224
0.060418844
0.060355902
0.060431719
0.060357094
0.011564255
0.061251163
0.060871840
0.060363770
0.060480118
0.060380936
0.060483217
0.060399532
0.060459614
0.060412645
0.011558294
0.059501648
0.060921431
0.060433149
0.060472727
0.060405731
0.060404778
0.060353279
0.060422182
0.060364723
0.011748552
0.060053587
0.060958862
0.060394764
0.060425997
0.060416937
0.060448170
0.060341835
0.060446501
0.060364008
0.011572123
0.060975552
0.060939074
0.060375929
0.060371161
0.060388803
0.060405493
0.060407400
0.060355425
0.060335398
0.011650801
0.058559895
0.060973167
0.060403824
0.060423136
0.060348034
0.060413837
0.060342312
0.060413837
0.060374022
0.011544943
0.058793306
0.060952663
0.060466051
0.060456514
0.060414076
0.060404778
0.060338736
0.060365438
0.060353041
0.011554956
0.060711622
0.060947418
0.060353279
0.060416222
0.060457706
0.060403585
0.060380936
0.060471773
0.060374022
0.011554241
0.059736967
0.060951471
0.060386181
0.060404778
0.060376644
0.060428143
0.060388088
0.060393333
0.060394526
0.011837244
0.058473825
0.060946941
0.060529232
0.060551167
0.060386896
0.060465574
0.060350418
0.060443878
0.060319901
0.011564016
0.061189175
0.060910940
0.060384512
0.060413361
0.060379267
0.060404778
0.060370445
0.060580969
0.060365438
0.011579514
0.059067726
0.060943604
0.060511112
0.060450792
0.060380459
0.060441971
0.060377598
0.060384989
0.060395002
0.011574984
0.060162306
0.060953617
0.060383797
0.060445309
0.060381889
0.060441017
0.060353756
0.060612202
0.060653925
0.011811256
0.060781717
0.060437918
0.060364962
0.060419559
0.060374498
0.060395718
0.060346127
0.060404778
0.060382366
0.011568069
0.060060263
0.060932875
0.060374975
0.060422421
0.060338497
0.060413122
0.060362577
0.060409784
0.060338974
0.011597395
0.058708191
0.060995102
0.060590267
0.060601473
0.060609818
0.060419083
0.060356379
0.060472727
0.060373545
0.011619806
0.060902357
0.060482264
0.060444832
0.060454607
0.060407877
0.060548544
0.060364723
0.060430288
0.060493231
0.011601210
0.059424162
0.061044693
0.060441971
0.060428619
0.060364008
0.060433626
0.060325623
0.060408831
0.060411215
0.011625051
0.058409452
0.060949326
0.060449839
0.060455561
0.060421228
0.060552359
0.060342789
0.060419321
0.060352802
0.011550426
0.058731794
0.061018229
0.060539246
0.060431242
0.060369253
0.060420036
0.060404062
0.060432196
0.060394287
0.011808872
0.059682608
0.060976982
0.060418367
0.060709000
0.060479879
0.060524225
0.060355663
0.060401678
0.060356855
0.011598825
0.059570074
0.060944319
0.060397625
0.060396433
0.060410500
0.060481548
0.060481787
0.060444593
0.060389280
0.011621237
0.058377743
0.060982466
0.060575008
0.060467720
0.060418844
0.060408831
0.060398579
0.060394287
0.060354233
0.011608839
0.061709404
0.060807943
0.060673475
0.060408831
0.060402870
0.060400724
0.060357094
0.060382366
0.060354710
0.011593819
0.058837175
0.061037064
0.060478687
0.060410023
0.060354948
0.060451269
0.060458422
0.060409784
0.060341358
0.011601210
0.060988188
0.060889006
0.060410023
0.060463667
0.060434818
0.060511589
0.060382128
0.060408354
0.060363293
0.011697531
0.060809851
0.060542822
0.060523748
0.060457230
0.060364246
0.060415983
0.060397863
0.060391188
0.060524225
0.011604548
0.058894634
0.060944319
0.060483217
0.060415745
0.060392857
0.060411930
0.060516834
0.060428143
0.060410500
0.011607409
0.059054852
0.061031580
0.060435772
0.060422421
0.060433149
0.060446978
0.060363770
0.060390711
0.060326815
0.011566877
0.059192419
0.061002970
0.060414791
0.060406446
0.060351372
0.060464382
0.060369968
0.060478926
0.060372114
0.011594296
0.058305264
0.061000347
0.060543776
0.060406446
0.060359001
0.060426235
0.060501337
0.060529709
0.060502768
0.011827469
0.058683395
0.061144829
0.060461998
0.060430527
0.060367584
0.060434341
0.060326576
0.060410500
0.060395718
0.011582851
0.058960915
0.061008215
0.060402632
0.060440302
0.060477018
0.060461998
0.060358047
0.060413122
0.060343266
0.011584759
0.060363293
0.060959578
0.060390949
0.060374022
0.060406685
0.060415745
0.060379267
0.060437441
0.060499907
0.011591673
0.060887814
0.060920000
0.060385942
0.060472727
0.060555696
0.060522556
0.060450792
0.060409069
0.060409546
0.011590481
0.058621407
0.060946941
0.060569525
0.060543299
0.060524702
0.060426474
0.060379505
0.060437441
0.060487270
0.011640549
0.058961630
0.060992002
0.060473680
0.060434580
0.060424805
0.060434580
0.060335636
0.060433626
0.060517550
0.011623621
0.058486223
0.061032057
0.060587168
0.060462952
0.060451746
0.060432434
0.060416222
0.060407162
0.060355902
0.011596918
0.058254480
0.061009407
0.060602188
0.060549498
0.060525656
0.060429335
0.060403585
0.060436487
0.060325146
0.011614084
0.059425116
0.060957432
0.060414553
0.060438395
0.060399532
0.060451984
0.060368538
0.060422421
0.060374975
0.011599541
0.059115171
0.061008453
0.060621738
0.060425997
0.060399294
0.060429811
0.060370922
0.060463667
0.060374260
0.011601686
0.058211803
0.061030865
0.060451746
0.060412407
0.060433149
0.060430527
0.060535431
0.060455322
0.060380459
0.011587858
0.059499741
0.061113834
0.060643435
0.060645103
0.060406923
0.060387135
0.060341597
0.060425997
0.060343981
0.011560440
0.061135292
0.060966492
0.060491800
0.060405970
0.060379028
0.060479879
0.060394764
0.060412169
0.060389042
0.011586428
0.059224129
0.060978174
0.060436487
0.060443401
0.060343027
0.060489893
0.060538769
0.060434580
0.060416460
0.011576653
0.061254025
0.060902596
0.060471773
0.060572386
0.060506582
0.060446501
0.060422182
0.060441017
0.060383320
0.011569023
0.057434559
0.061135292
0.060585022
0.060440302
0.060390949
0.060419083
0.060384035
0.060427189
0.060390711
0.011591911
0.058346033
0.061054230
0.060555696
0.060488701
0.060387135
0.060451508
0.060373545
0.060440540
0.060374498
0.011584282
0.061104536
0.060987711
0.060375214
0.060453415
0.060442924
0.060399771
0.060446024
0.060468197
0.060346842
0.011606932
0.059387684
0.061003447
0.060452223
0.060487747
0.060561180
0.060440779
0.060378790
0.060423136
0.060384035
0.011587620
0.058781385
0.061074495
0.060415030
0.060417175
0.060379028
0.060463190
0.060382366
0.060417175
0.060518265
0.011564016
0.061325312
0.061058283
0.060378790
0.060447454
0.060442209
0.060420275
0.060397387
0.060453415
0.060387135
0.011561632
0.059116840
0.060942173
0.060426712
0.060427189
0.060459614
0.060696363
0.060414076
0.060426235
0.060369968
0.011558533
0.060752869
0.060948610
0.060361624
0.060428858
0.060416937
0.060440302
0.060373783
0.060428619
0.060515642
0.011672974
0.061206102
0.060951948
0.060420036
0.060438633
0.060363054
0.060449123
0.060378313
0.060418129
0.060336828
0.011600256
0.059498787
0.060983419
0.060407162
0.060445070
0.060433626
0.060404778
0.060375929
0.060442448
0.060381413
0.011569023
0.058907986
0.061059237
0.060443401
0.060704470
0.060520649
0.060505629
0.060384274
0.060454607
0.060366154
0.011557817
0.060776234
0.060494661
0.060497522
0.060480118
0.060428381
0.060419083
0.060389280
0.060507536
0.060396433
0.011553288
0.059009790
0.060950041
0.060490608
0.060466051
0.060363770
0.060433626
0.060533047
0.060463667
0.060379982
0.011551857
0.058859587
0.060962200
0.060427666
0.060417414
0.060401201
0.060455322
0.060364485
0.060403347
0.060365915
0.011603355
0.061403513
0.060907841
0.060660124
0.060572386
0.060511351
0.060580254
0.060493708
0.060604572
0.060530663
0.011562586
0.058336496
0.060992241
0.060503960
0.060407877
0.060359716
0.060465336
0.060506821
0.060432196
0.060396433
0.011600256
0.059307814
0.061000824
0.060364485
0.060405254
0.060363770
0.060432196
0.060378313
0.060402155
0.060346365
0.011576176
0.060924768
0.060491562
0.060387850
0.060456276
0.060394526
0.060408115
0.060340643
0.060420752
0.060338736
0.011585712
0.060505152
0.060964584
0.060470581
0.060428619
0.060399771
0.060390234
0.060366392
0.060413599
0.060351372
0.011596441
0.058634996
0.061038971
0.060510874
0.060460091
0.060362816
0.060434341
0.060399294
0.060428381
0.060391188
0.011613607
0.058272362
0.060946941
0.060527086
0.060439587
0.060505867
0.060436964
0.060381889
0.060443640
0.060426712
0.011636734
0.059721470
0.060958624
0.060387373
0.060422421
0.060436249
0.060406685
0.060387850
0.060409307
0.060515881
0.011633873
0.058749914
0.060959339
0.060492754
0.060460091
0.060364962
0.060479641
0.060376406
0.060432196
0.060329199
0.011562109
0.058195591
0.061003447
0.060577869
0.060443640
0.060468435
0.060440779
0.060333490
0.060439348
0.060331106
0.011536360
0.059489012
0.060933590
0.060409307
0.060415506
0.060563087
0.060420990
0.060385466
0.060421944
0.060476780
0.011586666
0.058912039
0.061210394
0.060506105
0.060441732
0.060472727
0.060448647
0.060365677
0.060400248
0.060354471
0.011584520
0.060678959
0.060928822
0.060362101
0.060410261
0.060350657
0.060356140
0.060358524
0.060384989
0.060333729
0.011581898
0.057157040
0.061002970
0.060626030
0.060430527
0.060352087
0.060467243
0.060399294
0.060414791
0.060377359
0.011574507
0.058494329
0.060982943
0.060609579
0.060465336
0.060364485
0.060465097
0.060350657
0.060431957
0.060363770
0.011583805
0.059335470
0.060971737
0.060666800
0.060476542
0.060385942
0.060478926
0.060503960
0.060430288
0.060372829
0.011668444
0.061147451
0.060901880
0.060426712
0.060470819
0.060509920
0.060408354
0.060373068
0.060452461
0.060345888
0.011570692
0.059826136
0.060962200
0.060485125
0.060626984
0.060369253
0.060416460
0.060392380
0.060427427
0.060362577
0.011578083
0.059705019
0.061004162
0.060495138
0.060402870
0.060392380
0.060453176
0.060508728
0.060440779
0.060337782
0.011557579
0.061250448
0.060865164
0.060340881
0.060634375
0.060390472
0.060458660
0.060382128
0.060479403
0.060440302
0.011567831
0.058272600
0.060966253
0.060494423
0.060447454
0.060413837
0.060491562
0.060375929
0.060413122
0.060358286
0.011603832
0.060206890
0.061011314
0.060407400
0.060407400
0.060363293
0.060428381
0.060356379
0.060389042
0.060385704
0.011636734
0.061325073
0.060849905
0.060396671
0.060423374
0.060408115
0.060410023
0.060359478
0.060448408
0.060354233
0.011550903
0.060250521
0.060986757
0.060377598
0.060597181
0.060504913
0.060447931
0.060374975
0.060399771
0.060363770
0.011598825
0.059642076
0.060966492
0.060465574
0.060419559
0.060396671
0.060370684
0.060346127
0.060424566
0.060446024
0.011593103
0.060639381
0.060903788
0.060559750
0.060410976
0.060373068
0.060398579
0.060355186
0.060375690
0.060313463
0.011584759
0.059447289
0.060994864
0.060440779
0.060409784
0.060547113
0.060430765
0.060365677
0.060513020
0.060356140
0.011610031
0.059554815
0.061027050
0.060426950
0.060451031
0.060757160
0.060421944
0.060357809
0.060400963
0.060510874
0.011573076
0.058148146
0.060987473
0.060481310
0.060417175
0.060453415
0.060434103
0.060351610
0.060392618
0.060375929
0.011586905
0.058693409
0.060948133
0.060453415
0.060407639
0.060373783
0.060416222
0.060380936
0.060416937
0.060458899
0.011614084
0.061157703
0.060929775
0.060372829
0.060501337
0.060390949
0.060463667
0.060380220
0.060433626
0.060365915
0.011573076
0.058306932
0.061029911
0.060633183
0.060478449
0.060389280
0.060651541
0.060374737
0.060428381
0.060361385
0.011583805
0.059332609
0.060951471
0.060425282
0.060474396
0.060383558
0.060485363
0.060479164
0.060398340
0.060396194
0.011597395
0.061162710
0.060984135
0.060394049
0.060469389
0.060420990
0.060439825
0.060449362
0.060499430
0.060392618
0.011741400
0.058798790
0.060940981
0.060630798
0.060449600
0.060695410
0.060442686
0.060336828
0.060381889
0.060360432
0.011590958
0.061460257
0.060795307
0.060343742
0.060431480
0.060405970
0.060450077
0.060782671
0.060425043
0.060371161
0.011574268
0.059757233
0.060997486
0.060359001
0.060504913
0.060368061
0.060408592
0.060357332
0.060388088
0.060343981
0.011591911
0.061150789
0.060935020
0.060369253
0.060415506
0.060503483
0.060558796
0.060489178
0.060382366
0.060420275
0.011558056
0.060711145
0.060920000
0.060391426
0.060402155
0.060365677
0.060472012
0.060363770
0.060410500
0.060335398
0.011592627
0.057884932
0.060952425
0.060526133
0.060402155
0.060397387
0.060424089
0.060397148
0.060633659
0.060342312
0.011588335
0.059451103
0.060973644
0.060554743
0.060557842
0.060442924
0.060418367
0.060360432
0.060418367
0.060326338
0.011593342
0.060936928
0.060913563
0.060471773
0.060471535
0.060363054
0.060421944
0.060377598
0.060512543
0.060328484
0.011541367
0.059413910
0.060959339
0.060411453
0.060415983
0.060354948
0.060479164
0.060420752
0.060476780
0.060351610
0.011607170
0.059254408
0.060945749
0.060475349
0.060560942
0.060407162
0.060434580
0.060359716
0.060647011
0.060415506
0.011548758
0.058338881
0.060980558
0.060438395
0.060446262
0.060376883
0.060424328
0.060363054
0.060436010
0.060474873
0.011550426
0.059770584
0.060963392
0.060364485
0.060403347
0.060361147
0.060396671
0.060383797
0.060428381
0.060364485
0.011582851
0.060513735
0.060970783
0.060363054
0.060441971
0.060356855
0.060411692
0.060346365
0.060429573
0.060354948
0.011571407
0.058528423
0.060896397
0.060460567
0.060402870
0.060416460
0.060462236
0.060371637
0.060415745
0.060397863
0.011940241
0.060526848
0.061086893
0.060417175
0.060421467
0.060380697
0.060423851
0.060400248
0.060402632
0.060345650
0.011555433
0.058615208
0.060989380
0.060486794
0.060442448
0.060396194
0.060670614
0.060370684
0.060364008
0.060323954
0.011598110
0.059162855
0.060954094
0.060426235
0.060432434
0.060475111
0.060421944
0.060383320
0.060389996
0.060383558
0.011758327
0.058565378
0.061004877
0.060609579
0.060395241
0.060357094
0.060405970
0.060455799
0.060537815
0.060503244
0.011633873
0.059261799
0.060978174
0.060392857
0.060435534
0.060351610
0.060392857
0.060498953
0.060433388
0.060383081
0.011593342
0.059880972
0.060990095
0.060426474
0.060424328
0.060375452
0.060428143
0.060343027
0.060386419
0.060365915
0.011546135
0.060765266
0.060954094
0.060425758
0.060420275
0.060425282
0.060697317
0.060534000
0.060404062
0.060346842
0.011571884
0.059870958
0.060935497
0.060369730
0.060437679
0.060416222
0.060530901
0.060403585
0.060475588
0.060398340
0.011572838
0.058580637
0.060928822
0.060466528
0.060400963
0.060308218
0.060363531
0.060360909
0.060387850
0.060346365
0.011575937
0.059150934
0.061002254
0.060392141
0.060446978
0.060646534
0.060558796
0.060368776
0.060421705
0.060340881
0.011539221
0.059675217
0.060933828
0.060454130
0.060436487
0.060375690
0.060400724
0.060349941
0.060396910
0.060483217
0.011607885
0.060790539
0.060984850
0.060371637
0.060531855
0.060400248
0.060487747
0.060373783
0.060412884
0.060405731
0.011563778
0.058867455
0.060973644
0.060445547
0.060468912
0.060519218
0.060443878
0.060358286
0.060442686
0.060356140
0.011587620
0.058417320
0.060937166
0.060415983
0.060440779
0.060410261
0.060385466
0.060347557
0.060423613
0.060520411
0.011570930
0.060224295
0.060926199
0.060343742
0.060436726
0.060374737
0.060402155
0.060348511
0.060398579
0.060323000
0.011552572
0.059703588
0.060980082
0.060547352
0.060456038
0.060400248
0.060387135
0.060341597
0.060424566
0.060335636
0.011607647
0.058132887
0.061008692
0.060421705
0.060423374
0.060394287
0.060482264
0.060324192
0.060403109
0.060332775
0.011611938
0.059448481
0.060995340
0.060614586
0.060413599
0.060384750
0.060414791
0.060381651
0.060417891
0.060376883
0.011587620
0.060713291
0.060931206
0.060390711
0.060399055
0.060345173
0.060428858
0.060503721
0.060401917
0.060336113
0.011562586
0.057652950
0.060990572
0.060444117
0.060454845
0.060376644
0.060421467
0.060389996
0.060419321
0.060364723
0.011590958
0.059007883
0.061000824
0.060534000
0.060592890
0.060412169
0.060468912
0.060354233
0.060407162
0.060447454
0.011572123
0.059806108
0.060983419
0.060401678
0.060437202
0.060353041
0.060366869
0.060375214
0.060542345
0.060360193
0.011577606
0.059256315
0.060964346
0.060483694
0.060468197
0.060389042
0.060387611
0.060364485
0.060373783
0.060379982
0.011580944
0.058345079
0.060972929
0.060542345
0.060502291
0.060373306
0.060445786
0.060360670
0.060457945
0.060364962
0.011596441
0.061201572
0.060861588
0.060364962
0.060436726
0.060433388
0.060428619
0.060326576
0.060418844
0.060335636
0.011565208
0.056573153
0.060939074
0.060549974
0.060396910
0.060365677
0.060410738
0.060408354
0.060378313
0.060362339
0.011605263
0.059398413
0.060943842
0.060384989
0.060458899
0.060551643
0.060433865
0.060347557
0.060440302
0.060352564
0.011624098
0.060907841
0.060460091
0.060379744
0.060414553
0.060405016
0.060393095
0.060374975
0.060416937
0.060497284
0.011562586
0.059860229
0.060934782
0.060393333
0.060463905
0.060368299
0.060425520
0.060340405
0.060424328
0.060367823
0.011579514
0.060786724
0.060896635
0.060367107
0.060409069
0.060627699
0.060426474
0.060353994
0.060371399
0.060327768
0.011584759
0.060768366
0.060500622
0.060375214
0.060421228
0.060404778
0.060438156
0.060363054
0.060470581
0.060523748
0.011622429
0.059735775
0.060967922
0.060363293
0.060407162
0.060374975
0.060389280
0.060356140
0.060417175
0.060319901
0.011567116
0.059995413
0.060932159
0.060528517
0.060467005
0.060533524
0.060424805
0.060370445
0.060390234
0.060386896
0.011560202
0.061045170
0.060909271
0.060362577
0.060456276
0.060380936
0.060446262
0.060389996
0.060458422
0.060343981
0.011563540
0.059545755
0.060968876
0.060581684
0.060410261
0.060382128
0.060406685
0.060346603
0.060412645
0.060362339
0.011543036
0.060607672
0.060899734
0.060401440
0.060442924
0.060389042
0.060409546
0.060516119
0.060419559
0.060372353
0.011794567
0.058866262
0.060958147
0.060470819
0.060470819
0.060369015
0.060398817
0.060363293
0.060371161
0.060341358
0.011544943
0.059937716
0.060957193
0.060564041
0.060507059
0.060428619
0.060446262
0.060405731
0.060386181
0.060347319
0.011597395
0.057156563
0.060960531
0.060575724
0.060439110
0.060369253
0.060429335
0.060494900
0.060422421
0.060350657
0.011621714
0.060659885
0.060917854
0.060379267
0.060429811
0.060376644
0.060423374
0.060362101
0.060539961
0.060513973
0.011586666
0.060883045
0.060927391
0.060349703
0.060537815
0.060431957
0.060379267
0.060332537
0.060413122
0.060360193
0.011563778
0.058393240
0.060989857
0.060504436
0.060396671
0.060382128
0.060437918
0.060335636
0.060432911
0.060360193
0.011596918
0.058508158
0.060964584
0.060527325
0.060393572
0.060444832
0.060411215
0.060383797
0.060391426
0.060369968
0.011584520
0.060296774
0.061048269
0.060374498
0.060539246
0.060459137
0.060561180
0.060504675
0.060472250
0.060382843
0.011571646
0.060288668
0.061041117
0.060439348
0.060419798
0.060390234
0.060422421
0.060367584
0.060547113
0.060450077
0.011612177
0.058260918
0.061011314
0.060756207
0.060449123
0.060482740
0.060446024
0.060351133
0.060390711
0.060376644
0.011542559
0.058779478
0.060935736
0.060479641
0.060441017
0.060559750
0.060434580
0.060355902
0.060431242
0.060376644
0.011574030
0.059066057
0.060909033
0.060445786
0.060514450
0.060366154
0.060399294
0.060353994
0.060469866
0.060490131
0.011545658
0.056452513
0.060942173
0.060540676
0.060424089
0.060364485
0.060435057
0.060508966
0.060408831
0.060346127
0.011578083
0.058332682
0.060974598
0.060469389
0.060515881
0.060401440
0.060443163
0.060373068
0.060415506
0.060352564
0.011593819
0.061054707
0.060906649
0.060401201
0.060423851
0.060359955
0.060402632
0.060362816
0.060407877
0.060346603
0.011559963
0.058565140
0.061082125
0.060445786
0.060434341
0.060391188
0.060430765
0.060428143
0.060441971
0.060365438
0.011608601
0.059282303
0.060940266
0.060442448
0.060462475
0.060412169
0.060617685
0.060368776
0.060414791
0.060381889
0.011543512
0.059498310
0.060992002
0.060425997
0.060403109
0.060410738
0.060477257
0.060375929
0.060435295
0.060698032
0.011774302
0.059750795
0.060956955
0.060513973
0.060435295
0.060426474
0.060403824
0.060341835
0.060416460
0.060363531
0.011571884
0.057004929
0.060952425
0.060536385
0.060423613
0.060366631
0.060446024
0.060463190
0.060416222
0.060332060
0.011595488
0.061390638
0.060964346
0.060389042
0.060482502
0.060366869
0.060424566
0.060349941
0.060411930
0.060379028
0.011563778
0.060142040
0.060981274
0.060403109
0.060461044
0.060366869
0.060467005
0.060575247
0.060584545
0.060472488
0.011639118
0.060328245
0.060986996
0.060378551
0.060422421
0.060359478
0.060430527
0.060369253
0.060407639
0.060369492
0.011595249
0.061352015
0.060963392
0.060380220
0.060459614
0.060382366
0.060540676
0.060485840
0.060432911
0.060361624
0.011576653
0.059151649
0.061023474
0.060420275
0.060434341
0.060455799
0.060389042
0.060331345
0.060377836
0.060368299
0.011618376
0.058550358
0.060942173
0.060414314
0.060415983
0.060762644
0.060553312
0.060390472
0.060529709
0.060385704
0.011571646
0.061272860
0.060859203
0.060392857
0.060725689
0.060619116
0.060665131
0.060538769
0.060698032
0.060577393
0.011792660
0.059780598
0.061130047
0.060579777
0.060639858
0.060550213
0.060639620
0.060540676
0.060574770
0.060529470
0.011806250
0.060265541
0.061082363
0.060763359
0.060574532
0.060601234
0.060650587
0.060546160
0.060583115
0.060523033
0.011823654
0.060593843
0.061186314
0.060712814
0.060738325
0.060596466
0.060490608
0.060465813
0.060520887
0.060458899
0.011745453
0.060504675
0.061067820
0.060649395
0.060724974
0.060613871
0.060554504
0.060580969
0.060578346
0.060550451
0.011801243
0.059471369
0.061067820
0.060797215
0.060580730
0.060540676
0.060542107
0.060533762
0.060570955
0.060629129
0.011778116
0.061520576
0.060949564
0.060573578
0.060688972
0.060489655
0.060511827
0.060515642
0.060554981
0.060471535
0.011722326
0.061304331
0.061005592
0.060689688
0.060608149
0.060518503
0.060549736
0.060564756
0.060556412
0.060536861
0.011783361
0.058672190
0.061103821
0.060641766
0.060582161
0.060698748
0.060698748
0.060529947
0.060590982
0.060497284
0.011752129
0.060054064
0.061151028
0.060551405
0.060641289
0.060585976
0.060622692
0.060528040
0.060603619
0.060532093
0.011810780
0.060910225
0.060692310
0.060702085
0.060617924
0.060666800
0.060692787
0.060541868
0.060643673
0.060644865
0.011800051
0.060276985
0.061115980
0.060557365
0.060562372
0.060670376
0.060580254
0.060551882
0.060580015
0.060534477
0.011818886
0.057634354
0.061209917
0.060666084
0.060789347
0.060515165
0.060563564
0.060509920
0.060571909
0.060537577
0.011845589
0.059558868
0.061123371
0.060654879
0.060630083
0.060736656
0.060779095
0.060637236
0.060546160
0.060564995
0.011789322
0.060188293
0.061082840
0.060620785
0.060576916
0.060606003
0.060730219
0.060528994
0.060547829
0.060532331
0.011795282
0.061401606
0.060856342
0.060612917
0.060663462
0.060512304
0.060733795
0.060609579
0.060588360
0.060516834
0.011768579
0.061670065
0.061121702
0.060576677
0.060744286
0.060628653
0.060617447
0.060519218
0.060568810
0.060533762
0.011858225
0.058952570
0.061244011
0.060847282
0.060580254
0.060540438
0.060545683
0.060532331
0.060579777
0.060491085
0.011829138
0.060643673
0.061023474
0.060476542
0.060548782
0.060639381
0.060471535
0.060440779
0.060507059
0.060478210
0.011707306
0.058449745
0.061100006
0.060490847
0.060543537
0.060492039
0.060501575
0.060469627
0.060513496
0.060486317
0.011747122
0.061387777
0.060865164
0.060490608
0.060702324
0.060493708
0.060538769
0.060519457
0.060503960
0.060538292
0.011751413
0.056481123
0.061071396
0.060682535
0.060537815
0.060493469
0.060487509
0.060422897
0.060570955
0.060560226
0.011715174
0.059784412
0.061055660
0.060568571
0.060478210
0.060523748
0.060591221
0.060507774
0.060564995
0.060461998
0.011758327
0.060364723
0.061011553
0.060475111
0.060514927
0.060474157
0.060494900
0.060452700
0.060503006
0.060471296
0.011757612
0.061321020
0.060932636
0.060468912
0.060650826
0.060528517
0.060458660
0.060464859
0.060531378
0.060410261
0.011715651
0.059349298
0.061026812
0.060456753
0.060481787
0.060529947
0.060480595
0.060449600
0.060562372
0.060499907
0.011728048
0.060238838
0.061073065
0.060435772
0.060577869
0.060616255
0.060492277
0.060468674
0.060507774
0.060482264
0.011758327
0.059403181
0.061252594
0.060475588
0.060512304
0.060455322
0.060524464
0.060512066
0.060465097
0.060479403
0.011719942
0.058622122
0.061049700
0.060534239
0.060521364
0.060481548
0.060530663
0.060457706
0.060494661
0.060469866
0.011701584
0.059404135
0.060821295
0.060833454
0.060862780
0.061141253
0.060637951
0.060516834
0.060508251
0.060503483
0.011695862
0.060822964
0.061020851
0.060476303
0.060520172
0.060628891
0.060524464
0.060462952
0.060562134
0.060565233
0.011782408
0.060750961
0.061156034
0.060481787
0.060542345
0.060446739
0.060530186
0.060453653
0.060513496
0.060447693
0.011708975
0.055486917
0.057587147
0.057373524
0.057544947
0.061040640
0.060870409
0.060477018
0.060481548
0.060424089
0.011681795
0.060454607
0.061050177
0.060541630
0.060563564
0.060509682
0.060496569
0.060522079
0.060658216
0.060533762
0.011793137
0.059087515
0.061116695
0.060499907
0.060633898
0.060432196
0.060515881
0.060532570
0.060544014
0.060467958
0.011730433
0.052628756
0.058145761
0.057252884
0.058747292
0.060985088
0.060625792
0.060452223
0.060528040
0.060525179
0.011710882
0.059644461
0.060974360
0.060512781
0.060502768
0.060459375
0.060696363
0.060478926
0.060544014
0.060485840
0.011786699
0.054936886
0.061118841
0.060643435
0.060533047
0.060557365
0.060525179
0.060450554
0.060536146
0.060467005
0.011771679
0.056758404
0.061065197
0.060595036
0.060517788
0.060510397
0.060540199
0.060490131
0.060502768
0.060407162
0.011703730
0.056913376
0.061209679
0.060629368
0.060515642
0.060415983
0.060473442
0.060553074
0.060523033
0.060514450
0.011786699
0.056273222
0.061027765
0.060552359
0.060512066
0.060549498
0.060654402
0.060560942
0.060601234
0.060461044
0.011680841
0.056691647
0.061112165
0.060579538
0.060528517
0.060477018
0.060657024
0.060497522
0.060504198
0.060425520
0.011692762
0.053456068
0.058761120
0.057522058
0.057603359
0.060854912
0.060935259
0.060485125
0.060501814
0.060390472
0.011718273
0.056803465
0.061059952
0.060576439
0.060543537
0.060454845
0.060543776
0.060520172
0.060563803
0.060513020
0.011649609
0.055962324
0.061072826
0.060834408
0.060548067
0.060577869
0.060498476
0.060464859
0.060552359
0.060506344
0.011724234
0.055088997
0.061059475
0.060987234
0.060508013
0.060511827
0.060528278
0.060458183
0.060511351
0.060458899
0.011731863
0.056499958
0.061003208
0.060568094
0.060710192
0.060563803
0.060523272
0.060495138
0.060490847
0.060451269
0.011744738
0.054721594
0.061028242
0.060652256
0.060495138
0.060511827
0.060528517
0.060560465
0.060529947
0.060497999
0.011759520
0.052977800
0.058012724
0.057509422
0.057950735
0.060500145
0.060410023
0.060357094
0.060977221
0.060711145
0.011771441
0.056454659
0.061153889
0.060683966
0.060559273
0.060491800
0.060477018
0.060457230
0.060492039
0.058809757
0.011261940
0.054974318
0.061027527
0.060658455
0.060500145
0.060463428
0.060512304
0.060508251
0.060520887
0.060485363
0.011789322
0.054240942
0.061330557
0.060980558
0.060661793
0.060477972
0.060673237
0.060499430
0.060523987
0.060474634
0.011666775
0.054875374
0.060995579
0.060654879
0.060484648
0.060448170
0.060579538
0.060448647
0.060523033
0.060421705
0.011740208
0.053656816
0.058252335
0.057483673
0.060595751
0.060364485
0.060404539
0.061050415
0.060628653
0.060507298
0.011781216
0.057424068
0.060240746
0.060204506
0.060298681
0.060783386
0.061008930
0.060463667
0.060482025
0.060430288
0.011673450
0.056115866
0.060992002
0.060724974
0.060578108
0.060521603
0.060552835
0.060510635
0.060492992
0.060426235
0.011669159
0.053657770
0.058887482
0.057102919
0.059507370
0.059801102
0.059833527
0.060273170
0.061073542
0.060438871
0.011742115
0.057690382
0.060409784
0.060524225
0.060626268
0.061049700
0.060725689
0.060523510
0.060489416
0.060483217
0.011790752
0.056542635
0.061024666
0.060528994
0.060554266
0.060465097
0.060521841
0.060504198
0.060474873
0.060428619
0.011675358
0.053641081
0.058348417
0.057110786
0.058547020
0.059493780
0.059381247
0.059979439
0.061051130
0.060544252
0.011714220
0.056663036
0.058241129
0.057335377
0.057387114
0.059186935
0.060605288
0.060528994
0.060475349
0.060959101
0.011794806
0.057590008
0.061062813
0.060505390
0.060554743
0.060576677
0.060449600
0.060461760
0.060491800
0.060438871
0.011734486
0.053493977
0.058169127
0.057144165
0.058736563
0.060224056
0.060161114
0.060245752
0.061110735
0.060657501
0.011627197
0.056690693
0.059403896
0.058327436
0.058561325
0.058621168
0.061095715
0.060752392
0.060519218
0.060430050
0.011735201
0.055826426
0.061263084
0.060982704
0.060546637
0.060434818
0.060563326
0.060495615
0.060503244
0.060461998
0.011764526
0.053635120
0.058751583
0.057485580
0.057951927
0.060971498
0.060695648
0.060549498
0.060558796
0.060442209
0.011710405
0.054885149
0.061294556
0.060889482
0.060521841
0.060436726
0.060476303
0.060452461
0.060462475
0.057916880
0.011225224
0.056421995
0.061055183
0.059148550
0.057162285
0.057618618
0.057332516
0.059051275
0.060802698
0.060776711
0.011785746
0.053955555
0.058237791
0.057409286
0.057481289
0.058544874
0.059536934
0.059380293
0.060049534
0.060872555
0.011839867
0.054632425
0.061084270
0.060606480
0.060511351
0.060473680
0.060514450
0.060501099
0.060565948
0.060471773
0.011724710
0.052888155
0.058300257
0.057721138
0.059291601
0.060531378
0.060507059
0.060348034
0.061047077
0.060629845
0.011772394
0.057679176
0.061104536
0.060722351
0.060716629
0.060655832
0.060639620
0.060553074
0.060545921
0.060539961
0.011850595
0.056174994
0.060725212
0.057204485
0.057427168
0.057484627
0.059260607
0.060796022
0.060820818
0.060807467
0.011842728
0.054991007
0.058428764
0.057398319
0.058949232
0.060225248
0.060389519
0.060333967
0.061120272
0.060645342
0.011752129
0.053925753
0.058365822
0.057314157
0.057664156
0.059198141
0.060083389
0.059981346
0.060651302
0.061001062
0.011817217
0.056974173
0.061056137
0.060610533
0.060600281
0.060200214
0.057557821
0.057357788
0.057446003
0.059330225
0.011801243
0.055718660
0.061191797
0.057831049
0.057231188
0.057460308
0.057379007
0.059562922
0.060013294
0.059979439
0.011848450
0.053319216
0.058262348
0.057404041
0.058685541
0.061240673
0.060688019
0.060541153
0.060580730
0.060462952
0.011761665
0.057088614
0.058359861
0.057346821
0.057536840
0.059512138
0.060696125
0.060643435
0.060629606
0.060967445
0.011873007
0.056828499
0.061085701
0.060611486
0.060667276
0.060546875
0.060671091
0.060535431
0.060532570
0.060626507
0.011803389
0.056012154
0.061054230
0.059265375
0.057225227
0.057397842
0.057450056
0.060218811
0.060666084
0.060561180
0.011863708
0.054624557
0.058189392
0.057555199
0.057329655
0.059480906
0.059710741
0.059442997
0.060402632
0.060999155
0.011793375
0.056964636
0.060765982
0.057283878
0.057535648
0.057602167
0.059537649
0.060644150
0.060589314
0.060647726
0.011888981
0.053912878
0.058436632
0.057120800
0.059905052
0.059774160
0.059880495
0.059771061
0.061081886
0.060700178
0.011757851
0.054327488
0.059230328
0.057776451
0.057418346
0.059659243
0.061076403
0.060534000
0.060642958
0.060490608
0.011784077
0.053938866
0.058273315
0.060849190
0.060913801
0.060908556
0.057675838
0.057139635
0.057321072
0.057917118
0.011892319
0.053637981
0.058879614
0.057574987
0.059394836
0.060973167
0.060894251
0.059960604
0.057436705
0.057364225
0.011282921
0.057415009
0.057972670
0.057555676
0.057470322
0.058615923
0.061106205
0.060575485
0.060550213
0.060474873
0.011751413
0.056396246
0.061130524
0.057725430
0.057495594
0.057412148
0.058442354
0.061008692
0.060723543
0.060534716
0.012057066
0.054096937
0.058085203
0.057378054
0.058513880
0.061095476
0.060844421
0.060513496
0.060629368
0.060539961
0.011810303
0.057890654
0.058044910
0.057191849
0.057400942
0.058792353
0.061191082
0.060557842
0.060554028
0.060483456
0.011668444
0.053735971
0.058874607
0.058229446
0.061019897
0.060729504
0.060498953
0.057303667
0.057335138
0.057449579
0.011223316
0.052778006
0.059040070
0.057510138
0.059649467
0.061199903
0.060592413
0.060533762
0.060566425
0.060570955
0.011773825
0.055205107
0.058541059
0.057366848
0.057722569
0.057511568
0.060833693
0.060560942
0.060615063
0.060995340
0.011808872
0.053785563
0.058059692
0.058551073
0.061082363
0.060605049
0.060554028
0.057472229
0.057430029
0.057374716
0.011268377
0.053124666
0.058890820
0.057433844
0.058081627
0.061043978
0.060830355
0.060462475
0.060606241
0.060456753
0.011722326
0.054651022
0.061060667
0.060875893
0.060632229
0.060493708
0.057794094
0.057368517
0.057381153
0.058597326
0.011907339
0.053208828
0.058356762
0.057676077
0.061027765
0.060640097
0.060822964
0.061077118
0.060608149
0.060468435
0.011742592
0.054824352
0.061332703
0.061022282
0.060540199
0.060575008
0.060538292
0.060494423
0.059170961
0.057168722
0.011404753
0.057419300
0.060661316
0.057688475
0.057487726
0.057390928
0.059337139
0.060392380
0.060415506
0.059212446
0.011307716
0.052814007
0.057800055
0.057289124
0.058664322
0.059745312
0.059789658
0.059986115
0.061082840
0.060773849
0.011785030
0.056712627
0.058367729
0.057238817
0.057581663
0.058266401
0.061070681
0.060704708
0.060583591
0.060511827
0.011827707
0.052633524
0.058012247
0.059807777
0.060644627
0.060457230
0.058869600
0.057381392
0.057442665
0.057432652
0.011736870
0.053413630
0.057987213
0.057426929
0.058550119
0.061162710
0.060732126
0.060530186
0.060543299
0.060492039
0.011809349
0.057415962
0.058749437
0.057501793
0.057607889
0.057452440
0.060866833
0.060565710
0.060684443
0.060409307
0.011953592
0.055935383
0.060913801
0.058835745
0.057041407
0.057417870
0.057533503
0.060350180
0.060307503
0.060226917
0.011802197
0.054239035
0.058566332
0.057250023
0.058242798
0.060876846
0.060608625
0.060402393
0.060373545
0.060363054
0.011593580
0.055056810
0.060304642
0.057134867
0.057297230
0.057191610
0.058765173
0.059612751
0.059532881
0.059969902
0.011713266
0.054154396
0.058540821
0.057380199
0.060667992
0.060210943
0.060356379
0.060602903
0.060586452
0.060316801
0.011877537
0.054526091
0.061346054
0.061117887
0.060396433
0.057579517
0.057496309
0.057408810
0.057722569
0.061094284
0.011802673
0.055412769
0.061098337
0.060647488
0.060534716
0.060512781
0.060781002
0.060480833
0.060445547
0.060329676
0.011373758
0.053447247
0.058835745
0.057360649
0.059837818
0.061034441
0.060557127
0.060507298
0.060493469
0.060489178
0.011761427
0.055029631
0.060768366
0.060613394
0.060638189
0.059558392
0.057293415
0.057256222
0.057247639
0.058934689
0.011629105
0.058113337
0.061142206
0.058375835
0.057526588
0.057368040
0.057455301
0.060638905
0.060682058
0.060583115
0.011903048
0.053669214
0.058680296
0.057425976
0.059010506
0.060590029
0.060615063
0.059544563
0.057276726
0.057283401
0.011360407
0.054610491
0.060049772
0.059256077
0.059316158
0.059681892
0.061128616
0.060645580
0.060477495
0.057373524
0.011226416
0.055150747
0.061223507
0.057848215
0.057167292
0.057375669
0.057886124
0.061198473
0.060735941
0.060455084
0.011729002
0.053860664
0.058887482
0.057536602
0.057822227
0.061123371
0.060732841
0.060490370
0.060544252
0.060410500
0.011807203
0.055888414
0.058838606
0.057594538
0.057569742
0.057682276
0.060803652
0.060541153
0.060622692
0.057562351
0.011379242
0.055194139
0.060724020
0.060574532
0.060647488
0.060635567
0.060811043
0.058835268
0.057387114
0.057684422
0.011351109
0.054636002
0.058932781
0.057578325
0.057533026
0.059110880
0.061022520
0.060532093
0.060261250
0.057404041
0.011359930
0.054058552
0.058265448
0.059325695
0.060700417
0.060742378
0.059127331
0.057126522
0.057452679
0.057354212
0.011538982
0.052941799
0.058366299
0.057575941
0.057547808
0.060637712
0.060701132
0.060619593
0.061104774
0.060573101
0.012132645
0.057588100
0.058811903
0.057589054
0.057433367
0.057666063
0.060672283
0.060538530
0.060592413
0.057805061
0.011246920
0.053528786
0.058357477
0.057592630
0.060812950
0.060463190
0.060602427
0.057632923
0.057105303
0.057265282
0.011327028
0.055732727
0.058694363
0.057338476
0.057459593
0.059241295
0.060831308
0.060805559
0.060818911
0.061026812
0.011878014
0.055036306
0.060969353
0.057193995
0.057414770
0.057448626
0.059760332
0.061022758
0.060544491
0.060166836
0.011351109
0.053650618
0.057909012
0.057348728
0.058608770
0.061081409
0.060875177
0.060400009
0.057473421
0.057107449
0.011298180
0.055450439
0.061097622
0.060788870
0.060518503
0.060112953
0.057339907
0.057330847
0.057221651
0.058691978
0.011789560
0.054964066
0.061142683
0.059660435
0.057299614
0.057390213
0.057538509
0.059408903
0.060068846
0.059962273
0.011858463
0.054675341
0.058054686
0.057259083
0.057166576
0.059640884
0.059782743
0.059705734
0.060638905
0.061020851
0.011887550
0.052768946
0.059768200
0.060801029
0.060922146
0.060524464
0.057401896
0.057343721
0.057420731
0.059199095
0.011911154
0.054893970
0.061208248
0.059762955
0.057161331
0.057188988
0.057527542
0.059351921
0.060020208
0.060001612
0.011773586
0.055599689
0.059038162
0.058145523
0.058411121
0.060164452
0.060831547
0.060790539
0.060820103
0.060957909
0.011827946
0.055863380
0.061044931
0.057262182
0.057174683
0.057487249
0.059397459
0.061002254
0.060815096
0.060139179
0.011265516
0.053616524
0.057938337
0.057516336
0.059249163
0.060669422
0.060593367
0.060457706
0.061006784
0.060675859
0.011729717
0.058066845
0.060467720
0.060388088
0.060632229
0.058559418
0.057399273
0.057352304
0.057453632
0.060251474
0.011800051
0.054970741
0.061118603
0.060681343
0.060595274
0.060734034
0.060533285
0.060494900
0.060535431
0.060512781
0.011671543
0.053945303
0.058046818
0.057572365
0.059251308
0.060660601
0.060628653
0.059480429
0.057157516
0.057384253
0.011289120
0.055567503
0.059234381
0.058376312
0.058560133
0.058895350
0.061031818
0.060638189
0.060504913
0.060482025
0.011758089
0.055564642
0.061049938
0.059642076
0.057135105
0.057449341
0.057453156
0.059473753
0.059696913
0.059443712
0.011691093
0.053554773
0.061334610
0.061058044
0.060593128
0.060507774
0.060575724
0.060521603
0.058048487
0.057234049
0.011327267
0.056868553
0.061089754
0.057709217
0.057377100
0.057683468
0.058458805
0.061007500
0.060690165
0.060510397
0.011762142
0.052667618
0.058957577
0.057336807
0.058878660
0.059512138
0.059702635
0.059990644
0.061070681
0.060630798
0.011845589
0.053705215
0.058766603
0.057193279
0.057365417
0.059549332
0.061098576
0.060588837
0.060598850
0.060508251
0.011793852
0.056106806
0.061074018
0.058589935
0.057413578
0.057523251
0.057596207
0.060854435
0.060581923
0.060575724
0.011807680
0.054214478
0.058791876
0.057396412
0.058047771
0.061035633
0.060714245
0.060526371
0.060505152
0.060568810
0.011713743
0.054141045
0.058699608
0.061033249
0.060956955
0.060572624
0.060566664
0.060509205
0.060581446
0.060671806
0.011805058
0.052681446
0.057959318
0.057354927
0.060799837
0.060648918
0.060606956
0.057683706
0.057344437
0.057279110
0.011388063
0.054167271
0.061038017
0.060787201
0.060577869
0.058086395
0.057407856
0.057340384
0.057543993
0.061035395
0.011867046
0.054716349
0.061226845
0.060794115
0.060603380
0.060635567
0.057970285
0.057416201
0.057390928
0.057930708
0.011788845
0.053008556
0.057943821
0.057348251
0.058814764
0.059727192
0.059755087
0.059765339
0.061191082
0.060824871
0.011789560
0.055648565
0.059937000
0.059632301
0.059262514
0.059635878
0.061038971
0.060583830
0.060380936
0.057415724
0.011333942
0.052460909
0.058251143
0.058950901
0.061203003
0.060607672
0.060267210
0.057420254
0.057447433
0.057332516
0.011286497
0.053161860
0.058211803
0.057320833
0.057614088
0.060716152
0.060598135
0.060425043
0.058135509
0.057282925
0.011332989
0.057715178
0.060367107
0.057355881
0.057639837
0.057415009
0.059050083
0.060199499
0.060306787
0.060310841
0.011811256
0.052617073
0.058365345
0.057313919
0.059053421
0.060045242
0.059861422
0.060220480
0.061089277
0.060581207
0.011754513
0.055933237
0.058746099
0.057347536
0.057466507
0.057875633
0.061010838
0.060731173
0.060673475
0.057759047
0.011335373
0.056785107
0.061205626
0.058565617
0.057381630
0.057503939
0.057670593
0.060606003
0.060602188
0.060583353
0.011920929
0.053412914
0.058132648
0.057585001
0.057515144
0.060628414
0.060439825
0.060637712
0.057936668
0.057103634
0.011379480
0.057165146
0.061112404
0.057497740
0.057477713
0.057437420
0.058993340
0.061075211
0.060640574
0.060539961
0.011764288
0.053056717
0.058115482
0.057259798
0.058953047
0.059741497
0.059782505
0.059955120
0.061158895
0.060656548
0.011782885
0.054446459
0.059213400
0.057684183
0.057581902
0.059526682
0.061070919
0.060566902
0.060604095
0.060546875
0.011843920
0.057690859
0.061078787
0.058501482
0.057556391
0.057404518
0.057553053
0.060633898
0.060518026
0.060617685
0.011843920
0.053230047
0.058240414
0.057341576
0.058698416
0.061177254
0.060845137
0.060555458
0.060608387
0.060546875
0.011887074
0.057165623
0.058808088
0.057525873
0.057604551
0.057528496
0.060668230
0.060550690
0.060692549
0.061028957
0.011890888
0.055275202
0.060820103
0.060682297
0.061129332
0.060653448
0.060428381
0.057483435
0.057467699
0.057399035
0.011317968
0.054016590
0.058304787
0.057078838
0.057876825
0.061039209
0.060928822
0.060529709
0.060556412
0.060511112
0.011746883
0.056817532
0.059577942
0.057268143
0.057502508
0.057576180
0.060553074
0.060413122
0.060471058
0.058110476
0.011290789
0.058107376
0.061180592
0.058549881
0.057211399
0.057371378
0.057428837
0.059551954
0.060679913
0.060570002
0.011848211
0.053345680
0.057894707
0.057370424
0.057516813
0.060300589
0.060434580
0.060348511
0.061109781
0.060664415
0.011782169
0.053820848
0.059715509
0.061102152
0.060718298
0.060497522
0.060639143
0.060630798
0.060559273
0.060566187
0.011742353
0.056356668
0.061140537
0.059244156
0.057195663
0.057718992
0.057142019
0.060101748
0.059861660
0.059984684
0.011749744
0.052856684
0.058753967
0.057192802
0.059164047
0.061075687
0.060646057
0.060491085
0.060561895
0.060491562
0.011819839
0.056092262
0.058441877
0.057398796
0.057448149
0.059116840
0.060815334
0.060758352
0.060876131
0.060775995
0.011889458
0.054108620
0.058788538
0.059311628
0.060911179
0.060854197
0.059688091
0.057097912
0.057428360
0.057612658
0.011440277
0.053126097
0.058187723
0.057387829
0.058931112
0.061041594
0.060660362
0.060622931
0.060593605
0.060480356
0.011742592
0.054793835
0.059012175
0.057454348
0.057453871
0.057859659
0.061238050
0.060760021
0.060560465
0.060539722
0.011708736
0.054172754
0.060856342
0.058767557
0.057314873
0.057248831
0.057883263
0.060623169
0.060651064
0.060649633
0.011822939
0.053354025
0.058565378
0.057554007
0.057994366
0.060754061
0.060610056
0.060839415
0.057602644
0.057476997
0.011725903
0.057346821
0.060858965
0.057370901
0.057240009
0.057215214
0.058736563
0.059612751
0.059757233
0.060020924
0.011807203
0.052907944
0.058250189
0.057379484
0.059125662
0.060236454
0.060241699
0.060378551
0.061130524
0.060601473
0.011772633
0.053684711
0.058574677
0.057414293
0.057440996
0.059613466
0.061081171
0.060556412
0.060573816
0.060627699
0.011745214
0.057358503
0.061347246
0.057638168
0.057688951
0.057493448
0.058843374
0.061059952
0.060705423
0.060410738
0.011502266
0.052543402
0.058443546
0.057613850
0.059147120
0.060199976
0.060291529
0.060298920
0.061038256
0.060590506
0.011708021
0.054847956
0.061206579
0.060894728
0.060569048
0.058450937
0.057383537
0.057330847
0.057514429
0.060830355
0.011806488
0.052739382
0.058511972
0.060300350
0.060815334
0.060725927
0.058914423
0.057347775
0.057405472
0.057345629
0.011852980
0.054409981
0.058612347
0.057229519
0.058928013
0.060658932
0.060701132
0.060560703
0.061072588
0.060713768
0.011800051
0.056676626
0.061160803
0.060747147
0.060575485
0.060747623
0.060587406
0.060511827
0.060482264
0.057385445
0.011224985
0.055366516
0.061091423
0.057843924
0.057284355
0.057390213
0.058003902
0.061039686
0.060718536
0.060510159
0.011818409
0.054176569
0.058196545
0.057173729
0.058534384
0.061140060
0.060719967
0.060496807
0.060564041
0.060480118
0.011721373
0.055761099
0.060176373
0.059780836
0.059741974
0.060006380
0.061100483
0.060667276
0.060554504
0.060533524
0.011805296
0.057970285
0.061055422
0.058526754
0.057469368
0.057416439
0.057651043
0.060841322
0.060675621
0.060632467
0.011909723
0.052639484
0.058056116
0.057216644
0.058727026
0.061090469
0.060646296
0.060532808
0.060539007
0.060555220
0.011764526
0.057371616
0.058295488
0.057475090
0.057450771
0.058690071
0.061071873
0.060640335
0.060594320
0.060516834
0.011778355
0.057928085
0.061208487
0.058553696
0.057369709
0.057371616
0.057545662
0.060631514
0.060425997
0.060415506
0.011897326
0.054052591
0.058146000
0.057268381
0.057946682
0.061064482
0.060729265
0.060761690
0.060588598
0.060515404
0.011764526
0.056168079
0.060464621
0.057366133
0.057610273
0.057382584
0.059181929
0.060227633
0.060212135
0.060286283
0.011866808
0.054232597
0.058017969
0.057484627
0.060666800
0.060607910
0.060372114
0.058023214
0.057331562
0.057348251
0.011438370
0.055562019
0.058671951
0.057481766
0.057431698
0.057904005
0.061043262
0.060790300
0.060601234
0.060503483
0.011764526
0.055134535
0.061185122
0.060661316
0.060586691
0.060607195
0.059290409
0.057393312
0.057378531
0.057498932
0.011568069
0.052655458
0.058661699
0.057338953
0.059087038
0.061036587
0.060599327
0.060518980
0.060555935
0.060469389
0.011840582
0.057495832
0.059091806
0.057509422
0.057430267
0.057565212
0.060532331
0.060423374
0.060414076
0.058116913
0.011273623
0.055336714
0.061063528
0.059842110
0.057594061
0.057477474
0.057435274
0.059560537
0.060264349
0.059912682
0.011712313
0.053279161
0.058141947
0.057407379
0.057591915
0.058963537
0.060592413
0.060576916
0.060598850
0.061030626
0.011869669
0.054817915
0.061038256
0.060818672
0.060570478
0.060386419
0.057500601
0.057437420
0.057343483
0.059529066
0.011757612
0.057390451
0.061063051
0.058710575
0.057240963
0.057389975
0.057610750
0.060541153
0.060661316
0.060571909
0.011841536
0.053103685
0.059012413
0.057306290
0.057718039
0.060790300
0.060971975
0.060816526
0.061153650
0.060618401
0.011772633
0.054380178
0.061223745
0.060676336
0.060712814
0.060652494
0.057456493
0.057262897
0.057200193
0.059162617
0.011794806
0.053468704
0.058842659
0.057529449
0.059622765
0.059838057
0.060051680
0.059968710
0.061046362
0.060789347
0.011807442
0.057538986
0.061099052
0.060847044
0.061010122
0.057389021
0.057168722
0.057391644
0.058655739
0.061010122
0.011811495
0.054988861
0.061117649
0.060721397
0.060543537
0.060410976
0.057428360
0.057362318
0.057395458
0.059531927
0.011865139
0.057166338
0.061141253
0.060314417
0.057631254
0.057228327
0.057409286
0.059067249
0.060674191
0.060600996
0.011902332
0.053671598
0.058521032
0.057421207
0.057500601
0.058633804
0.059592724
0.059491396
0.060023785
0.060997963
0.011855602
0.055088282
0.059967041
0.057395697
0.057102442
0.057344437
0.059367418
0.059969664
0.060252190
0.060396433
0.011910677
0.053528309
0.059242010
0.058274746
0.061336517
0.060759544
0.060524225
0.060548782
0.060563087
0.060574293
0.011896849
0.053778648
0.057951450
0.057536364
0.057518959
0.060379267
0.060405731
0.060313702
0.058171272
0.057336807
0.011347771
0.052912951
0.059653997
0.061036110
0.060727358
0.060545921
0.060537338
0.060510397
0.060582876
0.060574532
0.011770725
0.057325840
0.061100721
0.060220003
0.057567358
0.057408094
0.057486296
0.059363604
0.060637236
0.060564041
0.011914968
0.054253578
0.057772160
0.057161093
0.057625055
0.060436726
0.060172319
0.060258389
0.061078072
0.060711145
0.011802912
0.053527117
0.058947802
0.061110735
0.061019897
0.060581207
0.060739994
0.060529470
0.060551882
0.060531139
0.011827707
0.054143190
0.058561563
0.058354378
0.061081409
0.060674667
0.060718536
0.060543060
0.060602903
0.060551882
0.011736631
0.054310083
0.057995319
0.057122946
0.057430506
0.060356140
0.060390472
0.060404539
0.061089754
0.060698509
0.011772394
0.057397127
0.059046030
0.057158947
0.057426453
0.057588339
0.060674429
0.060357809
0.060689926
0.057789087
0.011403561
0.056063890
0.061128855
0.060683727
0.060576439
0.060646296
0.060548067
0.060562134
0.060599089
0.060501337
0.011787176
0.053408861
0.058539391
0.057190657
0.057901621
0.061064482
0.061021805
0.061038256
0.060593367
0.060575724
0.011764288
0.055858850
0.058663130
0.057164192
0.057612658
0.058237553
0.061251879
0.060697317
0.060549021
0.060527325
0.011878252
0.053373098
0.058943748
0.059850454
0.061081648
0.060712337
0.059976339
0.057384253
0.057495356
0.057384968
0.011320829
0.053140163
0.058799744
0.057508469
0.059722662
0.060997248
0.060635328
0.060568571
0.060549259
0.060514927
0.011802912
0.057451725
0.058110237
0.057364464
0.057450533
0.058685541
0.061047316
0.060615540
0.060345173
0.057456970
0.011403561
0.055691242
0.061101913
0.057776213
0.057337284
0.057408571
0.058135986
0.060988426
0.060709715
0.060556889
0.011805058
0.053132296
0.058877945
0.057369232
0.057927370
0.061061621
0.060846090
0.060524464
0.060572624
0.060542107
0.011791468
0.053988934
0.059406519
0.057471752
0.057544947
0.059467793
0.061136246
0.060507774
0.060557604
0.060540438
0.011803389
0.056339502
0.061108112
0.057554245
0.057555437
0.057385683
0.058522463
0.061068535
0.060764074
0.060517788
0.011811733
0.052536964
0.058711052
0.057215691
0.058811426
0.059371471
0.059380770
0.060029268
0.061051607
0.060605764
0.011767149
0.056004286
0.061116457
0.060747623
0.060569286
0.057478905
0.057421207
0.057582378
0.057656050
0.060601950
0.011829615
0.054714918
0.061058044
0.057567358
0.057437658
0.057548761
0.059011459
0.061028004
0.060600996
0.060476780
0.011678457
0.053071737
0.058669090
0.057214499
0.058716536
0.059496641
0.059298277
0.059769392
0.061091423
0.060614347
0.011816502
0.053817987
0.058039188
0.057509422
0.057429552
0.057929993
0.061054468
0.060720444
0.060532808
0.060490131
0.011781454
0.054843664
0.061198711
0.058151960
0.057358265
0.057307959
0.057983637
0.061032295
0.060735703
0.060496569
0.011737585
0.052666903
0.058403730
0.057361603
0.058864355
0.060170174
0.060070038
0.060190678
0.061072588
0.060831308
0.011815310
0.054642200
0.058989048
0.057478905
0.057557821
0.058842897
0.061027288
0.060589790
0.060602188
0.060486794
0.011785030
0.056457758
0.060685635
0.057201147
0.057466984
0.057353258
0.059090376
0.060559034
0.060662270
0.060593367
0.011902094
0.053072691
0.058290720
0.057337761
0.059218884
0.061037064
0.060562134
0.060475588
0.060526371
0.060476065
0.011805773
0.058123589
0.061058044
0.060791016
0.060546160
0.058444738
0.057379484
0.057350636
0.057402849
0.060778618
0.011920929
0.054621220
0.061149836
0.060727596
0.060512543
0.060497999
0.060503244
0.060491085
0.060540438
0.060337782
0.011428356
0.054079533
0.058220625
0.057156324
0.059278011
0.060815334
0.060956240
0.060770512
0.061079741
0.060707092
0.011772394
0.055093765
0.059887171
0.059826612
0.059768677
0.059808254
0.061119795
0.060844898
0.060537815
0.060511827
0.011709213
0.055462837
0.060731173
0.060421705
0.061062574
0.060625792
0.060454369
0.057248831
0.057461023
0.057351828
0.011254311
0.054704189
0.058630705
0.057517767
0.058031321
0.061135054
0.060755253
0.060504913
0.060580254
0.060497999
0.011780500
0.056115150
0.059708118
0.057227850
0.057538271
0.057470083
0.060328007
0.060591698
0.060632229
0.058552980
0.011305809
0.054196358
0.058609486
0.058484554
0.061164618
0.060671091
0.060445309
0.057412386
0.057300091
0.057348967
0.011289597
0.054244280
0.057993889
0.057431221
0.057468653
0.060259819
0.060548544
0.060541868
0.061031580
0.060619831
0.011777639
0.057290554
0.061056137
0.057319641
0.057596922
0.057337046
0.058963060
0.061045408
0.060649157
0.060481787
0.011729479
0.054046631
0.058495760
0.057388544
0.059204340
0.060549974
0.060688496
0.060534477
0.061033010
0.060711861
0.011790276
0.055780888
0.058428049
0.057152987
0.057490110
0.057829618
0.061149597
0.060817003
0.060573578
0.060571194
0.011752129
0.055258512
0.061215162
0.057756901
0.057496786
0.057101011
0.057891369
0.060999393
0.060755730
0.060448170
0.011803150
0.052614927
0.058185339
0.057344675
0.058803082
0.061010599
0.060651779
0.060529470
0.060556412
0.060501575
0.011787176
0.056612968
0.058707714
0.057454824
0.057375908
0.057368279
0.060784101
0.060600996
0.060681581
0.057753801
0.011357307
0.054857016
0.061045885
0.058100939
0.057346106
0.057364702
0.057981253
0.060938835
0.060745239
0.060518503
0.011753798
0.053046227
0.058310270
0.057172537
0.057395220
0.060606003
0.060730457
0.060382605
0.061111689
0.060597181
0.011732340
0.055827618
0.061120033
0.060650110
0.060567379
0.060327768
0.057366133
0.057528496
0.057408571
0.058915138
0.011871815
0.054042101
0.061087847
0.060704947
0.060517550
0.060440302
0.060495377
0.060507059
0.060527802
0.060483217
0.011739731
0.054212570
0.058315754
0.057484865
0.057565451
0.058676243
0.059435844
0.059434891
0.060116291
0.061044931
0.011903286
0.054995537
0.061094284
0.060847044
0.060694695
0.060621977
0.060540199
0.060548067
0.060606956
0.059393406
0.011269569
0.057463646
0.061017752
0.060241461
0.057380438
0.057511091
0.057557344
0.058621883
0.059660912
0.059742212
0.011745691
0.054819584
0.061078072
0.060812712
0.060616493
0.060503960
0.060533047
0.060495377
0.060539484
0.060512543
0.011743784
0.055889606
0.061140776
0.060749054
0.060796022
0.060575485
0.060613632
0.060498714
0.060646057
0.060534239
0.011768579
0.053077221
0.058591843
0.057599783
0.060633421
0.060611725
0.060499191
0.057704449
0.057099819
0.057266951
0.011367559
0.057911634
0.059847832
0.059515476
0.059521914
0.061033726
0.061108589
0.060540438
0.060635090
0.060714483
0.011769056
0.054833889
0.060247421
0.057534695
0.057412624
0.057531595
0.059159040
0.059993505
0.060083151
0.058782101
0.011314869
0.053247690
0.058227539
0.057193041
0.059527397
0.060485363
0.060393572
0.059213400
0.057120085
0.057377100
0.011315823
0.055588961
0.058482885
0.057158709
0.057470083
0.059274435
0.060937643
0.060789824
0.060873032
0.061017990
0.012134790
0.056263924
0.061004877
0.057232618
0.057665348
0.057117224
0.059132338
0.060732365
0.060548067
0.060532570
0.011869669
0.052732468
0.058020830
0.057192564
0.058915854
0.059891939
0.059965134
0.059968948
0.061234474
0.060676575
0.011759520
0.055885077
0.061067343
0.060819149
0.060558319
0.060563803
0.060616016
0.060490131
0.060514212
0.060510159
0.011889219
0.057605505
0.060719728
0.057348490
0.057482004
0.057552576
0.059264183
0.060638428
0.060622931
0.060540915
0.011928320
0.057088614
0.061180115
0.060456276
0.057615519
0.057471514
0.057620049
0.059281111
0.060644388
0.060335398
0.011863232
0.052794218
0.058291435
0.057336330
0.057532549
0.060569763
0.060647488
0.060451269
0.057892323
0.057304144
0.011312962
0.057024717
0.060882092
0.057393074
0.057474375
0.057509899
0.058968306
0.060622931
0.060633898
0.059524298
0.011305809
0.053090334
0.058017969
0.057391167
0.060867786
0.060551167
0.060555696
0.057745934
0.057126760
0.057434320
0.011409521
0.053064823
0.058135986
0.057242155
0.057826996
0.060443401
0.060437918
0.060385227
0.060595512
0.060993671
0.011845589
0.054721117
0.061056852
0.060697317
0.060600519
0.060486555
0.060587883
0.060475826
0.060490608
0.057725191
0.011233091
0.056100368
0.061061382
0.058313608
0.057395697
0.057550430
0.057428360
0.060619354
0.060383797
0.060360432
0.011856556
0.053697348
0.058809996
0.057597637
0.058028698
0.061119795
0.060734987
0.060471773
0.060557365
0.060497999
0.011799574
0.054651737
0.060406208
0.060122252
0.060270309
0.060384035
0.060292244
0.060568810
0.060474634
0.057288170
0.011264324
0.057022810
0.061138153
0.060377836
0.057479143
0.057434082
0.057357073
0.059162617
0.060523510
0.060371637
0.012012720
0.054050446
0.057932138
0.057375908
0.057461739
0.060183048
0.060248137
0.060091972
0.060923576
0.060992718
0.011769533
0.053809404
0.059810638
0.060990334
0.060600519
0.060629845
0.060524225
0.060472488
0.060531855
0.057547331
0.011384726
0.052690744
0.058315039
0.057381868
0.061053991
0.060737371
0.060532570
0.059092045
0.057334900
0.057468414
0.011409044
0.055171728
0.059014320
0.057365179
0.057150126
0.059206486
0.061058044
0.060824871
0.060838223
0.060749292
0.011846304
0.054622173
0.061096191
0.060724020
0.060540199
0.060529232
0.058071613
0.057258844
0.057524443
0.057922840
0.011797667
0.053018808
0.058310032
0.057714701
0.058792591
0.059751511
0.059694767
0.059921026
0.061013222
0.060621977
0.011731863
0.055230856
0.058727264
0.057380438
0.057335615
0.059378147
0.060759544
0.060784340
0.061104774
0.061005116
0.011837959
0.056372404
0.060635567
0.057219267
0.057746887
0.057090998
0.058305740
0.060985565
0.060716867
0.060477257
0.011748314
0.053952694
0.058558941
0.057366371
0.059084654
0.060593605
0.060625076
0.060520887
0.061097383
0.060655355
0.011765718
0.056905985
0.061026335
0.060777187
0.060586452
0.060621738
0.060553312
0.060495853
0.059851170
0.057230473
0.011343241
0.053128719
0.058274269
0.059516430
0.060691833
0.060463667
0.060576677
0.060584307
0.060593843
0.060883284
0.011816025
0.053364754
0.058176994
0.057466984
0.059283733
0.060649872
0.060592413
0.059317589
0.057195663
0.057269812
0.011216879
0.056364298
0.058706760
0.057173252
0.057448149
0.057567835
0.060616255
0.060395002
0.060573578
0.060995579
0.011821270
0.057375193
0.060999155
0.058648825
0.057456493
0.057168722
0.057605505
0.060607910
0.060566425
0.060548067
0.011820793
0.056132793
0.061040401
0.060878992
0.060573578
0.060421228
0.060731888
0.060471773
0.058540344
0.057443857
0.011327982
0.056763172
0.060379982
0.057361126
0.057390690
0.057275057
0.058742046
0.060009718
0.059777498
0.059939384
0.011871099
0.053670168
0.058050632
0.057568312
0.060471296
0.060401678
0.060363770
0.061124086
0.060885429
0.060529232
0.011791229
0.056485415
0.058701038
0.057538509
0.057466507
0.058995962
0.060633898
0.060607672
0.060572386
0.061000109
0.011910200
0.057344913
0.059099913
0.057188511
0.057307959
0.057764292
0.060599327
0.060327291
0.060368299
0.060973644
0.011834383
0.057075262
0.061069727
0.058584452
0.057514429
0.057590246
0.057440281
0.058634758
0.060120344
0.059660673
0.011778831
0.053912878
0.058890820
0.057262182
0.058144569
0.061078548
0.060811996
0.060518503
0.060578108
0.060516596
0.011843443
0.055085897
0.059063435
0.057400703
0.057626486
0.059260130
0.060996294
0.060799599
0.060842276
0.061053276
0.011832237
0.056866169
0.061132193
0.057563782
0.057436705
0.057352543
0.059037685
0.061032295
0.060659885
0.060451984
0.011733055
0.053153276
0.058044434
0.057689905
0.060698986
0.060550690
0.060630322
0.057639837
0.057134151
0.057313442
0.011384010
0.053920746
0.061325312
0.060981989
0.060603380
0.060585737
0.060560465
0.060538769
0.060606241
0.060514212
0.011831284
0.057077885
0.060738325
0.057607651
0.057487965
0.057565689
0.059375763
0.060627699
0.060706139
0.060608387
0.011863232
0.054587603
0.061235428
0.060932398
0.060548782
0.060647011
0.060733795
0.060514688
0.060527563
0.060529709
0.011805058
0.054548502
0.058552504
0.057338953
0.057580709
0.060184240
0.060442924
0.060593367
0.061069012
0.060638666
0.011847258
0.054948807
0.061223984
0.060698032
0.060817003
0.059421301
0.057148218
0.057444572
0.057443857
0.059645891
0.011860371
0.057914495
0.061099291
0.060256243
0.057379246
0.057359457
0.057390690
0.059403181
0.060632467
0.060531616
0.011877298
0.055886984
0.061099768
0.060670614
0.060614586
0.060631275
0.060530901
0.060534000
0.057625532
0.057384968
0.011349916
0.053487301
0.058137655
0.060911179
0.061024427
0.060693979
0.061037779
0.060571432
0.060582399
0.059111357
0.011311769
0.055409193
0.061236620
0.059408188
0.057231426
0.057548761
0.057269335
0.060026646
0.060255289
0.060168743
0.011797190
0.053135157
0.058331251
0.057374954
0.057646513
0.059398890
0.060431719
0.060364008
0.060373068
0.061068535
0.011855364
0.054414034
0.061122417
0.060715675
0.060582638
0.060602903
0.060554981
0.060508966
0.060581923
0.060494661
0.011772156
0.055761576
0.061247349
0.057634830
0.057522774
0.057426691
0.057319403
0.059528351
0.060218573
0.059929609
0.011770725
0.053746700
0.057943344
0.057499647
0.058469534
0.061069965
0.060669899
0.060513496
0.060562372
0.060477972
0.011817217
0.057184935
0.060289145
0.059838057
0.060243845
0.060823917
0.061041117
0.060560226
0.060548306
0.060517073
0.011754513
0.057286263
0.061197758
0.057756424
0.057625055
0.057281256
0.058749914
0.060966015
0.060647964
0.060491800
0.011763334
0.053409576
0.058964968
0.057697058
0.059975147
0.060154200
0.060309649
0.060829401
0.061038733
0.060530424
0.011754990
0.053776503
0.057849407
0.057398319
0.057458639
0.060564995
0.060464144
0.060351133
0.060351133
0.060960531
0.011842489
0.056442738
0.061133862
0.060875177
0.060606480
0.060519695
0.060654402
0.060518980
0.060559511
0.060472012
0.011806726
0.057628155
0.061074495
0.058628082
0.057578802
0.057367325
0.057524443
0.060600758
0.060404062
0.060380220
0.012383699
0.053864717
0.058834553
0.057367563
0.058041334
0.061096668
0.060726166
0.060474873
0.060554981
0.060594082
0.011759758
0.056375265
0.061086655
0.060737848
0.060556889
0.059811592
0.057301998
0.057410002
0.057569504
0.058945656
0.011837959
0.054558754
0.061066389
0.059820890
0.057137966
0.057408333
0.057331324
0.058897257
0.059576035
0.059586048
0.011875153
0.054498911
0.057713509
0.057433128
0.057474852
0.060538769
0.060329199
0.060203075
0.060074329
0.060037851
0.011734247
0.055714130
0.061094284
0.060695410
0.060572386
0.059944153
0.057344675
0.057374954
0.057589054
0.058940172
0.011821032
0.054882288
0.061074972
0.059804201
0.057195187
0.057218790
0.057398319
0.058763981
0.059696198
0.059336901
0.011708975
0.053852320
0.058369160
0.057509422
0.058071852
0.061216354
0.060830116
0.060461283
0.060542583
0.060492039
0.011767626
0.055380583
0.061081648
0.060762644
0.060698748
0.060485840
0.057545662
0.057498217
0.057480097
0.059342623
0.011960983
0.054656982
0.061114550
0.058243752
0.057622910
0.057344437
0.057722569
0.061012030
0.060868740
0.060751200
0.011893511
0.054452896
0.057787895
0.057390451
0.057486534
0.060622215
0.060401440
0.060381174
0.061104059
0.060642958
0.011789799
0.056559801
0.058687210
0.057170868
0.057436705
0.057608604
0.060659170
0.060578108
0.060605288
0.061002016
0.011846542
0.054162025
0.061243534
0.061060429
0.060607433
0.060572147
0.060521364
0.060490131
0.060556889
0.060576200
0.011737108
0.052830458
0.059166431
0.057450294
0.059795380
0.061054945
0.060790062
0.060483217
0.060628653
0.060540676
0.011733055
0.054716825
0.059029341
0.057405233
0.057200432
0.059331656
0.061230421
0.060516119
0.060586929
0.060530901
0.011759996
0.057249069
0.061283350
0.060823679
0.060574293
0.060633183
0.058270454
0.057361364
0.057538509
0.057642937
0.011880875
0.052858591
0.057989836
0.057446241
0.060735941
0.060475349
0.060547352
0.057661533
0.057333469
0.057406187
0.011341333
0.054970503
0.058593273
0.057394981
0.057612181
0.059020042
0.061022520
0.060472965
0.060546160
0.060538530
0.011766434
0.055433989
0.061074734
0.060655117
0.060553789
0.060466766
0.057790518
0.057069778
0.057454824
0.057938814
0.011860371
0.053751230
0.058420181
0.057393789
0.060400009
0.060642481
0.060377359
0.061067820
0.060673714
0.060466290
0.011723995
0.053290367
0.057872772
0.057538986
0.058463573
0.061025143
0.060703993
0.060487747
0.060596228
0.060572386
0.011755466
0.054544210
0.061062813
0.060792923
0.060520411
0.060548782
0.060680151
0.060529232
0.060656071
0.060512781
0.011780977
0.054661274
0.061052799
0.060701609
0.060550451
0.060496569
0.060532331
0.060511589
0.060570955
0.060454369
0.011827469
0.054064035
0.058536291
0.057176828
0.058323622
0.060974836
0.060718060
0.060486555
0.060506821
0.060477972
0.011769056
0.057449341
0.060530901
0.060417414
0.060426235
0.060787201
0.061007500
0.060503483
0.060522556
0.060518742
0.011975288
0.056509733
0.061118126
0.058621407
0.057522058
0.057544947
0.057563543
0.060552120
0.060595274
0.060583591
0.011866808
0.053605556
0.057901621
0.057324409
0.058474302
0.060971498
0.060818672
0.060422659
0.060444593
0.060410261
0.011709929
0.056780815
0.059270382
0.057030439
0.057668686
0.057479858
0.060570478
0.060354710
0.060638905
0.060962677
0.011872292
0.055725813
0.061188221
0.058382750
0.057438850
0.057606697
0.057619572
0.060872555
0.060642004
0.060528517
0.011808634
0.052603722
0.058492899
0.057396412
0.058935404
0.061067820
0.060610056
0.060480356
0.060498714
0.060499907
0.011762142
0.057615757
0.059075594
0.057229042
0.057442188
0.057537556
0.060630798
0.060379267
0.060490370
0.061022043
0.011948824
0.057541370
0.061071634
0.060740948
0.060548067
0.060504913
0.060505390
0.060517073
0.060553551
0.060529232
0.011871099
0.052891970
0.057950258
0.057216406
0.059062243
0.060987711
0.060618639
0.060498714
0.060549736
0.060551167
0.011716843
0.055232286
0.060349941
0.060234308
0.060450554
0.060320616
0.061028719
0.060622931
0.060548782
0.060465813
0.011736870
0.056664705
0.061031342
0.059249640
0.057336569
0.057497501
0.057335377
0.060575008
0.060419083
0.060530663
0.011888742
0.053128242
0.058068275
0.057376862
0.058779001
0.060986280
0.060657263
0.060504198
0.060562611
0.060500860
0.011794806
0.054922581
0.058970928
0.057568789
0.057525158
0.059607744
0.061051369
0.060534716
0.060587168
0.060492754
0.011728287
0.056913376
0.061115980
0.057676554
0.057273626
0.057519913
0.058599949
0.060964108
0.060646772
0.060406446
0.011754513
0.052767754
0.058089256
0.057488680
0.059421778
0.060416222
0.060558081
0.060513020
0.061033010
0.060532331
0.011699677
0.055560827
0.058317900
0.057388783
0.057757616
0.059038877
0.061048508
0.060458422
0.060458422
0.060392141
0.011689663
0.058084488
0.061101198
0.060801983
0.060504198
0.060507536
0.060835600
0.060470104
0.060510874
0.060474157
0.011781454
0.053521633
0.058858633
0.057461739
0.059129715
0.060995102
0.060759306
0.060733795
0.061063528
0.060669184
0.011791706
0.056735754
0.057766438
0.057525158
0.057396412
0.058685780
0.060129881
0.059778690
0.060082197
0.061034441
0.012142420
0.054708481
0.061128378
0.060690880
0.060570955
0.060538292
0.060511589
0.060503006
0.060571671
0.060441017
0.011837959
0.052840471
0.058241606
0.057156563
0.058930635
0.060338497
0.060207605
0.060304403
0.061110497
0.060678482
0.011727095
0.054632187
0.058868647
0.057407141
0.057398081
0.057756186
0.061040163
0.060718775
0.060582638
0.060428381
0.011677027
0.056252480
0.061094522
0.060733557
0.060574532
0.060515881
0.060536861
0.060467243
0.060561419
0.060465097
0.011743546
0.053050041
0.058150768
0.057387590
0.059499264
0.060621977
0.060599566
0.060576916
0.061123610
0.060633898
0.011785746
0.054738998
0.059120655
0.057338476
0.057558537
0.059602976
0.061040878
0.060514927
0.060535908
0.060478687
0.011732578
0.057535887
0.061051369
0.060741425
0.060552359
0.060622692
0.060603380
0.060519457
0.060511351
0.060409307
0.011386871
0.053216696
0.058842897
0.057453156
0.059099674
0.059701681
0.059481859
0.060096025
0.061034918
0.060579062
0.011802435
0.057654381
0.061114788
0.060708761
0.060563564
0.060522318
0.060602665
0.060507774
0.060600281
0.060474157
0.011789799
0.056577444
0.060982466
0.060667753
0.060513258
0.060524464
0.060545683
0.060557604
0.060565233
0.060485363
0.011708498
0.054201603
0.058518410
0.057368755
0.060404301
0.060036421
0.059927225
0.059913158
0.060953856
0.060670614
0.011751413
0.054931879
0.059072733
0.057425499
0.057459831
0.059897423
0.060985804
0.060515404
0.060557842
0.060467482
0.011744499
0.057017088
0.061054468
0.060545683
0.060517073
0.060503960
0.060487270
0.060486317
0.060508490
0.060503244
0.011793852
0.056101322
0.061046362
0.060594797
0.060555458
0.060521841
0.060553551
0.060557604
0.060441971
0.060472965
0.011782646
0.053731680
0.057812452
0.057342768
0.057565212
0.060456514
0.060348034
0.060294867
0.060960054
0.060535908
0.011669397
0.057461500
0.061072588
0.060707331
0.060535192
0.060639381
0.060479403
0.060499668
0.060515881
0.058268070
0.011241913
0.056436300
0.061079025
0.060619593
0.060584545
0.060509205
0.060557127
0.060499907
0.060550451
0.060478926
0.011790991
0.052567959
0.058192015
0.057333946
0.058913946
0.061190367
0.060650826
0.060528994
0.060604811
0.060527325
0.011849165
0.057791471
0.060597181
0.060642958
0.060623884
0.060929298
0.060634136
0.060357571
0.060421705
0.060354233
0.011636257
0.056572199
0.060991764
0.060574532
0.060436487
0.060622454
0.060556889
0.060544014
0.060599566
0.060486317
0.011738777
0.053659201
0.058816910
0.057454824
0.059324265
0.061124325
0.060881615
0.060752153
0.060997963
0.060569286
0.011719227
0.055229664
0.060419798
0.060194016
0.060116529
0.060192823
0.061023951
0.060622931
0.060501814
0.060419321
0.011738777
0.055853605
0.061287880
0.060434103
0.060389042
0.060458422
0.060522556
0.060455561
0.060552597
0.060410976
0.011753082
0.053114414
0.058761597
0.057364225
0.059419155
0.061106682
0.060493708
0.060509443
0.060547829
0.060485840
0.011713266
0.056435347
0.060139656
0.060169935
0.060191631
0.060314655
0.060973167
0.060562134
0.060557365
0.060577154
0.011696577
0.054975271
0.061095715
0.060878754
0.060698271
0.060497522
0.060546160
0.060495377
0.060533524
0.060545206
0.011790752
0.058036327
0.060945272
0.060727119
0.060440540
0.060457230
0.060398340
0.060447454
0.060547590
0.060440302
0.011705399
0.053802967
0.057814121
0.057395935
0.057376862
0.060583830
0.060233355
0.060316563
0.061025858
0.060798407
0.011692762
0.057129145
0.061221123
0.060492516
0.060657024
0.060632706
0.060648203
0.060561895
0.060530186
0.060405493
0.011675835
0.055438757
0.061305285
0.061017513
0.060567379
0.060543060
0.060519457
0.060445309
0.060456991
0.060413361
0.011817932
0.055127144
0.061095715
0.061068535
0.060586929
0.060663939
0.060564280
0.060555458
0.060534716
0.060503244
0.011782646
0.053968906
0.058947325
0.057481289
0.058034897
0.061193466
0.060792923
0.060481310
0.060560226
0.060547352
0.011739969
0.055725813
0.060003042
0.059554815
0.059421539
0.059759378
0.061234474
0.060949087
0.060606003
0.060505629
0.011765480
0.054948807
0.061051369
0.060688496
0.060684681
0.060635567
0.060524225
0.060581923
0.060558081
0.060430288
0.011714458
0.053003073
0.058588982
0.057754517
0.059115648
0.060027838
0.060020208
0.060267925
0.061026096
0.060515881
0.011724234
0.057272911
0.060400963
0.060297251
0.060541153
0.060526133
0.061136961
0.060540915
0.060529470
0.060389519
0.011735916
0.054056406
0.061115503
0.060756683
0.060729504
0.060479879
0.060512781
0.060450554
0.060487509
0.060459375
0.011713028
0.056770325
0.061047077
0.060571671
0.060536623
0.060505867
0.060594559
0.060363770
0.060541391
0.060432673
0.011702538
0.053317547
0.058180332
0.057461262
0.058830023
0.061145067
0.060588598
0.060452223
0.060608625
0.060482740
0.011667252
0.054951191
0.061067581
0.060683250
0.060569525
0.060493946
0.060559034
0.060482264
0.060494184
0.060430765
0.011684656
0.056730509
0.061089516
0.060871601
0.060752392
0.060493708
0.060505152
0.060501099
0.060569048
0.060515642
0.011789322
0.053458691
0.058245182
0.057450533
0.058681011
0.061019421
0.060689688
0.060533762
0.060594797
0.060474396
0.011777163
0.055574894
0.058770180
0.057321787
0.057307720
0.059370041
0.061020851
0.060622692
0.060454607
0.060327530
0.011573553
0.055376768
0.060959101
0.060585976
0.060455799
0.060444593
0.060411692
0.060581446
0.060402393
0.060411453
0.011719227
0.053903103
0.058585644
0.057376146
0.059159040
0.060777664
0.060816050
0.060873032
0.061085939
0.060759783
0.011680841
0.055687428
0.061156273
0.060733080
0.060812950
0.060974598
0.061186314
0.060614109
0.060561419
0.060480118
0.011765718
0.056718349
0.061105013
0.060745716
0.060601950
0.060688734
0.060750246
0.060505152
0.060548544
0.060493708
0.011774540
0.052576065
0.058815956
0.057067156
0.058823109
0.059463739
0.059477329
0.059650183
0.061023235
0.060614109
0.011754751
0.056890488
0.058483124
0.057488918
0.057508469
0.059214354
0.060583591
0.060568094
0.060546875
0.060971022
0.011649609
0.056581497
0.061101437
0.060589075
0.060469866
0.060375929
0.060454845
0.060385227
0.060403585
0.060350180
0.011583805
0.056785583
0.061160564
0.060556889
0.060720921
0.060549974
0.060811281
0.060361862
0.060417891
0.060349703
0.011595726
0.054488897
0.059068441
0.057287216
0.057438374
0.059298754
0.060971737
0.060519934
0.060539007
0.060500383
0.011780500
0.058044195
0.060998678
0.060514450
0.060492516
0.060485363
0.060508251
0.060535431
0.060503483
0.060489655
0.011755943
0.055082560
0.060937166
0.060517311
0.060413599
0.060516596
0.060448885
0.060322762
0.060499430
0.060467482
0.011764765
0.054267406
0.058031321
0.057500362
0.057503700
0.060268164
0.060179949
0.060375690
0.061061621
0.060490847
0.011589050
0.054670572
0.061001778
0.060560942
0.060406446
0.060475588
0.060365200
0.060320854
0.060404301
0.060315132
0.011569500
0.054988623
0.061101675
0.060729742
0.060670137
0.060598612
0.060583830
0.060547590
0.060564756
0.060466051
0.011793375
0.054132223
0.058462381
0.057238579
0.057515860
0.059312344
0.060090780
0.059962749
0.060649872
0.060998917
0.011916876
0.054605246
0.061171055
0.060822248
0.060610056
0.060518503
0.060504913
0.060471058
0.060510159
0.060636282
0.011745691
0.056496143
0.061086416
0.060659647
0.060578346
0.060625553
0.060574293
0.060516834
0.060552120
0.060501575
0.011716604
0.053915977
0.058211327
0.057113886
0.057838917
0.061000109
0.060788393
0.060555458
0.060547352
0.060521603
0.011745930
0.054831505
0.061048269
0.060751200
0.060597897
0.060586691
0.060678005
0.060480833
0.060512543
0.060518742
0.011786461
0.057996750
0.061295986
0.060683727
0.060558558
0.060474634
0.060617447
0.057451725
0.057539463
0.057286739
0.011599779
0.054207087
0.058353662
0.057416201
0.058431625
0.061033964
0.060659647
0.060469866
0.060649872
0.060500622
0.011802435
0.057382584
0.060604811
0.060559750
0.060657263
0.060853004
0.061049461
0.060500622
0.060580254
0.060440779
0.011723995
0.054665327
0.061031103
0.060644150
0.060560465
0.060478926
0.060571909
0.060484409
0.060563326
0.060495615
0.011699915
0.052924395
0.058376074
0.057118654
0.058736801
0.059536457
0.059242487
0.059986591
0.061023951
0.060583115
0.011776924
0.056662083
0.060423851
0.060124636
0.060268879
0.060390711
0.061051607
0.060602188
0.060464382
0.060418367
0.011698961
0.055606127
0.061135769
0.060692072
0.060540915
0.060625076
0.060556889
0.060499907
0.060585022
0.060512304
0.011739492
0.052664280
0.058744669
0.057498693
0.059003115
0.060041666
0.059881210
0.060039520
0.061007500
0.060605764
0.011726618
0.056699276
0.058579206
0.057283640
0.057512522
0.059063673
0.060601950
0.060589552
0.060546875
0.060995579
0.011847973
0.056087494
0.061113119
0.060690880
0.060563564
0.060502052
0.060554266
0.060519218
0.060587883
0.060499668
0.011807680
0.055018187
0.061051607
0.060719252
0.060564280
0.060492992
0.060659885
0.060545206
0.060512781
0.060477257
0.011748075
0.053685904
0.057881117
0.057432890
0.057575464
0.060239553
0.060330153
0.060274124
0.060386181
0.060997486
0.011788845
0.055873871
0.061180115
0.060613632
0.060634613
0.060462952
0.060498714
0.060494900
0.060664415
0.060520649
0.011782885
0.056364059
0.061238527
0.060847759
0.060684204
0.060913324
0.060686111
0.060482502
0.060530901
0.060518742
0.011724234
0.054008007
0.057992935
0.057437181
0.057427406
0.060581923
0.060253859
0.060089111
0.060908079
0.060979843
0.011741400
0.057561874
0.061121225
0.060877085
0.060561895
0.060682535
0.060559034
0.060439348
0.060642004
0.060537815
0.011751175
0.055706978
0.061063290
0.060676813
0.060533285
0.060743093
0.060562372
0.060512781
0.060594320
0.060441732
0.011749744
0.052591324
0.058488607
0.057366610
0.058924913
0.061072350
0.061060190
0.060522079
0.060559034
0.060491562
0.011731863
0.055097342
0.060085058
0.059553862
0.059717894
0.059922934
0.061059237
0.060628414
0.060525894
0.060451269
0.011736870
0.054418564
0.061077356
0.060738087
0.060580254
0.060479641
0.060510159
0.060558796
0.060562611
0.060461044
0.011788368
0.052922964
0.057965517
0.057408333
0.059270144
0.060396671
0.060509920
0.060311317
0.061069727
0.060555220
0.011724472
0.057736874
0.060258150
0.060117483
0.060257435
0.060981750
0.060688972
0.060472965
0.060514927
0.060476065
0.011734486
0.057234764
0.061169863
0.060709238
0.060608387
0.060495853
0.058206081
0.057241917
0.057189465
0.057748318
0.011817217
0.054282665
0.058541536
0.057247877
0.060306072
0.060171127
0.060047865
0.060894489
0.060995579
0.060479879
0.011861324
0.054620028
0.058984995
0.057401896
0.057472706
0.059909105
0.061110735
0.060526848
0.060499191
0.060524702
0.011873722
0.054902077
0.061145782
0.060715914
0.060572863
0.060550690
0.060669184
0.060469866
0.060513735
0.060484648
0.011779070
0.053356171
0.058410406
0.057191372
0.059402943
0.060348034
0.060378075
0.060274601
0.060995579
0.060621977
0.011885643
0.057209492
0.058731794
0.057321548
0.057464838
0.059047222
0.060578346
0.060585737
0.060552597
0.061012506
0.011856079
0.054426193
0.061112404
0.060850620
0.060493946
0.060513973
0.060692072
0.060519457
0.060544729
0.060484648
0.011732817
0.055925131
0.061014175
0.060691595
0.060587645
0.060483932
0.060494423
0.060445070
0.060520649
0.060485840
0.011744976
0.053985596
0.058450460
0.057407379
0.057547331
0.059360981
0.060249567
0.060167074
0.060665131
0.061002493
0.011861801
0.055514097
0.061071396
0.060728550
0.060514688
0.060527563
0.060873747
0.060473919
0.060555220
0.060426950
0.011764288
0.057078362
0.061188459
0.060753584
0.060696363
0.060526848
0.060584068
0.060471058
0.060579300
0.060517788
0.011758804
0.054456949
0.058617592
0.057154417
0.058343172
0.061002731
0.060656548
0.060439825
0.060484648
0.060417414
0.011677980
0.055689812
0.061064482
0.060665131
0.060514688
0.060505152
0.060642481
0.060524464
0.060545444
0.060524940
0.011762857
0.054870129
0.061053753
0.060797930
0.060657978
0.060693979
0.060630560
0.060475349
0.060508013
0.060446978
0.011793137
0.054071665
0.058011293
0.057358980
0.058474541
0.061010122
0.060697079
0.060437679
0.060486555
0.060474634
0.011726618
0.055947542
0.059915781
0.059995174
0.060232878
0.059945107
0.061018229
0.060607433
0.060499430
0.060438633
0.011722803
0.054631233
0.061170101
0.060692072
0.060687304
0.060641289
0.060454130
0.060489178
0.060580254
0.060481071
0.011745214
0.052759409
0.058034420
0.057408810
0.059086084
0.060412407
0.060259581
0.060307026
0.061079979
0.060620070
0.011799812
0.054431200
0.059112549
0.057554722
0.057582617
0.059190273
0.061070681
0.060528517
0.060605049
0.060431957
0.011746168
0.055262566
0.061043978
0.060678244
0.060661316
0.060557842
0.060644388
0.060510159
0.060596466
0.060496330
0.011812449
0.053938866
0.058604717
0.057259321
0.060341835
0.059885979
0.059879541
0.060893536
0.061093569
0.060539246
0.011772633
0.053204060
0.058258533
0.057355881
0.057703495
0.060614824
0.060469151
0.060604334
0.061133146
0.060609818
0.011813402
0.056803942
0.061213970
0.060789108
0.060578108
0.060577631
0.060552359
0.060479879
0.060561419
0.060521841
0.011784792
0.054412842
0.061079979
0.060681820
0.060688019
0.060510397
0.060491323
0.060457468
0.060518026
0.060429096
0.011687040
0.053612947
0.059030056
0.057301044
0.059231997
0.061018467
0.060793638
0.060765743
0.061088562
0.060736418
0.011746168
0.057213545
0.059997082
0.059756041
0.059731960
0.060703278
0.061036587
0.060537338
0.060571194
0.060549259
0.011849165
0.056857347
0.061086655
0.060597181
0.060709715
0.060534954
0.060495615
0.060515165
0.060778856
0.060546398
0.011783361
0.054032326
0.057947397
0.057476044
0.060667753
0.060381174
0.060399771
0.061041594
0.060699701
0.060522556
0.011785984
0.055734873
0.061154604
0.061002254
0.060566902
0.060614824
0.060568571
0.060489178
0.060595036
0.060490370
0.011774778
0.056188822
0.061047077
0.060632229
0.060490370
0.060562134
0.060535431
0.060493946
0.060508966
0.060499430
0.011753082
0.056767225
0.061162472
0.060789108
0.060638666
0.060685158
0.060597897
0.060513973
0.060572386
0.060452938
0.011710882
0.053020239
0.058815241
0.057579994
0.059370756
0.061103582
0.060557842
0.060488939
0.060521603
0.060519695
0.011797667
0.056549072
0.061062813
0.060748100
0.060731173
0.060487509
0.060586691
0.060530901
0.060595512
0.060521126
0.011718750
0.056581020
0.061048985
0.060594082
0.060525656
0.060518980
0.060554504
0.060483932
0.060479879
0.060503244
0.011724472
0.054205894
0.058426142
0.057058573
0.059241772
0.060731411
0.060873508
0.060720682
0.061027288
0.060723782
0.011695623
0.057303905
0.060277939
0.059716940
0.060304880
0.060791492
0.061009407
0.060486794
0.060570955
0.060497761
0.011752844
0.057775974
0.061046362
0.060623169
0.060646057
0.060585737
0.058575869
0.057186365
0.057371378
0.057551622
0.011958122
0.052861452
0.058363914
0.057227373
0.058882236
0.059523821
0.059442759
0.060017109
0.061060429
0.060593128
0.011752367
0.056775331
0.061078548
0.060739994
0.060586214
0.060622931
0.060528278
0.060452223
0.060553789
0.060485601
0.011846781
0.057300806
0.061129570
0.060656786
0.060571194
0.060549974
0.060571194
0.060482740
0.060598373
0.060509682
0.011709213
0.057847023
0.061108589
0.060561657
0.060596704
0.060527325
0.060573578
0.060522079
0.060551643
0.060464621
0.011813641
0.053613186
0.057960033
0.057553053
0.058552504
0.060999632
0.060710669
0.060542345
0.060576677
0.060495138
0.011775970
0.055034637
0.061068296
0.060683966
0.060572386
0.060466528
0.060540199
0.060523510
0.060518026
0.060443640
0.011681318
0.056091785
0.061104774
0.060743809
0.060586452
0.060657024
0.060531855
0.060458899
0.060570240
0.060559511
0.011766911
0.052472830
0.058317661
0.057410717
0.058926582
0.061002493
0.060628891
0.060466051
0.060558319
0.060487032
0.011793137
0.055555582
0.058610201
0.057181358
0.057449341
0.059151888
0.061019421
0.060815096
0.060927153
0.061045170
0.011824846
0.055167913
0.061072111
0.060775757
0.060496092
0.060509682
0.060658216
0.060483694
0.060499907
0.060448170
0.011732578
0.053007841
0.058428526
0.057664871
0.060889959
0.060851574
0.060896873
0.060815334
0.061070204
0.060522556
0.011743784
0.056683064
0.058559656
0.057395697
0.057705641
0.059271097
0.060596466
0.060554981
0.060628176
0.061021805
0.011904716
0.054837227
0.061036825
0.060679436
0.060550213
0.060575485
0.060580969
0.060504913
0.060547590
0.060520649
0.011785507
0.052804947
0.058362007
0.057153702
0.058755159
0.059554577
0.059584856
0.060062170
0.061059237
0.060606480
0.011787415
0.055203676
0.058756113
0.057419538
0.057291985
0.059322834
0.061012030
0.060764074
0.060802460
0.060975790
0.011904240
0.056947470
0.061141014
0.060714960
0.060684443
0.060630083
0.060535908
0.060512781
0.060534239
0.060485601
0.011764765
0.053043127
0.058702230
0.057727337
0.059076786
0.060053825
0.060025930
0.060062170
0.060998440
0.060596466
0.011785507
0.054283619
0.058993816
0.057378292
0.057594299
0.059111357
0.060999870
0.060585022
0.060548306
0.060517073
0.011812210
0.056318760
0.061219692
0.060669184
0.060684204
0.060507536
0.060566425
0.060516357
0.060484409
0.060509205
0.011704683
0.053635120
0.058404684
0.057402134
0.059464693
0.060636997
0.060625553
0.060514212
0.061079741
0.060663223
0.011722088
0.055294991
0.058641434
0.057173491
0.057482243
0.059069872
0.061024904
0.060679197
0.060559273
0.060457706
0.011755228
0.056208372
0.061047316
0.060583115
0.060617208
0.060517073
0.057776451
0.057378769
0.057485819
0.058340788
0.011847496
0.057563305
0.061196327
0.060387611
0.057350159
0.057490349
0.057205200
0.058801174
0.059695005
0.059642315
0.011719942
0.054361582
0.061179638
0.060798645
0.060547113
0.060470104
0.060535431
0.060530424
0.060548544
0.060556650
0.011969328
0.056623936
0.061228514
0.060595274
0.060699463
0.060547829
0.060515881
0.060492039
0.060499907
0.060495615
0.011711121
0.054192305
0.061016083
0.060830593
0.060768604
0.060476303
0.060620070
0.060566425
0.060519457
0.060505152
0.011744022
0.053746939
0.058452845
0.057398319
0.058321714
0.061028242
0.060785294
0.060567856
0.060508251
0.060512781
0.011772633
0.054824829
0.060382605
0.060200453
0.059913158
0.060010910
0.060992479
0.060668468
0.060533285
0.060465336
0.011847734
0.056098938
0.061118364
0.060870886
0.060598135
0.060487747
0.060599804
0.060475588
0.060512781
0.060468197
0.011750221
0.053340197
0.058910847
0.057721615
0.059708118
0.061094522
0.060652018
0.060511112
0.060564756
0.060507298
0.011787891
0.057061434
0.059966326
0.059617758
0.059356451
0.060585022
0.061020613
0.060525179
0.060547590
0.060498238
0.011747599
0.057397842
0.061093092
0.060543299
0.060523987
0.060525179
0.060580730
0.060512066
0.060518742
0.060418844
0.011765718
0.058102608
0.061084986
0.060071230
0.057327509
0.057520866
0.057499647
0.059007883
0.060217381
0.060185432
0.011767626
0.053237438
0.058118105
0.057425737
0.057800055
0.060668230
0.060465813
0.060566664
0.061029911
0.060589075
0.011780739
0.056515932
0.061132193
0.060713768
0.060543776
0.060598850
0.060515642
0.060565472
0.060574293
0.060536623
0.011829376
0.054656267
0.061081648
0.060691357
0.060544729
0.060596943
0.060528755
0.060526371
0.060553551
0.060455084
0.011804581
0.053784370
0.058025837
0.057086468
0.060101748
0.059870243
0.059895992
0.060802460
0.061069012
0.060528278
0.011796236
0.054289818
0.061318636
0.060991287
0.060518265
0.060652018
0.060568333
0.060518265
0.060491562
0.060461283
0.011710405
0.057262659
0.061128855
0.060547113
0.060673475
0.060565710
0.060715675
0.060560226
0.060568571
0.060429335
0.011710882
0.056914568
0.061125278
0.060743809
0.060554266
0.060476780
0.060588598
0.060483456
0.060539007
0.060445309
0.011750698
0.053862333
0.058920860
0.057484627
0.059533596
0.061066628
0.060806274
0.060745001
0.061059713
0.060734510
0.011780262
0.054146767
0.059767962
0.058598757
0.058494329
0.060024977
0.061043739
0.060482740
0.060465813
0.060497761
0.011788845
0.056992531
0.061254025
0.060565710
0.060667276
0.060473680
0.060488701
0.060532331
0.060568810
0.060505867
0.011760473
0.053933144
0.058531523
0.057408333
0.060412169
0.060240984
0.060211897
0.059958696
0.061036825
0.060660839
0.011759281
0.057212353
0.059345484
0.059139013
0.058826447
0.060467005
0.061026335
0.060779333
0.060799837
0.060969830
0.011791229
0.056957722
0.061032295
0.060530424
0.060548782
0.060455084
0.060491800
0.060471058
0.060600042
0.060477495
0.011746645
0.057906151
0.061195374
0.058558226
0.057344198
0.057365417
0.057563543
0.060622692
0.060434103
0.060425997
0.011928558
0.053315401
0.058973551
0.057708979
0.059707642
0.061021566
0.060560226
0.060505867
0.060518742
0.060489178
0.011745930
0.055319548
0.059813738
0.059282064
0.059413195
0.059573412
0.061052561
0.060666323
0.060607195
0.060480356
0.011801004
0.055099726
0.061189413
0.060701370
0.060539484
0.060534000
0.060567379
0.060541868
0.060496807
0.060470581
0.011767387
0.053327084
0.058394909
0.057469606
0.059542179
0.060618162
0.060515404
0.060596466
0.061109066
0.060629845
0.011795282
0.054594755
0.059858561
0.058411360
0.058636665
0.060127020
0.060988665
0.060448408
0.060464859
0.060420752
0.011680841
0.055899382
0.061266899
0.060575485
0.060577869
0.060649872
0.060508728
0.060485125
0.060494423
0.060492516
0.011728764
0.055522680
0.061025143
0.060603380
0.060612202
0.060633183
0.060764074
0.060485840
0.060513258
0.060416222
0.011753082
0.052713871
0.058248997
0.057661295
0.058789015
0.060977697
0.060613871
0.060557127
0.060519457
0.060421228
0.011746883
0.058298349
0.060338020
0.060388565
0.060275555
0.060634136
0.061029434
0.060524940
0.060530186
0.060463667
0.011833668
0.054799795
0.061034203
0.060643196
0.060535431
0.060511589
0.060588598
0.060548782
0.060573816
0.060507536
0.011757612
0.052819252
0.058148861
0.057336092
0.059088469
0.060365200
0.060309649
0.060172796
0.061108589
0.060798168
0.011773109
0.057181358
0.059323311
0.058349609
0.058742285
0.059988499
0.061048985
0.060474634
0.060601950
0.060509443
0.011748314
0.055263281
0.061095238
0.060769558
0.060599566
0.060650349
0.060561657
0.060554743
0.060542583
0.060446501
0.011713505
0.055745602
0.061025858
0.060885429
0.060532570
0.060507298
0.060549974
0.060469389
0.060618401
0.060443640
0.011764765
0.052760839
0.058166504
0.057346344
0.058840036
0.061026812
0.060541391
0.060478449
0.060536146
0.060488701
0.011731625
0.056580782
0.061351538
0.060597181
0.060705423
0.060559273
0.060602188
0.060463428
0.060477734
0.060439587
0.011714220
0.055600882
0.061047316
0.060670137
0.060523987
0.060468912
0.060520172
0.060475588
0.060496569
0.060465336
0.011723757
0.053387880
0.058804750
0.057361126
0.059798002
0.061069965
0.060566902
0.060468435
0.060527563
0.060480833
0.011678696
0.057068586
0.060040474
0.059656382
0.059351683
0.060539961
0.061058521
0.060546875
0.060583830
0.060573101
0.011799335
0.056755066
0.061286688
0.060725212
0.060581446
0.060556889
0.060504198
0.060497999
0.060573816
0.060461760
0.011782646
0.057340145
0.061058998
0.060473919
0.060667515
0.060545444
0.060504913
0.060455322
0.060508728
0.060554266
0.011684418
0.054876089
0.061199188
0.060737848
0.060580969
0.060501337
0.060480118
0.060464382
0.060505390
0.060509443
0.012056351
0.056834221
0.061082125
0.060580969
0.060570002
0.060519218
0.060593128
0.060464382
0.060523033
0.060513496
0.011733532
0.055347681
0.061160803
0.061213493
0.060615301
0.060623407
0.060525179
0.060505629
0.060533762
0.060440063
0.011711121
0.053920746
0.058529854
0.057339907
0.058155060
0.061048031
0.060689449
0.060452223
0.060461760
0.060410976
0.011666775
0.056595802
0.061144829
0.060724974
0.060558319
0.060513973
0.060542583
0.060550690
0.060594320
0.060482502
0.011763811
0.055984259
0.061043739
0.060603380
0.060531855
0.060604334
0.060672045
0.060524940
0.060516119
0.060472488
0.011777639
0.053493500
0.058919907
0.057399035
0.059701443
0.061032295
0.060791254
0.060461283
0.060471058
0.060414791
0.011745930
0.055643082
0.060153961
0.059697151
0.059826136
0.059890985
0.061128855
0.060610771
0.060509443
0.060465097
0.011752129
0.055018902
0.061058283
0.060715199
0.060526848
0.060512066
0.060554743
0.060462475
0.060497761
0.060422421
0.011771441
0.053710461
0.058587313
0.057228565
0.060006142
0.059817791
0.059971333
0.060827255
0.061048031
0.060543060
0.011794567
0.054386377
0.061033249
0.060818911
0.060748339
0.060512543
0.060522556
0.060471535
0.060525417
0.060544729
0.011768341
0.056118250
0.061146975
0.060621262
0.060516596
0.060515404
0.060554028
0.060497999
0.060542107
0.060393095
0.011686802
0.056408882
0.061104298
0.060590744
0.060538054
0.060524464
0.060495377
0.060528755
0.060519218
0.060558081
0.011767864
0.053925514
0.058094501
0.057126760
0.058495522
0.060990095
0.060876369
0.060510397
0.060556173
0.060529232
0.011773109
0.054205179
0.059370279
0.057423830
0.057475567
0.059798241
0.061028481
0.060525417
0.060525894
0.060490847
0.011777878
0.055355310
0.061100245
0.060714245
0.060590744
0.060651541
0.060519695
0.060498953
0.060500145
0.060501575
0.011764050
0.054570436
0.061271906
0.060726404
0.060522079
0.060938120
0.060534954
0.060477018
0.060500860
0.060525656
0.011714458
0.053838015
0.057779074
0.057401419
0.057513475
0.060708523
0.060506582
0.060388565
0.061056614
0.060580015
0.011802673
0.056589842
0.061049700
0.060717583
0.060537815
0.060852051
0.060533285
0.060516357
0.060621977
0.060451031
0.011771917
0.054554462
0.061177731
0.060612440
0.060675144
0.060633659
0.060528278
0.060460091
0.060502529
0.060510159
0.011742592
0.053602934
0.058276892
0.057231188
0.059479475
0.060476303
0.060374260
0.060366392
0.061052322
0.060605764
0.011759043
0.054024220
0.057904482
0.057446241
0.057431698
0.060632944
0.060443163
0.060363293
0.061067820
0.060595274
0.011709690
0.056014061
0.061097145
0.060754776
0.060734987
0.060783625
0.060483217
0.060536146
0.060634375
0.060502529
0.011727333
0.057186127
0.061192751
0.058548689
0.057412863
0.057184935
0.057574749
0.060585499
0.060751438
0.060657263
0.011858463
0.053238869
0.058870316
0.057703972
0.058284283
0.061048031
0.060816288
0.060538769
0.060558558
0.060564518
0.011745691
0.053586960
0.059541941
0.057527542
0.057697535
0.059224606
0.061169863
0.060572863
0.060574532
0.060496330
0.011774540
0.055892229
0.061244726
0.060561895
0.060678959
0.060511589
0.060853243
0.060475826
0.060491562
0.060524940
0.011790514
0.055165291
0.061160803
0.060784340
0.060540199
0.060632467
0.060568810
0.060523987
0.060558081
0.060470819
0.011825562
0.054021597
0.057900667
0.057414532
0.059298515
0.060539007
0.060612917
0.060618162
0.060989618
0.060585976
0.011696577
0.056401014
0.058910131
0.057798386
0.058064699
0.059373140
0.061208248
0.060479403
0.060459375
0.060419798
0.011686087
0.057729721
0.060529470
0.057384491
0.057410240
0.057687759
0.059032202
0.060252666
0.060277462
0.060301304
0.011869431
0.057276726
0.061041117
0.060467243
0.060529947
0.060513258
0.060478210
0.060441256
0.060431004
0.060430050
0.011729240
0.053451538
0.058879375
0.057366371
0.059460640
0.061015129
0.060705423
0.060439587
0.060503006
0.060404539
0.011717081
0.056802988
0.058223724
0.057435036
0.057456017
0.058259964
0.060997963
0.060580492
0.060472965
0.060428381
0.011729956
0.054839373
0.061116457
0.060699940
0.060579777
0.060486555
0.060732603
0.060493708
0.060496807
0.060420990
0.011760235
0.053003073
0.058470964
0.057123661
0.058803320
0.059526682
0.059526443
0.060004473
0.061049223
0.060599089
0.011742353
0.054873943
0.059826612
0.059229136
0.059287071
0.060632229
0.061009169
0.060426474
0.060520887
0.060409546
0.011702776
0.055308819
0.061041832
0.060628414
0.060506582
0.060457945
0.060484171
0.060441256
0.060481548
0.060458183
0.011717558
0.053426504
0.058857203
0.057520866
0.059985399
0.060168743
0.060179710
0.060782909
0.060991049
0.060424328
0.011771679
0.054554701
0.061261177
0.060989618
0.060482264
0.060498714
0.060464859
0.060418844
0.060493708
0.060397387
0.011750460
0.057521105
0.061245918
0.060508966
0.060667038
0.060541630
0.060486794
0.060445070
0.060490847
0.060505629
0.011739254
0.057307243
0.061023474
0.060730457
0.060598135
0.060500145
0.060574532
0.060558796
0.060555935
0.060559750
0.011777878
0.053622723
0.057948589
0.057430744
0.059079409
0.060562372
0.060578585
0.060842991
0.061089993
0.060637474
0.011818409
0.057891607
0.060868025
0.060831070
0.060987711
0.061077356
0.060915470
0.060526371
0.060494900
0.060518980
0.011732578
0.057558060
0.061092615
0.060810804
0.060568810
0.060545683
0.060650587
0.060505390
0.060472965
0.060441494
0.011667252
0.057216167
0.061136007
0.060888052
0.060550928
0.060511351
0.060489178
0.060437679
0.060574293
0.060496569
0.011846781
0.052971840
0.058723211
0.057522297
0.059322119
0.061159611
0.060561657
0.060785055
0.060585499
0.060470819
0.011793375
0.058012247
0.061244249
0.060797691
0.060581923
0.060506821
0.060570002
0.060542345
0.060482740
0.060479641
0.011775970
0.054966927
0.061092615
0.060666323
0.060589314
0.060502768
0.060564756
0.060531139
0.060546637
0.060527086
0.011782885
0.053909302
0.058319092
0.057502985
0.060660601
0.060467005
0.060428619
0.061001778
0.060757875
0.060572386
0.011806726
0.053750515
0.057946920
0.057503462
0.057452440
0.060571671
0.060446262
0.060358286
0.061289072
0.060601950
0.011719704
0.055231333
0.061088085
0.060688257
0.060574293
0.060620785
0.060526371
0.060471773
0.060529232
0.060471773
0.011781454
0.057517052
0.061100483
0.060577631
0.060532570
0.060621977
0.060611725
0.060505629
0.060564280
0.060526848
0.011743307
0.052943468
0.058401823
0.057261705
0.059457064
0.061049700
0.060564041
0.060418129
0.060543060
0.060495377
0.011758566
0.057401657
0.060435057
0.060599566
0.060321093
0.060866833
0.060995579
0.060579062
0.060791969
0.060436726
0.011883020
0.056155920
0.061278343
0.060726643
0.060559034
0.060657978
0.060590029
0.060522079
0.060588837
0.060486794
0.011862755
0.055443525
0.061060667
0.060684204
0.060658932
0.060633898
0.060704231
0.060569286
0.060821533
0.060596943
0.011774778
0.055935383
0.061180115
0.060769796
0.060721159
0.060613632
0.060501099
0.060461998
0.060530901
0.060545206
0.011853456
0.054514408
0.058133125
0.057083607
0.059143543
0.060631990
0.060627699
0.060851097
0.061020851
0.060717583
0.011774302
0.056033611
0.059901953
0.059839487
0.060083389
0.060412884
0.061074972
0.060613871
0.060559750
0.060472965
0.011771917
0.057448149
0.061079979
0.060574293
0.060601473
0.060614824
0.060561657
0.060485125
0.060555458
0.060514212
0.011852264
0.056868792
0.061144114
0.060728788
0.060604334
0.060537338
0.060610533
0.060535431
0.060565233
0.060552120
0.011849165
0.053934813
0.058575153
0.057301760
0.059172869
0.060593128
0.060646057
0.060800076
0.061079025
0.060664177
0.011800289
0.056512117
0.060188055
0.060326338
0.060246706
0.060441017
0.061050177
0.060639143
0.060559988
0.060613394
0.011879206
0.055860758
0.061098099
0.060699463
0.060629368
0.060517073
0.057768106
0.057445288
0.057400465
0.057377338
0.011745453
0.052499056
0.058447838
0.057502031
0.059161663
0.060200214
0.060287714
0.060425997
0.061162472
0.060708046
0.011760473
0.056848049
0.061097622
0.060721397
0.060935497
0.060500860
0.060685396
0.060481310
0.060799360
0.060560703
0.011758327
0.056409121
0.061039686
0.060587645
0.060523510
0.060426474
0.060592890
0.060467243
0.060538530
0.060482979
0.011747122
0.055345058
0.061286688
0.061137915
0.060597897
0.060502291
0.060520649
0.060527563
0.060575485
0.060504198
0.011754036
0.053434610
0.057862043
0.057310581
0.058632135
0.061115503
0.060642958
0.060524225
0.060565948
0.060531855
0.011861086
0.056704998
0.060495853
0.060257435
0.060250044
0.060325384
0.061074734
0.060583591
0.060834646
0.060525179
0.011741638
0.054507494
0.061111212
0.060755730
0.060658932
0.060674906
0.060581684
0.060500622
0.060510874
0.060497046
0.011781693
0.055634022
0.061134577
0.060634136
0.060635090
0.060564041
0.060634136
0.060494661
0.060591221
0.060548544
0.011761427
0.053619862
0.058886290
0.057556629
0.060351372
0.060699940
0.060410023
0.060987711
0.060692549
0.060477257
0.011751413
0.053057909
0.057980061
0.057425022
0.058025599
0.060612917
0.060641766
0.060554266
0.061254025
0.060628414
0.011786222
0.056097269
0.061086893
0.060662270
0.060616016
0.060521603
0.060563803
0.060477734
0.060537100
0.060464382
0.011748552
0.054102659
0.061120033
0.060668945
0.060576677
0.060464382
0.060532808
0.060502529
0.060528040
0.060456991
0.011810541
0.053641558
0.058129311
0.057584524
0.059187889
0.060675144
0.060721636
0.060533285
0.061081171
0.060657501
0.011792421
0.052630424
0.058214664
0.057492256
0.058892965
0.061066866
0.060664892
0.060760736
0.060585976
0.060501099
0.011765480
0.058036327
0.061090469
0.060861826
0.060600042
0.060481787
0.060621262
0.060490370
0.060535669
0.060471535
0.011774063
0.057695627
0.061071157
0.060558081
0.060576439
0.060560703
0.060506582
0.060556889
0.060671329
0.060609579
0.011783361
0.057897329
0.061203718
0.060279846
0.057437897
0.057530165
0.057510853
0.059181213
0.060446024
0.060231447
0.011932611
0.053537846
0.058960676
0.057472944
0.058009624
0.061180830
0.060840130
0.060757399
0.060576677
0.060440779
0.011750698
0.054915190
0.060091257
0.059613228
0.059454441
0.059508562
0.061014891
0.060878515
0.060530424
0.060483217
0.011784315
0.057379723
0.061140060
0.060547113
0.060598612
0.060610533
0.060692549
0.060773849
0.060580969
0.060529232
0.012423992
0.054144859
0.058712721
0.057226896
0.059054375
0.060653687
0.060666561
0.060343981
0.061360836
0.060946703
0.012523890
0.054876328
0.061212540
0.060701847
0.060784817
0.060685158
0.060689688
0.060528040
0.060683727
0.060573101
0.011777639
0.054927588
0.061251640
0.060806513
0.060682058
0.060539007
0.060557127
0.060501814
0.060562849
0.060560942
0.011721611
0.056106806
0.061174631
0.060774088
0.060591459
0.060766935
0.060658932
0.060456514
0.060512304
0.060551405
0.011719942
0.052942514
0.058194160
0.057349920
0.059470177
0.060614109
0.060572863
0.060540915
0.061045408
0.060640335
0.011765242
0.054821014
0.061117649
0.060787916
0.060755014
0.060728550
0.060608864
0.060540438
0.060923338
0.060541391
0.011786222
0.057603598
0.060673714
0.057382107
0.057432175
0.057389259
0.059409857
0.060588837
0.060728550
0.060555935
0.011836529
0.056401968
0.061035872
0.060605526
0.060561657
0.060595036
0.060627222
0.060509443
0.060534000
0.060501575
0.011834145
0.053440332
0.057836771
0.057453632
0.057446241
0.060695410
0.060614347
0.060564756
0.061065674
0.060615778
0.011810064
0.056884050
0.061150789
0.060698271
0.060588598
0.060646534
0.060694695
0.060534716
0.060886621
0.060548544
0.011757851
0.055186987
0.061094522
0.060702562
0.060603142
0.060524464
0.060494900
0.060544252
0.060632467
0.060566902
0.011765003
0.052873373
0.058605433
0.057271242
0.058727503
0.059518576
0.059368610
0.059814692
0.061060190
0.060633898
0.011799574
0.053068876
0.058204174
0.057212353
0.057607174
0.059288025
0.060628176
0.060550690
0.060568571
0.061025858
0.011875391
0.054793835
0.061125517
0.060872316
0.060678959
0.060706854
0.060545683
0.060592175
0.060628176
0.058014631
0.011518955
0.055013657
0.061080694
0.060834646
0.060590982
0.060653925
0.060635805
0.060494900
0.060579062
0.060495138
0.011774540
0.053773403
0.058276415
0.057564974
0.060647964
0.060520172
0.060425282
0.057737589
0.057527542
0.057362080
0.011350632
0.054338932
0.058764696
0.057407618
0.058156967
0.061098337
0.060850620
0.060462952
0.060539961
0.060478210
0.011749506
0.054405212
0.061256170
0.061037064
0.060520649
0.060525656
0.060676575
0.060458422
0.060778379
0.060470819
0.011750460
0.055273294
0.061028004
0.057675838
0.057114840
0.057232141
0.058009624
0.060986519
0.060763359
0.060536623
0.011751175
0.053591013
0.058745146
0.057473660
0.059337139
0.061081171
0.060636759
0.060488939
0.060478687
0.060471773
0.011799097
0.055497646
0.058789492
0.057521105
0.057477474
0.059355021
0.061043024
0.060846567
0.060820341
0.061119318
0.011854887
0.056197643
0.060892582
0.057066679
0.057610273
0.057396650
0.058945417
0.060778379
0.060830593
0.060118914
0.011327744
0.057379246
0.061063766
0.060696840
0.060704708
0.060629845
0.060582876
0.060523510
0.060517073
0.060487509
0.011884451
0.053146124
0.057973385
0.057564735
0.057637930
0.060561419
0.060457230
0.060348749
0.061141491
0.060587168
0.011758566
0.056672335
0.061226606
0.060622215
0.060596943
0.060562611
0.060530424
0.060503483
0.060579062
0.060489416
0.011853695
0.054798126
0.061156034
0.060721874
0.060611248
0.060540676
0.060607433
0.060470343
0.060547352
0.060763597
0.011789799
0.052944183
0.058482647
0.057429790
0.058757305
0.061038256
0.060671091
0.060528755
0.060540676
0.060467958
0.011809111
0.055948734
0.061021328
0.060674429
0.060553074
0.060662985
0.060584545
0.060480595
0.060585976
0.060492992
0.011725187
0.056436539
0.061154842
0.060614109
0.060595512
0.060551167
0.060514927
0.060477734
0.060551167
0.060476065
0.011750937
0.053114891
0.058433056
0.057291985
0.059480190
0.061131477
0.060707092
0.060541391
0.060636759
0.060595274
0.011761665
0.054905415
0.058704615
0.057216167
0.057451010
0.059036255
0.061140060
0.060565472
0.060543537
0.060531855
0.011576891
0.056287766
0.060981274
0.060696125
0.060410976
0.060649633
0.060558319
0.060477734
0.060569048
0.060447693
0.011709929
0.053717136
0.058718920
0.057334661
0.059221506
0.060897827
0.060770750
0.060636282
0.061117649
0.060801744
0.011763334
0.054563761
0.059089899
0.057263851
0.057197332
0.059451580
0.060967684
0.060661793
0.060458422
0.060462952
0.011746407
0.056617498
0.060602427
0.057029009
0.057495832
0.057385683
0.059235096
0.060778379
0.060818195
0.060691595
0.011638880
0.055902719
0.061238289
0.060362101
0.057320118
0.057443619
0.057338953
0.059105396
0.060801983
0.060576677
0.011788130
0.053053617
0.058321238
0.057182312
0.057434320
0.060460329
0.060525894
0.060410976
0.060878277
0.060559511
0.011663437
0.054813623
0.061053753
0.060714483
0.060536861
0.060484171
0.060483694
0.060464382
0.060533524
0.060475349
0.011748552
0.057881355
0.061082602
0.060243130
0.057445288
0.057128429
0.057439804
0.058640718
0.060317039
0.060160160
0.011743307
0.053588867
0.058376551
0.057275057
0.057265759
0.058871984
0.060157299
0.060154438
0.060402870
0.061008215
0.011876822
0.057548046
0.060935974
0.060509920
0.060477257
0.060473919
0.060544014
0.060464382
0.060545921
0.060446501
0.011588335
0.053984165
0.058313131
0.057381630
0.060504675
0.060406446
0.060514450
0.060939312
0.060483932
0.060357094
0.011529684
0.054670572
0.058715582
0.057273149
0.057472467
0.058834314
0.060917616
0.060420275
0.060497999
0.060339689
0.011566162
0.057829618
0.061016321
0.060765266
0.060552359
0.060458422
0.058292866
0.056995869
0.057257652
0.057201147
0.011179686
0.053646803
0.058711290
0.057535648
0.057855368
0.061012506
0.060773611
0.060435057
0.060582638
0.060455561
0.011579990
0.055156946
0.061067104
0.060755253
0.060619354
0.060380220
0.060377836
0.060375690
0.060372353
0.060312033
0.011550665
0.057554007
0.061093330
0.060347557
0.057275534
0.057300806
0.057252645
0.059011459
0.060498476
0.060267687
0.011694670
0.057097912
0.060967207
0.060693026
0.060590982
0.060401201
0.060379267
0.060371161
0.060377121
0.060468674
0.011613131
0.055237532
0.060979366
0.057354212
0.057377338
0.057508230
0.059159994
0.060938120
0.060457945
0.060330153
0.011591434
0.053402185
0.058228970
0.057232857
0.059430838
0.060467958
0.060507774
0.060294628
0.060887337
0.060501575
0.011630774
0.056229115
0.059995890
0.060059309
0.060063362
0.060113668
0.060901642
0.060408115
0.060384750
0.060345650
0.011741161
0.055761337
0.060916662
0.060462475
0.060488462
0.060365438
0.060366392
0.060341597
0.060363054
0.060280800
0.011607885
0.053679705
0.058223963
0.057128191
0.057847738
0.060848475
0.060606718
0.060311794
0.060493946
0.060334682
0.011618376
0.055001020
0.060933352
0.060607195
0.060469151
0.060503244
0.060407877
0.060401201
0.060495377
0.060403109
0.011708498
0.054898739
0.061003923
0.060573339
0.060387850
0.060442209
0.060405493
0.060339212
0.060376644
0.060327291
0.011688471
0.057748556
0.060919285
0.060534239
0.060416222
0.060298681
0.060415268
0.060432911
0.060367107
0.060504198
0.011604071
0.055133343
0.061085224
0.060704231
0.060554504
0.060406446
0.060361147
0.060309172
0.060561180
0.060420036
0.011715889
0.052453279
0.058019400
0.057721138
0.060503006
0.060436487
0.060415745
0.060828686
0.060448408
0.060309649
0.011558294
0.056510687
0.060928106
0.060561895
0.060466766
0.060347795
0.060393810
0.060379505
0.060378075
0.060331821
0.011585951
0.055008650
0.060931206
0.060660839
0.060422421
0.060403824
0.060366631
0.060292482
0.060387135
0.060309410
0.011597157
0.053876638
0.057814360
0.057239532
0.058347702
0.060894489
0.060533762
0.060468197
0.060375452
0.060326338
0.011581659
0.055920601
0.061019421
0.060505629
0.060453892
0.060482979
0.060569763
0.060541630
0.060527802
0.060415745
0.011697292
0.058557749
0.060924530
0.060400486
0.060538054
0.060324907
0.060407400
0.060387135
0.060364485
0.060310841
0.011548758
0.053204298
0.058217525
0.057251453
0.057447672
0.061013460
0.060745239
0.060396910
0.060523272
0.060383558
0.011564970
0.056359768
0.060928822
0.060600281
0.060364962
0.060355663
0.060345888
0.060381889
0.060368299
0.060335875
0.011564255
0.055289030
0.060960770
0.060472727
0.060373783
0.060335875
0.060371637
0.060310364
0.060420513
0.060338736
0.011582613
0.054290295
0.060903549
0.060689449
0.060378313
0.060391188
0.060359001
0.060305595
0.060429335
0.060351133
0.011535406
0.055435896
0.061123133
0.060495853
0.060426235
0.060340166
0.060360909
0.060344219
0.060359001
0.060416222
0.011587620
0.055747747
0.060923100
0.060453176
0.060447216
0.060370684
0.060497761
0.060349226
0.060400009
0.060400009
0.011586905
0.053996086
0.061097145
0.060862303
0.060403824
0.060367107
0.060531378
0.060327768
0.060363293
0.060362339
0.011770248
0.055344820
0.060993195
0.060812950
0.060440302
0.060362339
0.060370207
0.060393333
0.060361624
0.060379744
0.011625051
0.053234339
0.058719635
0.057530642
0.059157610
0.060873747
0.060434580
0.060472488
0.060444117
0.060346365
0.011562824
0.060854912
0.060880899
0.060364246
0.060385466
0.060358047
0.060392141
0.060348749
0.060387135
0.060300350
0.011567593
0.059364319
0.060990810
0.060344458
0.060410976
0.060378075
0.060389042
0.060357809
0.060363054
0.060298920
0.011578798
0.060745478
0.060478926
0.060322046
0.060365200
0.060364246
0.060342073
0.060308456
0.060364246
0.060283184
0.011591911
0.059851408
0.060934067
0.060375690
0.060394764
0.060319901
0.060478449
0.060369492
0.060378313
0.060323477
0.011565685
0.059457541
0.060935020
0.060534239
0.060384035
0.060414314
0.060402393
0.060303688
0.060357332
0.060335159
0.011613131
0.060523510
0.060871601
0.060438156
0.060385942
0.060311556
0.060334921
0.060322285
0.060374022
0.060418129
0.011554956
0.059738398
0.061012983
0.060355425
0.060435295
0.060386896
0.060387850
0.060350657
0.060369968
0.060282469
0.011587858
0.057560205
0.060887098
0.060477972
0.060620308
0.060490847
0.060383797
0.060333729
0.060352802
0.060294390
0.011565208
0.061213255
0.060923576
0.060354471
0.060404539
0.060350895
0.060360432
0.060339212
0.060401201
0.060451269
0.011645555
0.057749271
0.060910225
0.060396671
0.060424328
0.060348272
0.060393095
0.060311556
0.060360432
0.060335159
0.011516571
0.060223103
0.060936689
0.060295105
0.060398579
0.060384274
0.060395718
0.060439825
0.060382366
0.060312271
0.011608839
0.056094170
0.060951948
0.060600042
0.060383558
0.060353041
0.060428143
0.060320377
0.060356379
0.060342789
0.011577368
0.058962345
0.060933590
0.060521841
0.060413599
0.060363531
0.060438871
0.060301065
0.060359716
0.060314655
0.011575699
0.058910131
0.060955524
0.060386896
0.060358286
0.060334921
0.060474157
0.060450554
0.060480356
0.060362816
0.011712313
0.059606791
0.061026812
0.060380936
0.060433388
0.060414314
0.060388327
0.060320854
0.060349464
0.060361862
0.011565447
0.060619831
0.061023951
0.060682297
0.060443163
0.060319901
0.060357094
0.060349703
0.060381174
0.060289145
0.011574030
0.059491396
0.060910702
0.060374498
0.060391665
0.060329437
0.060399055
0.060457468
0.060370684
0.060282946
0.011592388
0.059499264
0.060927629
0.060400724
0.060389519
0.060328484
0.060364962
0.060321808
0.060495853
0.060332298
0.011564732
0.059035778
0.061050653
0.060549736
0.060662031
0.060489416
0.060535431
0.060475349
0.060540199
0.060422659
0.011735678
0.059773684
0.061003923
0.060632944
0.060543060
0.060550451
0.060706615
0.060515642
0.060599327
0.060526609
0.011788845
0.060649633
0.061014652
0.060655594
0.060584784
0.060505867
0.060533524
0.060541391
0.060579777
0.060496569
0.011860847
0.058840990
0.060953379
0.060526609
0.060692310
0.060665131
0.060700417
0.060496807
0.060536623
0.060331345
0.011575460
0.061424255
0.060877800
0.060454845
0.060549021
0.060431480
0.060494423
0.060543060
0.060543776
0.060502291
0.011638641
0.059352636
0.061029911
0.060467243
0.060394287
0.060496330
0.060550928
0.060329437
0.060401678
0.060345173
0.011753321
0.057523727
0.060959578
0.060786963
0.060420513
0.060451269
0.060412884
0.060322285
0.060386181
0.060458899
0.011600733
0.060466051
0.061105013
0.060350657
0.060405016
0.060445547
0.060420036
0.060440063
0.060409546
0.060477257
0.011630535
0.061192274
0.060862303
0.060343027
0.060533047
0.060388565
0.060445786
0.060349703
0.060528040
0.060368061
0.011625290
0.059962273
0.060988903
0.060410023
0.060486078
0.060385704
0.060494661
0.060362339
0.060528278
0.060454845
0.011806965
0.059812307
0.061078310
0.060540199
0.060521603
0.060364008
0.060418129
0.060525894
0.060412884
0.060312271
0.011554956
0.059736490
0.061192274
0.060432673
0.060384274
0.060391903
0.060556650
0.060346603
0.060419798
0.060318232
0.011573553
0.061015844
0.061025143
0.060451984
0.060673952
0.060403347
0.060505629
0.060381651
0.060369730
0.060338497
0.011805296
0.060333967
0.060901642
0.060323000
0.060417175
0.060468674
0.060470104
0.060483932
0.060503721
0.060706615
0.011587381
0.059020519
0.060896158
0.060430765
0.060359001
0.060538769
0.060393572
0.060338736
0.060399532
0.060415745
0.011612415
0.060814381
0.060483932
0.060360909
0.060544968
0.060403585
0.060394049
0.060349464
0.060484648
0.060361624
0.011563301
0.058526516
0.061044216
0.060647249
0.060573578
0.060565472
0.060513020
0.060461044
0.060557604
0.060515642
0.011778831
0.058339119
0.060982227
0.060652971
0.060720205
0.060458183
0.060493708
0.060489416
0.060377836
0.060459375
0.011764288
0.060354233
0.061128616
0.060439348
0.060410976
0.060444355
0.060629845
0.060400248
0.060539484
0.060410738
0.011918545
0.061748743
0.060866117
0.060527563
0.060497284
0.060706139
0.060563326
0.060453653
0.060520649
0.060420752
0.011761904
0.059987307
0.060975075
0.060451031
0.060452461
0.060500622
0.060395241
0.060342073
0.060390949
0.060444832
0.011575222
0.058330774
0.060948372
0.060480356
0.060574293
0.060372114
0.060543060
0.060453892
0.060528278
0.060462475
0.011848927
0.060997486
0.060920477
0.060374022
0.060503244
0.060400963
0.060388565
0.060364246
0.060551882
0.060345888
0.011594772
0.061452866
0.060907841
0.060570240
0.060396433
0.060381651
0.060478210
0.060471773
0.060529232
0.060385466
0.011706829
0.060044527
0.061265230
0.060478687
0.060662031
0.060500383
0.060468197
0.060530186
0.060587168
0.060508013
0.011714458
0.059028864
0.061010122
0.060575008
0.060410261
0.060410261
0.060706139
0.060518503
0.060414553
0.060368776
0.011757612
0.059623718
0.061135530
0.060508251
0.060599804
0.060592890
0.060520172
0.060475349
0.060492277
0.060490608
0.011819839
0.061458111
0.060911894
0.060473919
0.060705423
0.060642242
0.060495853
0.060409069
0.060471058
0.060511351
0.011604786
