0.040212393
0.032426596
0.030984879
0.030697584
0.030655146
0.030653238
0.030572176
0.030668736
0.032381058
0.015718222
0.029998064
0.030907393
0.030955553
0.030857325
0.030984879
0.031706810
0.032948256
0.032788038
0.032834053
0.010275126
0.030266523
0.032214642
0.034005880
0.034762621
0.034598589
0.034627199
0.034425497
0.034435511
0.031034231
0.009744644
0.031113148
0.034262657
0.034543991
0.034654140
0.033250093
0.030534744
0.030515432
0.030625582
0.030794382
0.009524107
0.030368090
0.032495975
0.031316042
0.030887842
0.030925751
0.030732870
0.030599833
0.030601501
0.032843351
0.010429382
0.030368805
0.030487776
0.030785799
0.030694246
0.033021927
0.033040524
0.032908201
0.032726288
0.032713413
0.010439634
0.030258417
0.030684710
0.030959606
0.030842781
0.030758381
0.030977488
0.030788422
0.031416655
0.032412529
0.010238171
0.031017780
0.030176878
0.031023979
0.031545877
0.033937931
0.033746243
0.033566713
0.033555746
0.033571482
0.010619640
0.031403542
0.030842781
0.030571699
0.030881405
0.030893087
0.030894756
0.031084299
0.033320189
0.033381224
0.010605335
0.030531168
0.033115149
0.033857822
0.034756184
0.034639597
0.034477949
0.034373045
0.034368277
0.032737732
0.009554148
0.030118942
0.034627676
0.034576654
0.034619093
0.034449577
0.030935049
0.030677557
0.030718803
0.030620337
0.009600163
0.031664848
0.031816006
0.030817032
0.030710936
0.031038523
0.030873775
0.030704021
0.031051636
0.032087088
0.010288715
0.031479359
0.034189224
0.034602404
0.034617901
0.030812740
0.030718803
0.030831814
0.030747890
0.031049728
0.009861231
0.030371666
0.030480623
0.031160355
0.031064749
0.030761480
0.030816317
0.030767202
0.032852173
0.032965899
0.010327339
0.029882908
0.030288935
0.031109571
0.032457590
0.033300400
0.033252239
0.033073664
0.033087969
0.033293724
0.010504246
0.030104399
0.030932188
0.030719280
0.030681372
0.030704021
0.031018257
0.032333374
0.033106804
0.033059835
0.010418177
0.030337334
0.032319069
0.034219742
0.034659624
0.034556866
0.034393549
0.034464836
0.034531355
0.031357050
0.009896755
0.029923677
0.030705214
0.030920744
0.030637980
0.030678034
0.032866955
0.032924652
0.032963276
0.032800436
0.010403156
0.030128479
0.034127712
0.034702063
0.034672499
0.034409285
0.034354210
0.033600330
0.030768394
0.030835867
0.009705544
0.031710625
0.034459352
0.034691095
0.030758858
0.030692339
0.030711174
0.030706644
0.030651569
0.030707359
0.009694576
0.030254841
0.030876398
0.030714512
0.030736923
0.030794621
0.030838966
0.030869246
0.033215046
0.033279657
0.010469913
0.030049086
0.030250311
0.031289816
0.031605244
0.031665802
0.031666517
0.031563997
0.031558752
0.031478882
0.009928226
0.030282974
0.030725002
0.030977488
0.030929804
0.030917883
0.030812263
0.032944679
0.032951117
0.032950640
0.010582924
0.030709028
0.030218124
0.031147003
0.030900478
0.030984879
0.030887842
0.030928373
0.030823708
0.031973839
0.010609150
0.029984474
0.030571699
0.031072617
0.031347036
0.032785177
0.032844067
0.032873392
0.032902241
0.033334017
0.010802746
0.030043602
0.030793667
0.030933142
0.030986786
0.030691624
0.031055689
0.030719995
0.034384727
0.034502745
0.011071920
0.031349421
0.034017801
0.034423351
0.030984640
0.030694246
0.030885696
0.030929089
0.030922890
0.030789614
0.009716511
0.030099630
0.030506849
0.031145334
0.031210423
0.032077789
0.033551216
0.033343315
0.033355236
0.033312321
0.010688543
0.030476093
0.030197144
0.030980110
0.030645132
0.030683756
0.030708551
0.031016350
0.032381535
0.032798767
0.010403872
0.030894995
0.034449100
0.034646273
0.032252550
0.030913353
0.030712128
0.030641079
0.030708313
0.030894995
0.009834051
0.030230045
0.030531406
0.030800581
0.030843258
0.030663252
0.031220913
0.032448053
0.032426834
0.032359838
0.010310888
0.030692816
0.031884193
0.032080889
0.031860352
0.031874418
0.031645298
0.031549454
0.031485319
0.033626556
0.011216640
0.031775713
0.034151077
0.034708261
0.034666061
0.030903339
0.030886173
0.030811787
0.030707598
0.030673504
0.009671450
0.030244112
0.030399561
0.031206846
0.031001091
0.030981779
0.030961990
0.030723095
0.032734632
0.032747269
0.010239363
0.030312300
0.030901432
0.030852318
0.033010960
0.033110142
0.033096552
0.032992601
0.032950163
0.032932520
0.009629011
0.031504631
0.030776501
0.030776739
0.031116724
0.030682802
0.032672405
0.032791853
0.032814026
0.032788992
0.010390997
0.031018734
0.032430172
0.033602715
0.033587694
0.033284903
0.033336163
0.033271074
0.031292200
0.030613422
0.009626627
0.033539534
0.034896851
0.034746170
0.032748938
0.030803680
0.030778170
0.030681372
0.030574083
0.030829430
0.009657145
0.030292034
0.030843973
0.030771494
0.030591488
0.030523062
0.030755997
0.030952454
0.033122540
0.033268213
0.010414600
0.029947281
0.030742407
0.030918360
0.033423185
0.033497810
0.033254147
0.033138752
0.033340931
0.032920599
0.009689808
0.029939651
0.030835152
0.030812740
0.030843735
0.030581951
0.031175613
0.032493114
0.032547474
0.032443762
0.010169029
0.031024694
0.034712076
0.031363726
0.030740499
0.030570507
0.030662775
0.030722141
0.030763149
0.031413555
0.010364771
0.030305624
0.030793905
0.031139612
0.031263351
0.030778885
0.032932043
0.032858610
0.032941103
0.032730103
0.010379553
0.031668663
0.033005238
0.031128168
0.030678034
0.030808926
0.030825615
0.030955315
0.030945539
0.031559944
0.010586739
0.030306578
0.030297518
0.031350851
0.031155825
0.033248425
0.033399343
0.033065081
0.033098698
0.033028603
0.010374784
0.030279398
0.030793190
0.030739784
0.030743837
0.030859947
0.031056881
0.031121016
0.032456398
0.032593727
0.010316372
0.030441046
0.032124281
0.033587933
0.034608603
0.034634352
0.034663439
0.034512043
0.034482241
0.033943176
0.009864807
0.030044317
0.030952454
0.031118870
0.030985832
0.031116009
0.032067060
0.033578873
0.033448696
0.033365965
0.010627031
0.030787945
0.031103849
0.030938387
0.030789137
0.030891180
0.030730009
0.030953407
0.031109095
0.032742023
0.010205984
0.030675173
0.030542374
0.030888081
0.033361912
0.033555984
0.033284187
0.033323050
0.033142567
0.033581018
0.009722948
0.030230045
0.030246258
0.031121016
0.030741215
0.030847311
0.031078815
0.033005238
0.033080578
0.033023596
0.010319710
0.030169487
0.033261776
0.034615040
0.034662962
0.034617424
0.034463167
0.034379482
0.034338474
0.030794144
0.009629488
0.031000137
0.034284353
0.034625292
0.034781456
0.032927990
0.030734777
0.030648708
0.030697584
0.030886412
0.009655237
0.030718803
0.032246351
0.031447649
0.031120062
0.031114101
0.031062841
0.030885696
0.030915260
0.033074856
0.010657787
0.030476093
0.032509327
0.033654451
0.033256531
0.031198263
0.030659199
0.030772448
0.030929089
0.030960083
0.009943485
0.030403137
0.030055046
0.030893326
0.030793190
0.031008005
0.030637741
0.030623198
0.030846119
0.032816410
0.010373831
0.030108690
0.030558825
0.031073332
0.033012867
0.033123016
0.033166170
0.032844067
0.032948732
0.032842398
0.010458231
0.030403614
0.030795097
0.030925035
0.030844450
0.030928612
0.030869246
0.031145573
0.032396793
0.032384634
0.010327816
0.030514717
0.032831430
0.032208204
0.030827761
0.030852079
0.031047344
0.030828714
0.030906677
0.030768394
0.010521412
0.030073643
0.030455589
0.030959606
0.030986786
0.031685591
0.032878637
0.032667875
0.032704353
0.032948017
0.010540962
0.030203104
0.030241013
0.031202555
0.031228304
0.031010628
0.030936718
0.030804396
0.032984257
0.032970428
0.010510683
0.030314445
0.031029463
0.030934811
0.031595469
0.033260822
0.032891750
0.032839060
0.032865524
0.032715082
0.010404348
0.030011415
0.030652285
0.031016111
0.031190395
0.030694962
0.030852556
0.032130957
0.033123016
0.033026218
0.010367155
0.030838490
0.034689188
0.034611464
0.031142950
0.030931473
0.030870676
0.030683041
0.030890465
0.030529022
0.009724140
0.030290842
0.030761719
0.030779123
0.030692339
0.030582190
0.031397343
0.032336473
0.032284737
0.032335997
0.010103226
0.030415058
0.032742977
0.031087160
0.030838966
0.030725718
0.030645370
0.030687332
0.030800343
0.031647682
0.010351181
0.030132532
0.033444166
0.033737183
0.033210039
0.030901432
0.030674458
0.030976772
0.030841351
0.031085491
0.009725094
0.030593157
0.030312300
0.031008720
0.030630112
0.030731678
0.030713320
0.030698061
0.031960487
0.033054829
0.010560036
0.030488253
0.033407927
0.033725023
0.033567667
0.034847498
0.034661531
0.034677744
0.034439325
0.034498215
0.010978699
0.030738115
0.030861378
0.031048775
0.030885220
0.030888081
0.030741453
0.031193972
0.032327414
0.032210112
0.010141850
0.029955626
0.030354500
0.031369209
0.031900883
0.031868696
0.031733036
0.032002687
0.031601191
0.031762362
0.010966539
0.032065392
0.032228231
0.033439636
0.033221245
0.033064127
0.030679703
0.030628920
0.030950785
0.030845642
0.009719372
0.032961607
0.032061577
0.031402588
0.030788898
0.030644655
0.030869484
0.030704975
0.030833483
0.032173395
0.010580540
0.030391932
0.032382488
0.033509731
0.033278942
0.032898903
0.030846357
0.030951738
0.030882835
0.030837536
0.009801149
0.030100346
0.032425404
0.031311512
0.031081915
0.030833006
0.030690432
0.030918121
0.030835629
0.032963276
0.010452032
0.031059265
0.032837629
0.033243418
0.033089161
0.031831980
0.030719519
0.030705690
0.030873299
0.030750275
0.009808540
0.031234980
0.033452988
0.035010099
0.034600973
0.034295082
0.034347057
0.034309626
0.032821894
0.030669212
0.009737730
0.030937910
0.034170151
0.034553051
0.034654140
0.031110764
0.030739546
0.031211138
0.030704498
0.030860424
0.009771585
0.030457497
0.030284882
0.030860186
0.030755043
0.031034946
0.030685663
0.030926704
0.032439470
0.033201218
0.010731459
0.031631708
0.031712055
0.032662153
0.032378197
0.030896425
0.030977726
0.030719519
0.030767679
0.030672789
0.009855509
0.030177832
0.030481339
0.031179667
0.031219006
0.030784607
0.030940533
0.031970263
0.033495426
0.033077002
0.010354280
0.030424833
0.034632921
0.034624577
0.032170773
0.030766726
0.030837774
0.030875444
0.030823469
0.030782461
0.009764910
0.034069300
0.031213522
0.030945778
0.030517817
0.030805826
0.032038450
0.033297777
0.033050060
0.033108711
0.010545492
0.030174017
0.032160282
0.031416178
0.031056643
0.030819893
0.031023502
0.030631542
0.030923843
0.032231331
0.010450602
0.030301332
0.030478239
0.030797005
0.030735970
0.031187534
0.032412052
0.032412291
0.032429695
0.032277822
0.010314941
0.030294180
0.032529116
0.031552076
0.030869484
0.030818939
0.030636787
0.030671120
0.030770302
0.032817841
0.010496616
0.031048059
0.034335852
0.034575939
0.034670830
0.030884027
0.030774593
0.030635118
0.030692339
0.030838490
0.009841442
0.030339003
0.030432463
0.030928373
0.030686855
0.030927181
0.030881882
0.031888247
0.033105373
0.032889843
0.010388851
0.030102968
0.032478809
0.032509327
0.031055212
0.030885220
0.030688763
0.030921459
0.030871630
0.030907393
0.009886980
0.030404568
0.030852318
0.030994892
0.030813694
0.030889511
0.030886889
0.032929897
0.033102989
0.033089399
0.010530949
0.030774117
0.032322884
0.033424139
0.034553051
0.034611225
0.034499407
0.034337282
0.034404516
0.032280207
0.009631872
0.030154943
0.033161402
0.033441544
0.033022165
0.033020020
0.031430244
0.030649424
0.030608654
0.030877352
0.009630203
0.031340122
0.034286261
0.031134844
0.030776739
0.030723095
0.030735731
0.030613184
0.030786753
0.031974316
0.010528326
0.030543089
0.032575607
0.033760309
0.033426762
0.032954454
0.030839920
0.030801535
0.031162500
0.030814886
0.009698868
0.031160831
0.031182528
0.030860662
0.030726671
0.030680418
0.030736208
0.030918360
0.030862808
0.033044100
0.010352373
0.029978752
0.030822515
0.031083107
0.031120062
0.033365011
0.033501387
0.033413172
0.033094168
0.033117294
0.010566950
0.030615807
0.030410528
0.030822515
0.030797958
0.030643940
0.030795097
0.030772448
0.032788992
0.032798052
0.010358572
0.030840874
0.032346010
0.033023834
0.032628536
0.030735493
0.030841351
0.030609608
0.030806065
0.030714273
0.009787083
0.030328512
0.030542374
0.030748367
0.030750036
0.030722380
0.030738115
0.030616283
0.032710791
0.032878160
0.010504007
0.030938387
0.034516811
0.034496307
0.031224728
0.030731440
0.030831575
0.030605793
0.030749083
0.030702591
0.009682417
0.030615091
0.030904531
0.031041145
0.030886173
0.031008005
0.030837059
0.032657385
0.032925844
0.032881498
0.010483503
0.030202627
0.032986164
0.032882214
0.030976057
0.030714750
0.030830860
0.030864239
0.030945063
0.030839205
0.009786367
0.029969931
0.030323029
0.031220913
0.030977488
0.031070948
0.031105280
0.032666206
0.032744408
0.032522678
0.010325909
0.030601263
0.031969070
0.031805277
0.031240225
0.031068325
0.031120062
0.031071186
0.030938387
0.030864954
0.010308981
0.030459404
0.030854464
0.030681133
0.031089067
0.030699492
0.032731056
0.032897472
0.032838821
0.032618284
0.010136604
0.030659199
0.032444239
0.031367540
0.030953407
0.030900002
0.030914307
0.030976295
0.030889988
0.032961607
0.010348082
0.031429768
0.034264088
0.034789801
0.034646273
0.031440258
0.030632019
0.030655384
0.030823469
0.030806303
0.009724379
0.030560017
0.032487869
0.033681154
0.033519983
0.033353090
0.033314943
0.033246040
0.031336784
0.030632973
0.009517670
0.031869411
0.034470320
0.034531832
0.034725666
0.030805826
0.030626535
0.030900955
0.030750751
0.030879974
0.009727001
0.030362368
0.030786514
0.030720472
0.030862808
0.030945301
0.030657530
0.030596018
0.031311750
0.032431602
0.010201693
0.030185223
0.030798912
0.030680656
0.031095505
0.032352209
0.032184601
0.032124281
0.032177925
0.032338381
0.010228634
0.030692577
0.030594110
0.030835867
0.030683279
0.030797482
0.030606270
0.030673027
0.031932831
0.032764435
0.010259628
0.030441046
0.030303717
0.030857563
0.030692339
0.032560110
0.032721281
0.032737732
0.032778263
0.032540321
0.010306597
0.030072212
0.030822277
0.031167507
0.031076431
0.030805111
0.030645609
0.031163454
0.032237530
0.032244921
0.010161400
0.030622959
0.032536983
0.032713652
0.034699678
0.034740925
0.034761429
0.034559488
0.034495115
0.033509731
0.009810448
0.029973030
0.031023502
0.031087399
0.030956984
0.030842543
0.032050133
0.033552170
0.033219814
0.033211946
0.010562897
0.030106783
0.033317804
0.034525394
0.034745216
0.034651041
0.034376383
0.034358501
0.034345865
0.033212423
0.009953737
0.030521870
0.034406424
0.034744501
0.034750462
0.032757044
0.030763865
0.030658484
0.030777454
0.030893564
0.009937048
0.033321142
0.032036543
0.031042099
0.030704737
0.030835390
0.030803680
0.030801773
0.030665159
0.031183481
0.010276556
0.030063152
0.032560825
0.033714294
0.033194542
0.033154964
0.031654835
0.030610561
0.030723572
0.030745029
0.009519339
0.030098200
0.032170773
0.033554077
0.034034014
0.033974171
0.033791542
0.033924103
0.034088135
0.033568859
0.009692669
0.030756950
0.030817747
0.030849218
0.030765295
0.030919313
0.032748222
0.032747030
0.032663584
0.032578468
0.010246992
0.030304432
0.032438040
0.031245232
0.030761242
0.030992746
0.030668736
0.030844927
0.030715227
0.032599449
0.010414362
0.030298948
0.032636642
0.033070564
0.032934427
0.032542229
0.030931473
0.030821323
0.030691862
0.030987024
0.009850740
0.030609131
0.030529737
0.030875683
0.030669451
0.030809164
0.030722141
0.030985832
0.031945944
0.033123493
0.010435581
0.031483412
0.032941103
0.033192396
0.034051657
0.034799814
0.034746170
0.034554720
0.034491301
0.034384966
0.011105776
0.030249357
0.030976295
0.031156540
0.030940533
0.030868292
0.030610561
0.032748938
0.032750368
0.032875538
0.010293245
0.030513763
0.032593966
0.034239531
0.034384727
0.034774780
0.034577131
0.034428358
0.034373760
0.031270504
0.009728670
0.030725718
0.030378819
0.031095028
0.031097651
0.031674385
0.033101082
0.032904625
0.032868147
0.032847166
0.010426760
0.030878782
0.030651808
0.030940056
0.030856609
0.030852318
0.031095505
0.030597925
0.031010389
0.032063007
0.010361195
0.030632973
0.032767057
0.033206224
0.032779217
0.030785084
0.030878544
0.030717134
0.030834198
0.030686140
0.009737492
0.030497313
0.030455351
0.030804873
0.030632973
0.030795574
0.030641794
0.030816078
0.032033682
0.032959700
0.010272026
0.031110287
0.032335520
0.033624172
0.032695055
0.030709028
0.030705452
0.030656099
0.030857325
0.030678988
0.009810925
0.030448675
0.030496359
0.030785084
0.030684710
0.030924320
0.030822039
0.031139135
0.032285690
0.032198429
0.010102749
0.030129194
0.032721996
0.033599377
0.032219410
0.030723572
0.030679226
0.030811787
0.030949354
0.030950308
0.009571552
0.030114174
0.030195475
0.031182051
0.030969620
0.030969620
0.031060219
0.030977249
0.032792568
0.032829046
0.010275364
0.030881405
0.034567833
0.034696579
0.033797026
0.030944347
0.030656815
0.030686378
0.030587912
0.030533314
0.009649754
0.030526876
0.030705452
0.030709505
0.030990362
0.030694246
0.030758619
0.030628443
0.032639265
0.032776117
0.010485888
0.030107975
0.032558441
0.032788754
0.033963680
0.034740686
0.034736872
0.034438133
0.034420729
0.034358978
0.010537148
0.030461073
0.030808210
0.031152010
0.031207561
0.031030893
0.030802965
0.032876015
0.032925129
0.032860994
0.010481596
0.030323029
0.033350468
0.031422853
0.030987024
0.030821323
0.030632496
0.030849218
0.030620813
0.031368732
0.010176420
0.031036615
0.034759521
0.034690857
0.034763336
0.034254074
0.030934572
0.030657053
0.030915976
0.030925751
0.009845018
0.030638456
0.031481981
0.030900240
0.030842543
0.030896664
0.030884266
0.030675411
0.030752897
0.032712221
0.010341644
0.030494213
0.032880068
0.033631802
0.033437729
0.031156063
0.030705690
0.030863523
0.030731916
0.030864716
0.009831190
0.030219555
0.030654907
0.030959129
0.030887842
0.030827522
0.030850887
0.030898571
0.032322407
0.033444166
0.010584593
0.030448914
0.032782078
0.033221245
0.032246590
0.030724525
0.030935764
0.031213284
0.030884504
0.030834198
0.010652065
0.030799389
0.030662298
0.030950308
0.030850649
0.030894279
0.030880928
0.031226873
0.032692432
0.032223225
0.010306597
0.031330347
0.032360077
0.032324791
0.033523321
0.034783363
0.034629107
0.034485817
0.034392834
0.034350157
0.010861397
0.029958963
0.030521393
0.030821800
0.030644894
0.030980587
0.030762434
0.032990456
0.032951117
0.032858372
0.010484934
0.030222416
0.033049583
0.031574965
0.030758381
0.030949831
0.030883551
0.030627489
0.030845165
0.030941486
0.009731531
0.030637503
0.030302763
0.031061172
0.031055689
0.031016588
0.030993223
0.032083035
0.033589363
0.033395052
0.010574579
0.030392408
0.032492161
0.031168461
0.030803680
0.030892611
0.030799389
0.030697823
0.030796289
0.030857801
0.010644674
0.030379772
0.031337976
0.032780409
0.032683611
0.032284975
0.034682512
0.034700155
0.034635782
0.034442663
0.010786772
0.030819893
0.030831337
0.031079292
0.030845642
0.030941486
0.030660868
0.030985594
0.032289982
0.033342123
0.010645151
0.032404184
0.034668684
0.034719467
0.033388376
0.030713797
0.030784607
0.030696630
0.030897379
0.031029940
0.010021448
0.030811310
0.030875444
0.030982733
0.030932188
0.030938148
0.031017303
0.032857180
0.033008337
0.033545494
0.010613203
0.030946255
0.032762051
0.032376051
0.030918598
0.030896664
0.030846119
0.030792952
0.030761719
0.031047106
0.010413885
0.030495405
0.030131102
0.030882835
0.030991316
0.030559778
0.031679869
0.032758236
0.032815695
0.032673597
0.010283947
0.030082464
0.030416012
0.031130075
0.031299829
0.030858278
0.030712605
0.030642509
0.030879974
0.032008886
0.010891676
0.030393600
0.033476830
0.033464193
0.033486843
0.032635450
0.030668974
0.030764580
0.030631781
0.030996799
0.009807825
0.030294418
0.030358076
0.031074047
0.030978441
0.030766249
0.030897379
0.030774117
0.031168699
0.032198906
0.010257959
0.030377388
0.032721043
0.033006191
0.032511950
0.030797958
0.030766249
0.030916691
0.030829430
0.030821800
0.009789467
0.030524254
0.030315161
0.031061649
0.030816793
0.030899525
0.030886650
0.030745029
0.032530069
0.032595396
0.010332823
0.031281471
0.034454823
0.034658909
0.031078815
0.030724764
0.030835629
0.030737162
0.030928850
0.030692101
0.010052204
0.030506134
0.030832291
0.030984879
0.030782938
0.031025648
0.030752420
0.032845020
0.032809734
0.032861233
0.010394812
0.031438351
0.034809589
0.033492327
0.030867577
0.030725718
0.030756950
0.030966759
0.030946016
0.030997038
0.010460615
0.030276299
0.030673742
0.031121731
0.030803442
0.030736685
0.031126976
0.032069206
0.032207251
0.032145023
0.010203123
0.030722141
0.032816648
0.034465075
0.034867525
0.034587383
0.034473896
0.034609556
0.034686089
0.031101465
0.009945631
0.030230999
0.032607317
0.033464193
0.033241510
0.031171799
0.030794382
0.030864716
0.030834436
0.030794859
0.009593248
0.030388117
0.033446074
0.034664869
0.034698009
0.034411430
0.034383535
0.033969641
0.030694962
0.030799150
0.009651184
0.030354500
0.033142328
0.033364773
0.033120155
0.031008959
0.030736685
0.030853510
0.030707836
0.030789614
0.009757519
0.030625582
0.034193993
0.034614325
0.034818888
0.034442663
0.034386635
0.034339905
0.031858921
0.030767679
0.009681940
0.030730247
0.033028126
0.033506155
0.032109737
0.030946732
0.030643463
0.030858994
0.030686855
0.030854225
0.009922743
0.030250788
0.030859470
0.030888796
0.030929327
0.030870676
0.030848980
0.031059265
0.032353878
0.032415390
0.010065079
0.030405045
0.033168793
0.033347368
0.031860352
0.030801773
0.030639648
0.030851364
0.030942440
0.030544281
0.009480238
0.029994249
0.030807257
0.030777216
0.030742168
0.030649185
0.030916214
0.031038046
0.033109188
0.033285618
0.010515928
0.030420065
0.032385826
0.032742977
0.034774065
0.034816265
0.034796238
0.034441948
0.034404039
0.033720732
0.009732008
0.030283689
0.030817270
0.030691624
0.030761480
0.030946970
0.031802177
0.032932520
0.032804012
0.032807112
0.010443926
0.031569958
0.033527851
0.031272888
0.030938387
0.031008005
0.030952215
0.030844688
0.030796289
0.032765150
0.010405064
0.031593323
0.030330420
0.031048298
0.031123400
0.031729698
0.033773422
0.033426285
0.033397198
0.033283472
0.010480404
0.030531406
0.030905008
0.030889034
0.030912876
0.030758619
0.030558586
0.030797243
0.032159090
0.033038378
0.010402203
0.030039072
0.030426502
0.031313181
0.030989408
0.032719374
0.032989502
0.032601595
0.032661200
0.032551289
0.010321379
0.030478954
0.030783653
0.030704021
0.030797720
0.030777216
0.030997515
0.030973911
0.033071756
0.033473253
0.010518789
0.030961990
0.032483816
0.033681870
0.033272982
0.033121347
0.033147812
0.033025503
0.032926559
0.033364534
0.009915829
0.030313730
0.030540466
0.031147480
0.031273603
0.030916929
0.031444550
0.032220602
0.032384634
0.032351017
0.010325909
0.030640602
0.032716751
0.034027576
0.034626961
0.034699678
0.034586191
0.034346819
0.034379244
0.030996084
0.009631634
0.030207396
0.030730247
0.030757189
0.030739784
0.031944275
0.032867670
0.032804728
0.032595873
0.032577276
0.010248184
0.030129671
0.030920744
0.030862808
0.030892134
0.030913830
0.030838251
0.030746222
0.030767202
0.032775402
0.010347605
0.030293703
0.030966282
0.030755520
0.030869246
0.031747580
0.032722950
0.032757521
0.032757044
0.032573700
0.010214806
0.030507565
0.030502796
0.031013966
0.030996084
0.030773163
0.030888557
0.030678272
0.031225920
0.032279491
0.010171175
0.030288458
0.030304193
0.030833960
0.030731440
0.032611370
0.032956839
0.032729864
0.032700062
0.032563925
0.010113239
0.030256033
0.030898809
0.030755520
0.030700922
0.030957222
0.030694962
0.030818224
0.032055378
0.033185244
0.010395288
0.030490398
0.032948494
0.033171892
0.031981468
0.030787945
0.030769825
0.030811787
0.030586243
0.030710459
0.009632826
0.030304432
0.030210257
0.030789137
0.030693531
0.030942678
0.030689716
0.030887604
0.032243490
0.033016920
0.010344505
0.030902863
0.032499790
0.033062696
0.032991171
0.031693935
0.030808926
0.030701637
0.030802011
0.030702353
0.010050058
0.030344248
0.030795336
0.030905247
0.030825853
0.030785799
0.030559540
0.030583858
0.031266451
0.032313824
0.010153770
0.030008078
0.032578945
0.032819033
0.032631159
0.033224344
0.034610987
0.034570932
0.034556150
0.034455538
0.010822058
0.030117989
0.034354210
0.034702778
0.034651279
0.034498453
0.034365177
0.034356117
0.031784296
0.030852556
0.009667397
0.030192852
0.030540228
0.030985117
0.030953407
0.032841444
0.032840490
0.032875776
0.032715082
0.032725573
0.010213375
0.030617714
0.030167818
0.030808926
0.030677557
0.030831814
0.030691385
0.030862570
0.032185555
0.032949448
0.010471821
0.030743361
0.034559488
0.034756184
0.034097672
0.030866623
0.030838966
0.030676842
0.030833244
0.030765057
0.009793758
0.030063152
0.030781269
0.030733585
0.030811310
0.030681133
0.030822754
0.030812263
0.032938957
0.033088446
0.010441065
0.030111313
0.032560349
0.032688379
0.031728268
0.030862331
0.030801773
0.030797720
0.030651093
0.030848980
0.009669065
0.030400515
0.030406952
0.031097889
0.031203032
0.030994892
0.030761719
0.030572891
0.032427788
0.032463551
0.010312319
0.031558514
0.032435417
0.033359289
0.032816887
0.030697823
0.030616999
0.030580282
0.030811787
0.030728817
0.009696484
0.030306816
0.030339003
0.030855656
0.030664682
0.030779600
0.030699492
0.031255484
0.032307148
0.032367468
0.010303259
0.029970407
0.030165195
0.031085014
0.032565832
0.033753633
0.033498764
0.033113480
0.033191442
0.033256292
0.010552645
0.030206919
0.030890703
0.030906200
0.030860662
0.030986071
0.030741692
0.032761335
0.032873392
0.032847166
0.010347366
0.030264378
0.032992601
0.033153057
0.031376600
0.030703783
0.030635595
0.030786514
0.030728579
0.030874491
0.009827614
0.030588150
0.030780554
0.030781031
0.030506611
0.030743122
0.030646801
0.031096458
0.032129288
0.032154083
0.010060310
0.030575037
0.033373117
0.033497334
0.032949686
0.030799866
0.030744791
0.030810118
0.030773878
0.030799866
0.009429216
0.030118465
0.030779600
0.030579090
0.030802250
0.030614614
0.030875444
0.030692816
0.031467915
0.032541513
0.010322094
0.030956507
0.034581661
0.034594297
0.034303188
0.030686140
0.030698299
0.030761242
0.030740499
0.030845165
0.009660959
0.030419588
0.030673981
0.030860662
0.030880928
0.030889034
0.030774593
0.030784369
0.032008171
0.033199549
0.010450602
0.030267715
0.033012867
0.033476591
0.033324242
0.030905008
0.030760288
0.030814409
0.030596733
0.030820608
0.009742498
0.031446457
0.031418324
0.030865192
0.030941963
0.030865192
0.030871153
0.030554533
0.031190872
0.032047749
0.010164261
0.030726433
0.032260895
0.033087492
0.033131599
0.031436682
0.030791044
0.030569792
0.030726910
0.030830622
0.009791613
0.030312777
0.032499552
0.031486988
0.030927420
0.031088114
0.030653477
0.030789375
0.030631781
0.032616377
0.010334015
0.030448198
0.032755136
0.032862902
0.032781839
0.032222986
0.030737877
0.030627728
0.030669689
0.030863285
0.009796381
0.030761242
0.032234430
0.031397104
0.030897617
0.030879021
0.030818462
0.030804157
0.030796289
0.033088923
0.010530233
0.030907869
0.032974243
0.033453465
0.033160448
0.031633615
0.030785322
0.030640125
0.030836582
0.030680180
0.009559631
0.030064344
0.030831337
0.030703068
0.030837536
0.030872583
0.030814886
0.030728579
0.031566620
0.032428026
0.010241985
0.030413389
0.031851053
0.033062935
0.032219172
0.030698776
0.030912399
0.030519962
0.030818701
0.030701399
0.009883642
0.031079054
0.030790329
0.030735016
0.030819893
0.030976772
0.030663013
0.030716419
0.032691240
0.032810450
0.010351658
0.030329227
0.032765865
0.033135653
0.031956196
0.030843019
0.030845881
0.030715227
0.030581474
0.030818224
0.009660721
0.030414820
0.030404091
0.030906439
0.030820608
0.030697823
0.030599833
0.031169891
0.032266378
0.032323837
0.010184765
0.030740976
0.032234907
0.033388138
0.032517433
0.030654430
0.030626059
0.030727625
0.030867815
0.030699968
0.009793520
0.029972315
0.030686140
0.030695677
0.030629396
0.030658960
0.030905008
0.030803204
0.033063650
0.033217192
0.010320902
0.031136990
0.034648895
0.034689188
0.033651829
0.030778885
0.030750275
0.030734301
0.030934811
0.030650139
0.009805441
0.030010939
0.030744314
0.030719995
0.030914783
0.030728102
0.030996084
0.030951262
0.033026457
0.033169270
0.010396242
0.031370878
0.033470631
0.033728123
0.031460285
0.030796528
0.030799627
0.030951738
0.030855656
0.030864239
0.009720325
0.030291319
0.030390263
0.031054735
0.030885696
0.030704021
0.030659914
0.031555176
0.032466412
0.032465935
0.010423899
0.031800985
0.034328461
0.032110214
0.030900717
0.030856371
0.031031370
0.030844212
0.030672789
0.030591726
0.009707212
0.030131817
0.030489445
0.031131029
0.031179667
0.031191111
0.031103611
0.032143116
0.032353401
0.032390594
0.010347843
0.030901670
0.033038616
0.030864239
0.030831814
0.030876875
0.030748129
0.030995369
0.031073570
0.030910015
0.010321140
0.030630589
0.032707930
0.033648014
0.033053637
0.032663584
0.030767441
0.030774593
0.030701160
0.030800104
0.009633780
0.031363010
0.032278299
0.030724525
0.030632257
0.030817509
0.030904055
0.030845404
0.030717134
0.031623840
0.010345936
0.030668259
0.032274246
0.033326626
0.033087254
0.032857418
0.030826569
0.030726433
0.031078577
0.030967236
0.009811401
0.030293703
0.032363892
0.030858994
0.030716181
0.030670166
0.030945063
0.030732632
0.030864000
0.032554150
0.010565758
0.030499697
0.032870770
0.033250093
0.033054829
0.031724691
0.030876875
0.030762672
0.030862808
0.030669689
0.009721518
0.030465364
0.030600309
0.030761480
0.030943155
0.030843735
0.030655384
0.030713320
0.031557322
0.032784224
0.010201454
0.030266285
0.030968666
0.030721664
0.031146288
0.032478094
0.032636166
0.032496691
0.032356262
0.032361746
0.010304928
0.030529499
0.030697346
0.030783653
0.030990362
0.030840635
0.030803919
0.030690193
0.031908512
0.033150911
0.010337114
0.030552149
0.032620668
0.032874346
0.032470703
0.030793428
0.030650377
0.030828476
0.030705214
0.030697346
0.009611607
0.030330181
0.030244827
0.031061649
0.031046152
0.030842304
0.030611277
0.030614614
0.032160521
0.032490015
0.010236502
0.030142069
0.032743454
0.032957315
0.032739401
0.030847073
0.030623913
0.030600786
0.030588388
0.030877352
0.009629488
0.030658484
0.030659199
0.030975103
0.030883551
0.030686378
0.030802727
0.030837536
0.032896042
0.033094645
0.010452032
0.031403780
0.033974886
0.034510374
0.030843019
0.030698538
0.030830622
0.030787706
0.030857086
0.030743599
0.010003090
0.030114889
0.030871391
0.031242132
0.030961275
0.030856848
0.030651093
0.032618761
0.032832384
0.032815933
0.010443449
0.030671597
0.032556534
0.032330990
0.030998945
0.030907869
0.030829668
0.030622721
0.030802965
0.030623198
0.010189772
0.029987097
0.030981302
0.030979395
0.030871153
0.030821562
0.030687571
0.032606840
0.032827377
0.032860279
0.010479450
0.030548573
0.032473803
0.032276392
0.031017780
0.030703068
0.030961037
0.030652285
0.030830860
0.030810595
0.010488510
0.030220509
0.030778170
0.030763149
0.030691624
0.031896591
0.032907724
0.033201694
0.032593727
0.032689095
0.010289669
0.030339003
0.030802250
0.030785799
0.030685663
0.030840158
0.031006336
0.030929804
0.031850100
0.032817602
0.010488749
0.030485392
0.033055305
0.033416748
0.033339977
0.030872583
0.030597448
0.030807257
0.030651331
0.030867815
0.009785652
0.030470371
0.033149958
0.034593821
0.034580708
0.034389257
0.034357309
0.034260273
0.030890465
0.030651331
0.009626150
0.031092644
0.034166336
0.034668684
0.033363104
0.030704260
0.030670404
0.030753136
0.030854702
0.030709028
0.009690046
0.030283928
0.030612230
0.030803204
0.030831337
0.030880451
0.030632734
0.030665636
0.031446695
0.032340288
0.010209560
0.030414343
0.030617952
0.030682087
0.030879974
0.032778025
0.032823086
0.032796860
0.032769442
0.032663822
0.010457993
0.030302048
0.030501366
0.031177759
0.030833483
0.030822515
0.030832529
0.030768394
0.032658815
0.033020735
0.010443449
0.030612469
0.031980753
0.032979488
0.032569885
0.030740738
0.030826092
0.030644417
0.030865431
0.030735016
0.009707212
0.033539772
0.030805588
0.030977488
0.030649424
0.031048775
0.030841351
0.030931234
0.032316923
0.033266544
0.010421753
0.030488968
0.032452345
0.032775164
0.032413006
0.032446146
0.032551289
0.032363415
0.032414436
0.032392025
0.010135889
0.029956102
0.030839682
0.030878544
0.030848742
0.030813932
0.030901194
0.031002283
0.033069611
0.033261776
0.010561466
0.030666351
0.032537460
0.033573389
0.032836199
0.030915976
0.030975580
0.030704975
0.030879259
0.031003237
0.009583235
0.030032158
0.030821085
0.030843019
0.030892611
0.030926704
0.030745745
0.031005859
0.032393217
0.032408237
0.010264158
0.030271530
0.031909227
0.032251596
0.032272339
0.032294750
0.032135963
0.031984806
0.031991005
0.031996250
0.010740757
0.030329704
0.030722380
0.030811071
0.030701399
0.030678749
0.030675888
0.030775785
0.032824516
0.032862902
0.010343075
0.030158281
0.033131123
0.033301592
0.031832457
0.030562162
0.030644655
0.030761480
0.030560970
0.030828476
0.009726286
0.030397654
0.030711174
0.030858994
0.030630827
0.030793905
0.030958176
0.030876160
0.032079935
0.033020258
0.010368109
0.030404091
0.033101082
0.033426046
0.033351660
0.030839205
0.030707598
0.030901670
0.030717134
0.030773163
0.009534359
0.030055761
0.030342817
0.031021833
0.030711174
0.030772209
0.030702829
0.031323910
0.032388687
0.032379866
0.010415316
0.030313969
0.033350468
0.033824444
0.031619787
0.030648708
0.030731678
0.030904293
0.030789852
0.030845642
0.009681463
0.030027628
0.030791521
0.030944109
0.030846119
0.031107664
0.031066895
0.032975435
0.033285856
0.033308506
0.010566473
0.030323029
0.033005953
0.033337831
0.031127214
0.030743122
0.030763149
0.030752182
0.030662060
0.031008482
0.009692430
0.030413628
0.030815601
0.030952454
0.031069040
0.030912638
0.030846357
0.032686949
0.032963753
0.032861948
0.010474920
0.030859470
0.032335520
0.032185793
0.030938387
0.030951738
0.030769348
0.030548334
0.030799389
0.030684948
0.010483503
0.030733824
0.030527353
0.031013012
0.030685425
0.030844688
0.030970335
0.031949043
0.033281326
0.033027172
0.010457039
0.031062126
0.032535553
0.033402205
0.031361341
0.030970097
0.030884266
0.030613422
0.030701637
0.030745268
0.009537935
0.030421019
0.030781746
0.030762196
0.030654430
0.030970573
0.030658007
0.032773495
0.032855988
0.032798290
0.010523081
0.030538321
0.033082962
0.033245087
0.031199217
0.030794621
0.030915499
0.030802488
0.030715704
0.030646801
0.009555101
0.029987812
0.030897379
0.030827999
0.030748367
0.030619383
0.030634403
0.032058239
0.032856703
0.032732964
0.010201454
0.030515909
0.032687902
0.032639980
0.030982494
0.031167030
0.030550003
0.030713797
0.030717611
0.030867100
0.009670973
0.030526876
0.030900717
0.030837536
0.030812502
0.030803204
0.030775785
0.032048941
0.032887936
0.032811642
0.010343313
0.031360388
0.032974005
0.032419682
0.030725956
0.030927420
0.030824423
0.030861616
0.030691862
0.030823469
0.010162115
0.031206369
0.030871630
0.030835152
0.030847788
0.030892134
0.030779839
0.032739162
0.032999277
0.032934189
0.010768414
0.030818939
0.030518055
0.031394243
0.032082319
0.032068491
0.031894684
0.031890869
0.031737804
0.032042265
0.010063648
0.031558752
0.030741215
0.030863523
0.030736685
0.030908585
0.032035589
0.033531189
0.033163071
0.033173084
0.010460138
0.031959057
0.033215284
0.030767202
0.030603647
0.030636072
0.030900002
0.030822277
0.030850172
0.030892611
0.010363817
0.030758381
0.032762289
0.033295155
0.033452034
0.033175945
0.032147169
0.030723810
0.030765057
0.030603647
0.009729624
0.030346870
0.032691717
0.031479359
0.030932188
0.030806541
0.030905485
0.030790806
0.030908346
0.031232357
0.010532379
0.030492306
0.032778502
0.033403397
0.033167839
0.033174038
0.031693935
0.030705214
0.030832767
0.030849695
0.009909868
0.030352116
0.032604933
0.031312943
0.030814171
0.030930042
0.030848503
0.030776978
0.030519247
0.030958176
0.010131836
0.030436993
0.033294201
0.033530712
0.032879591
0.032934427
0.032581329
0.030731440
0.030822992
0.030771732
0.009649515
0.030130625
0.032710314
0.031831503
0.030710459
0.030536413
0.030800819
0.030652285
0.030721426
0.030745268
0.010209084
0.030270100
0.030774832
0.030881643
0.030772924
0.030940294
0.031768799
0.032979250
0.032846928
0.032860756
0.010347605
0.030489206
0.033210754
0.031615496
0.030857801
0.030678749
0.030822754
0.030744076
0.030650616
0.031048298
0.010152340
0.031011581
0.034512043
0.034543753
0.034582376
0.034160376
0.030780077
0.030558586
0.030788660
0.030719519
0.009757280
0.030624628
0.031690359
0.031736374
0.031258345
0.031062365
0.031250238
0.031036377
0.030924082
0.032288551
0.010666847
0.030761003
0.033067465
0.033489227
0.033120394
0.031752825
0.030720949
0.030694485
0.030849695
0.030649662
0.009658575
0.030529022
0.032537699
0.031436920
0.030813694
0.030708790
0.030655861
0.030767202
0.030724287
0.033013582
0.010648727
0.031010866
0.032496929
0.033298969
0.033251524
0.031365156
0.030869722
0.030810595
0.030845165
0.030722857
0.009583950
0.030603647
0.032570124
0.033007860
0.032855511
0.032751322
0.032856703
0.032298565
0.031583071
0.030785322
0.009657621
0.029955626
0.030974150
0.030803680
0.030719519
0.032160521
0.032711744
0.032656193
0.032431602
0.032477140
0.010131598
0.030501366
0.030241489
0.031022787
0.030848742
0.030864954
0.030957460
0.030837297
0.032667637
0.032768726
0.010218859
0.030099392
0.033409834
0.033809900
0.031754255
0.030641317
0.030677557
0.030663490
0.030557632
0.030842781
0.009804487
0.030118704
0.030599117
0.031065226
0.031043053
0.030710459
0.030952454
0.032093763
0.033274889
0.033011675
0.010402918
0.030414104
0.032389879
0.032292366
0.030869484
0.030710697
0.030748129
0.030781746
0.030632496
0.030802727
0.009657145
0.030629158
0.030210257
0.031130552
0.030887365
0.030839920
0.030701160
0.031578541
0.032809496
0.032394409
0.010179281
0.030871630
0.032831192
0.033212662
0.031231403
0.030660152
0.030681849
0.030730963
0.030825138
0.030720711
0.009552956
0.031586885
0.030847788
0.030992270
0.030723810
0.030686378
0.030555487
0.031048536
0.032276392
0.032349348
0.010141134
0.029988766
0.030777454
0.030724049
0.031102896
0.032269001
0.032296419
0.032261610
0.032327175
0.032170057
0.010173798
0.030728579
0.030235529
0.030838490
0.030708551
0.030826092
0.030696392
0.031368732
0.032426834
0.032443523
0.010410786
0.029941320
0.030797005
0.031666517
0.032517672
0.032644272
0.032479048
0.032162428
0.032143593
0.032277584
0.010055542
0.030051708
0.030961037
0.030818462
0.030809879
0.030809402
0.031455994
0.032340050
0.032393456
0.032335997
0.010160446
0.030451298
0.032350779
0.033684731
0.034588575
0.034556866
0.034580946
0.034261227
0.034360647
0.031128883
0.009732485
0.029975176
0.030809641
0.030737638
0.030776262
0.030748129
0.031545877
0.032378912
0.032414198
0.032283783
0.010136366
0.030604839
0.033482552
0.031253099
0.030755520
0.030845404
0.030702353
0.030851603
0.030883789
0.031398535
0.014986753
0.030259609
0.034603357
0.034532070
0.034576654
0.034253359
0.030754566
0.030585527
0.030637741
0.030635834
0.009681225
0.030152798
0.030791759
0.031709433
0.031521320
0.031514406
0.031606913
0.031396389
0.031634808
0.033377409
0.010419130
0.030248165
0.033004761
0.033264637
0.033072233
0.032491684
0.030683994
0.030618668
0.030749559
0.030851126
0.009657621
0.030924559
0.033292532
0.031059980
0.030819654
0.030755043
0.030837297
0.030734301
0.030583620
0.032520533
0.010421991
0.030253172
0.032976151
0.033283949
0.033320189
0.032330990
0.030791759
0.030695200
0.030655384
0.030867815
0.009765387
0.031281471
0.031893730
0.031217813
0.030835152
0.030805588
0.030776501
0.030747652
0.030843735
0.032127619
0.010134459
0.030163765
0.032929897
0.033792973
0.033331156
0.032729626
0.030751467
0.030793667
0.030660391
0.030886173
0.009564638
0.030399323
0.031771898
0.031715870
0.031207323
0.030975342
0.031032801
0.030980349
0.030853033
0.032438278
0.010568619
0.030417919
0.030414104
0.030951738
0.030855894
0.030965328
0.031150103
0.032665014
0.032774210
0.032445669
0.010196447
0.030656338
0.032912254
0.032397270
0.030925989
0.030844688
0.030685186
0.030608416
0.030767679
0.030628920
0.009699583
0.030086040
0.030915737
0.030699492
0.030697584
0.030631065
0.030947447
0.032289743
0.033039093
0.032980680
0.010325432
0.031499624
0.034508467
0.034570456
0.031319380
0.030905008
0.031022310
0.030730009
0.030769587
0.030705690
0.009441376
0.029922247
0.030702591
0.030690193
0.030852556
0.030668736
0.030866385
0.030937910
0.032976866
0.033069134
0.010408878
0.030111313
0.033055544
0.033334255
0.031969547
0.030702114
0.030639172
0.030832529
0.030606747
0.030778170
0.009691238
0.030127048
0.030745506
0.031169415
0.030967236
0.031025171
0.030930042
0.032984257
0.032956362
0.033430338
0.015802383
0.030928373
0.032290220
0.032139301
0.030838013
0.030662537
0.030854702
0.030657530
0.030845642
0.030761003
0.009784698
0.030269623
0.030724287
0.030687094
0.030672073
0.030698061
0.031445265
0.032407284
0.032337666
0.032340288
0.010203600
0.030575037
0.032492638
0.030996323
0.030801535
0.030878782
0.030760050
0.030673504
0.030894279
0.030947685
0.010431051
0.030059099
0.033582687
0.033910513
0.033594608
0.032055616
0.030574322
0.030867577
0.030682802
0.030657053
0.009621382
0.030659199
0.033125162
0.031025887
0.030583382
0.030677557
0.030647993
0.030718088
0.030713320
0.030685663
0.009510756
0.030039072
0.030193090
0.030751944
0.030813217
0.030687332
0.030830383
0.032924891
0.033287525
0.033203363
0.010226727
0.030761242
0.033354044
0.033047199
0.030527353
0.030459166
0.030476093
0.030509233
0.030811548
0.030747652
0.009624243
0.030036211
0.030478954
0.030632734
0.030657291
0.030632973
0.030473232
0.030889034
0.032063007
0.032159567
0.010069370
0.030788660
0.032056332
0.032910109
0.032460213
0.030762911
0.030704260
0.030748129
0.030772209
0.030674696
0.009699106
0.029894829
0.030163288
0.030936956
0.030820847
0.030707598
0.030743837
0.030643463
0.032598257
0.032613993
0.010034084
0.030221939
0.031741381
0.032520533
0.032318354
0.031503439
0.030743122
0.030553579
0.030696869
0.030711889
0.009631157
0.030745745
0.033561945
0.034418344
0.034453392
0.034401178
0.034186125
0.034412384
0.033088923
0.030673027
0.009304285
0.031451225
0.034629822
0.034479380
0.034523726
0.033903122
0.030768394
0.030654430
0.030458927
0.030669928
0.009456396
0.030503273
0.032123566
0.031834364
0.031041145
0.030725002
0.030769348
0.030653238
0.030564785
0.031956673
0.010242224
0.030282021
0.031659842
0.032649755
0.032661915
0.032208204
0.030706882
0.030483246
0.030891180
0.030672789
0.009428263
0.030376196
0.032767534
0.032983780
0.032747269
0.032849550
0.032964945
0.032692194
0.032730341
0.030871630
0.009408474
0.031730175
0.030301571
0.030826807
0.030567884
0.031203747
0.032068491
0.032077074
0.032304049
0.032278538
0.010089397
0.030076742
0.030923128
0.030730009
0.030709505
0.030667543
0.030770540
0.030444384
0.031284332
0.032129049
0.009944677
0.030136824
0.033199310
0.033154488
0.033090591
0.031018496
0.030746937
0.030656099
0.030669451
0.030708790
0.009550810
0.030155420
0.030246973
0.030935526
0.030688286
0.030743599
0.030837297
0.030819178
0.032135010
0.033077478
0.011230469
0.029938459
0.030786514
0.030763865
0.030967236
0.032327652
0.032371998
0.032395124
0.032330751
0.032411337
0.010050297
0.030063152
0.030368090
0.030903339
0.030696630
0.030959845
0.030700922
0.030610323
0.032536030
0.032653093
0.009944677
0.031313658
0.034559250
0.034427881
0.034498692
0.032278061
0.030658960
0.030430555
0.030683994
0.030732870
0.009394169
0.033481598
0.030709267
0.030649900
0.030809164
0.030786753
0.030630589
0.030568838
0.031066179
0.032384634
0.009927750
0.030188799
0.033349752
0.033491373
0.033147812
0.032070160
0.030706644
0.030879736
0.030882359
0.030903101
0.009811163
0.030387402
0.030745029
0.030648232
0.030776024
0.030518055
0.030751228
0.030650616
0.031128168
0.032573223
0.009981632
0.031237364
0.031666517
0.032668114
0.032349348
0.032176495
0.030704021
0.030479670
0.030645132
0.030807734
0.009693146
0.031296015
0.034213781
0.031642437
0.030637026
0.030529261
0.030773640
0.030656576
0.030829668
0.030773640
0.010008574
0.030364275
0.030806541
0.030918837
0.030690908
0.030704021
0.030944824
0.032942295
0.033010721
0.032957554
0.010106802
0.030590534
0.032948732
0.032874346
0.031309128
0.030555725
0.030716419
0.030761957
0.030622244
0.030915976
0.009770632
0.030152082
0.030735731
0.030699253
0.030590534
0.030817270
0.030701637
0.030832291
0.032709122
0.032876968
0.010461569
0.030401707
0.032393932
0.032869816
0.032643557
0.030878305
0.030485392
0.030732870
0.030864239
0.030650616
0.009356976
0.030473709
0.032482386
0.031137705
0.030679464
0.030626774
0.030704737
0.030409813
0.030733109
0.032090187
0.010169029
0.030218840
0.033138037
0.033535004
0.033162355
0.033169985
0.030875444
0.030600309
0.030705690
0.030658722
0.009678125
0.031656504
0.032631874
0.033182859
0.033003330
0.033150911
0.032806635
0.032796144
0.033115149
0.033217907
0.009522676
0.030187130
0.030838490
0.030894756
0.030766726
0.030763626
0.030839205
0.032814503
0.032744408
0.032650709
0.009990215
0.030537128
0.032446384
0.033568859
0.030833721
0.030651093
0.030593634
0.030480146
0.030742645
0.030702114
0.009331703
0.030036449
0.030725718
0.030774832
0.030583143
0.030752897
0.030723095
0.030681849
0.031399250
0.032623529
0.010045528
0.030934334
0.032496691
0.033041239
0.033007383
0.031124592
0.030551434
0.030711889
0.030984402
0.030751467
0.009513378
0.030848265
0.030834675
0.030630589
0.030527592
0.030512810
0.030594110
0.030722380
0.030797005
0.032966375
0.010370493
0.030254841
0.032476187
0.033491611
0.033160686
0.033025026
0.033980608
0.034382820
0.034393311
0.034374475
0.010930061
0.031160593
0.034429312
0.031063080
0.030858040
0.030947685
0.030991793
0.030905962
0.030734539
0.031814337
0.010568619
0.030043602
0.030679941
0.030669928
0.030682087
0.030790806
0.032921076
0.033256292
0.032867670
0.033027649
0.010313511
0.030275106
0.030603170
0.030908346
0.030846596
0.030647993
0.030758381
0.030525923
0.030918598
0.032099009
0.010189772
0.030431032
0.033125401
0.032899618
0.032765627
0.032776594
0.030761003
0.030490160
0.030609369
0.030504942
0.009525061
0.030961275
0.034740686
0.031267643
0.030807018
0.030878782
0.030578136
0.030749083
0.030682325
0.030888557
0.009863853
0.030638695
0.034082174
0.034473896
0.034411669
0.034366131
0.030952930
0.030505657
0.030647039
0.030684948
0.009399891
0.031177044
0.034287453
0.031851053
0.030637741
0.030594110
0.031010151
0.030755043
0.030805826
0.030966282
0.010284185
0.030555725
0.030693054
0.030774117
0.030855417
0.030735016
0.030793428
0.032154322
0.032992840
0.033173800
0.010412693
0.030850887
0.033297300
0.032673597
0.030670643
0.030717134
0.030827761
0.030812740
0.030764103
0.030750990
0.009993792
0.030377626
0.030757904
0.030837297
0.031046391
0.030558348
0.030887127
0.031973600
0.033077478
0.032950163
0.010262251
0.030329466
0.034339666
0.034566164
0.032373667
0.030712843
0.030520439
0.030765295
0.030593395
0.030522585
0.009835720
0.030409575
0.030709982
0.031162739
0.030951023
0.030687094
0.030939579
0.030519962
0.032556295
0.032488108
0.010134697
0.030216694
0.032212019
0.032325983
0.033461809
0.034695625
0.034702063
0.034412861
0.034286737
0.034464836
0.010636806
0.030466557
0.030214548
0.030819178
0.030527592
0.030800819
0.030683517
0.032941103
0.033203363
0.033185720
0.010449171
0.030240297
0.031857014
0.033406734
0.034643650
0.034350872
0.034598112
0.034012079
0.033949614
0.031773806
0.009421587
0.030031681
0.030134916
0.031011820
0.030806065
0.030767441
0.032232285
0.032723427
0.032612085
0.032639980
0.009945631
0.030001879
0.030077219
0.030839920
0.031444550
0.031517506
0.031505108
0.031447649
0.031666517
0.031712294
0.010741234
0.030185223
0.030264616
0.030846596
0.030673981
0.030744553
0.030656099
0.033060312
0.033001423
0.033028603
0.010363102
0.030276537
0.032778502
0.032968521
0.034566879
0.034671307
0.034562349
0.034290314
0.034307003
0.033362865
0.009572506
0.029922724
0.030873537
0.030679941
0.030670643
0.030622244
0.030547380
0.031955957
0.032669306
0.032642603
0.010259628
0.031014919
0.033038855
0.032933712
0.030811548
0.030656815
0.030414820
0.030633211
0.030616999
0.030667782
0.009363890
0.030039549
0.030256033
0.030722141
0.030673742
0.030870199
0.030584574
0.030517101
0.032475233
0.032594204
0.009905100
0.029832125
0.030741930
0.030773640
0.031136751
0.032297611
0.032174110
0.032142878
0.032362461
0.032303572
0.010054350
0.030292511
0.030177832
0.030809879
0.030627489
0.030723095
0.030679226
0.030645847
0.031935453
0.032673836
0.009993076
0.030748606
0.034336805
0.034496307
0.034492254
0.030606508
0.030672312
0.030807734
0.030721664
0.030788183
0.009495735
0.030447721
0.033080339
0.030995846
0.030881882
0.030819893
0.030538797
0.030655622
0.030655861
0.032675982
0.010037422
0.030288458
0.032188416
0.033327341
0.033033848
0.032511234
0.030633450
0.030639410
0.030447721
0.030621529
0.009544611
0.030807734
0.033278465
0.031065226
0.030514717
0.030672550
0.030647039
0.030640364
0.030650854
0.031121969
0.009901524
0.035246849
0.034579992
0.034647942
0.034201860
0.034370899
0.031116962
0.030719280
0.030620813
0.030503750
0.009392738
0.030552149
0.032845974
0.032405376
0.030797482
0.030534267
0.030723572
0.030640841
0.030647755
0.030530691
0.009906292
0.030054569
0.030142784
0.030903101
0.030671358
0.030641079
0.030616283
0.031193018
0.032625675
0.032717943
0.010051489
0.030107737
0.032932997
0.033159256
0.031743050
0.030774117
0.030520439
0.030666351
0.030444860
0.030641317
0.009333134
0.030040264
0.030848503
0.030688286
0.030715466
0.030762672
0.030600548
0.030764818
0.031744719
0.033020735
0.010080576
0.030305386
0.032924652
0.033270836
0.033241272
0.030760288
0.030482292
0.030634642
0.030678034
0.030650377
0.009788275
0.030567408
0.031933308
0.032204866
0.032194614
0.032104969
0.031946659
0.031973839
0.032972097
0.034512281
0.010516882
0.030757189
0.034031868
0.034446478
0.034440994
0.033084154
0.030635595
0.030512571
0.030753374
0.030740499
0.009357929
0.030070543
0.032367468
0.031012297
0.030691147
0.030667782
0.030665398
0.030570745
0.030552864
0.032437325
0.009936571
0.030760527
0.030716896
0.030529022
0.030654669
0.030693769
0.032761335
0.032862902
0.032848835
0.032994986
0.010105848
0.031219721
0.034118891
0.032568455
0.030827284
0.030459881
0.030668974
0.030714273
0.030675173
0.030677557
0.010369539
0.030354977
0.030724287
0.030722141
0.030676365
0.030725718
0.030561686
0.031625509
0.032360077
0.032316685
0.009900093
0.030084848
0.032721996
0.033116817
0.031865358
0.030852556
0.030521154
0.030591965
0.030454636
0.030627966
0.009289026
0.030288935
0.033157825
0.033379078
0.032900095
0.032865286
0.032878876
0.032728672
0.030572414
0.030628443
0.009422302
0.031672001
0.034259081
0.034418821
0.032882929
0.030497551
0.030633450
0.030459404
0.030627966
0.030669212
0.009391069
0.030749083
0.030155182
0.030898571
0.030797005
0.030641556
0.030648708
0.030628443
0.030822515
0.032234669
0.009912968
0.030558825
0.032666445
0.033142567
0.032869816
0.031483412
0.030471802
0.030420780
0.030637741
0.030638933
0.009366751
0.030143976
0.032506704
0.031049252
0.030651093
0.030591488
0.030470133
0.030644178
0.030647755
0.030950546
0.009864330
0.030257940
0.030847788
0.030837297
0.030667543
0.030671358
0.030782938
0.032512426
0.032865524
0.032840967
0.010022879
0.031207085
0.032977343
0.031491041
0.030670404
0.030632257
0.030705690
0.030538082
0.030522346
0.030517817
0.009308815
0.030063391
0.030684948
0.030949116
0.030944109
0.030694485
0.030704021
0.032539606
0.032686472
0.032772779
0.010018587
0.030133486
0.032218933
0.033227444
0.032855034
0.032864094
0.032830477
0.032632589
0.032631636
0.032612801
0.009586096
0.029922962
0.030504942
0.030947208
0.031077147
0.030519962
0.030642509
0.031893492
0.032873869
0.032907486
0.010075569
0.030203581
0.033389091
0.033583641
0.031281710
0.030557156
0.030528545
0.030647755
0.030637980
0.030630827
0.009472609
0.030084610
0.030495167
0.030732632
0.030693054
0.030647039
0.030592918
0.030597210
0.031995773
0.032592058
0.009988785
0.031202078
0.034419298
0.034393072
0.034353256
0.031287670
0.030470371
0.030445814
0.030628920
0.030647039
0.009313583
0.030084848
0.030560970
0.030757904
0.030629635
0.030569315
0.030674696
0.030631065
0.031063318
0.032511950
0.009979486
0.030553102
0.032193899
0.033252239
0.032887936
0.032793760
0.030598640
0.030446291
0.030657768
0.030603170
0.009442329
0.030056953
0.032377720
0.034154415
0.034499884
0.034409523
0.034355879
0.034286737
0.034132957
0.030831814
0.009252310
0.030052423
0.030922413
0.030679941
0.030870914
0.030722618
0.031797171
0.032821178
0.032824993
0.032582521
0.009929657
0.030158758
0.032178164
0.034134388
0.034210920
0.034254551
0.034073353
0.034128189
0.034388065
0.031387091
0.009438276
0.030236721
0.030190229
0.030673504
0.030709028
0.030663252
0.030775547
0.032880545
0.033240318
0.032853842
0.009963274
0.031444073
0.034375906
0.034443140
0.032172203
0.030768871
0.030619144
0.030664682
0.030689001
0.030642509
0.009557724
0.030337811
0.030454159
0.030616522
0.030558109
0.030659914
0.030895472
0.030670404
0.031713486
0.032814741
0.010056257
0.029941082
0.030367851
0.030972481
0.030990839
0.032938242
0.032918215
0.032845736
0.032884836
0.032750130
0.010056019
0.030146122
0.030046940
0.030864000
0.030691624
0.030665874
0.030567408
0.030655861
0.031960249
0.032361507
0.009923935
0.029875755
0.030143023
0.030905962
0.030976534
0.033362389
0.033608913
0.033568859
0.033151388
0.033081770
0.010132313
0.030444384
0.030575752
0.030827761
0.030477047
0.030663013
0.030687571
0.030648470
0.031994581
0.032848835
0.010354280
0.030340910
0.032466650
0.032684088
0.032728195
0.030983686
0.030685425
0.030734062
0.030621529
0.030740499
0.009414673
0.030333996
0.032443762
0.031197786
0.030606985
0.030617476
0.030702591
0.030641079
0.030673504
0.032690287
0.009987831
0.030225992
0.030941010
0.030717850
0.030680418
0.031944990
0.032612085
0.032613277
0.032644033
0.032534361
0.010248899
0.030133009
0.033383846
0.034386873
0.034420490
0.034186363
0.034143925
0.034353495
0.030713081
0.030504227
0.009319305
0.031221390
0.034248829
0.034370661
0.033281803
0.030544758
0.030587196
0.030491829
0.030650377
0.030681133
0.009424448
0.030237198
0.030717134
0.030729294
0.030661583
0.030667305
0.030553579
0.030541897
0.031360626
0.032588959
0.009944439
0.029833555
0.029942274
0.030859709
0.030744553
0.033179998
0.033417940
0.033370018
0.033176661
0.033301830
0.010433197
0.030900955
0.030824900
0.030630827
0.030715227
0.030922174
0.030552864
0.030668736
0.031858683
0.032874346
0.010169268
0.031190395
0.034278154
0.034425974
0.032537699
0.030530453
0.030534506
0.030647039
0.030687332
0.030641794
0.009624004
0.030283451
0.030663252
0.030700207
0.030813217
0.030752182
0.030545712
0.030699015
0.032864094
0.032882452
0.010143042
0.030617952
0.032271862
0.033327103
0.031008482
0.030635357
0.030765533
0.030633688
0.030895233
0.030812979
0.009803772
0.030102253
0.030734539
0.030668497
0.030719519
0.030706167
0.030674934
0.030588150
0.031848669
0.032877922
0.010321140
0.031486273
0.034240007
0.034598827
0.030886889
0.030595303
0.030814171
0.030774355
0.030653715
0.030752182
0.009604931
0.030254841
0.030823469
0.030705452
0.030677795
0.030831814
0.030893087
0.030604839
0.031811953
0.032882452
0.010503292
0.029878855
0.030868530
0.030892849
0.031620979
0.032963753
0.033091784
0.032776833
0.032599211
0.032636642
0.010285616
0.029984951
0.030394793
0.031142950
0.030933380
0.030890703
0.030697823
0.031646252
0.032804012
0.032523394
0.010333538
0.030151844
0.030799150
0.031116486
0.033026218
0.033107519
0.032789469
0.032737732
0.032775879
0.032611132
0.009540796
0.030036449
0.030606508
0.030691385
0.030701637
0.030530691
0.031138659
0.032296896
0.032320499
0.032369614
0.010196209
0.030779123
0.032323122
0.033911467
0.034738541
0.034581661
0.034440517
0.034357786
0.034279823
0.031534672
0.009518147
0.030568361
0.030660868
0.031025887
0.030670404
0.030854940
0.032124996
0.033225775
0.033070564
0.032989264
0.010410547
0.030492306
0.032295465
0.031030655
0.030735016
0.030670643
0.030725718
0.030537844
0.030747414
0.032140017
0.010373116
0.031380653
0.034190416
0.034446478
0.034493685
0.033689022
0.030977964
0.030570269
0.030434608
0.030606031
0.009353638
0.030506849
0.032516718
0.031148672
0.030934811
0.030865431
0.030742884
0.030715704
0.030793667
0.032871008
0.010482073
0.030393839
0.030053616
0.030886650
0.030952215
0.033109426
0.033381939
0.033354998
0.033226490
0.033085346
0.010134697
0.030135632
0.030473709
0.030611277
0.030585766
0.030757189
0.030514002
0.030975342
0.031946898
0.031951666
0.009779215
0.031490326
0.034378290
0.034564495
0.033252478
0.030574322
0.030509472
0.030418873
0.030621052
0.030628681
0.009299755
0.030287743
0.030140400
0.030916691
0.030861855
0.030849934
0.030715466
0.030591726
0.032547951
0.032757282
0.010033846
0.030359983
0.031896591
0.032990932
0.032761335
0.033958912
0.034431458
0.034427404
0.034302235
0.034162521
0.010478258
0.030576229
0.030108929
0.030902624
0.030946493
0.030821562
0.030647993
0.030761003
0.032405853
0.033087254
0.010395288
0.030875921
0.032924891
0.033219576
0.032704353
0.030846596
0.030754566
0.030616283
0.030676842
0.030701637
0.009710789
0.030338764
0.033273935
0.034468412
0.034948349
0.034460068
0.034363031
0.034362793
0.033117533
0.030605793
0.009665012
0.030345440
0.034571648
0.034734488
0.034440279
0.030773878
0.030811787
0.030791998
0.030881643
0.030878305
0.009660721
0.030007839
0.030519009
0.030728102
0.030699492
0.030719280
0.030567884
0.030569553
0.031472921
0.032774925
0.009911060
0.030100822
0.030532360
0.030924320
0.031044483
0.032420158
0.032781124
0.032581568
0.032415390
0.032739162
0.010293007
0.030392408
0.030635118
0.031014681
0.030930042
0.030871868
0.030547619
0.031119347
0.032115936
0.032143116
0.009907246
0.030365467
0.032950640
0.033082485
0.031949997
0.030821800
0.030538797
0.030830622
0.030638933
0.030817986
0.009532213
0.030020237
0.030677795
0.030598640
0.030679464
0.030663967
0.030814886
0.031013012
0.033119202
0.033469915
0.010412693
0.030947924
0.032583237
0.033165693
0.032865524
0.030678272
0.030627012
0.030429125
0.030622959
0.030575991
0.009293318
0.031157970
0.030482531
0.030662537
0.030671120
0.030706167
0.030583858
0.030578136
0.031403780
0.032616615
0.010266542
0.030653238
0.029998541
0.030920267
0.030570745
0.032680750
0.032912731
0.032984495
0.032902956
0.032674313
0.010002851
0.031172514
0.030744553
0.030715466
0.030920267
0.030719995
0.030492544
0.030642271
0.031879187
0.033010483
0.010108948
0.030836344
0.031934023
0.033187389
0.032719612
0.031193495
0.030778885
0.030645132
0.030950069
0.030823946
0.009698153
0.032742977
0.031878710
0.030893564
0.030787945
0.030710697
0.030806303
0.030752182
0.031047106
0.032430649
0.010311365
0.030318499
0.034183741
0.034451962
0.034464359
0.030782223
0.030529261
0.030569315
0.030716896
0.030750751
0.009339571
0.030172348
0.030752897
0.030696630
0.030938864
0.030764341
0.030967712
0.030889511
0.032903910
0.033023834
0.010505915
0.030557394
0.032256126
0.033303022
0.032204390
0.030701876
0.030660152
0.030698776
0.031079769
0.030827999
0.009628534
0.030143738
0.029954433
0.030983210
0.030569315
0.030746222
0.030493498
0.030666351
0.032075644
0.032637358
0.010010481
0.031857014
0.034579515
0.034733295
0.033789396
0.030664444
0.030604124
0.030425549
0.030618906
0.030630827
0.009696960
0.030323744
0.030241728
0.030892134
0.030698299
0.030900955
0.030618191
0.030678272
0.032240629
0.032664061
0.010087490
0.030174494
0.030589819
0.030665159
0.030916452
0.032296896
0.032183647
0.032095432
0.032054186
0.032140732
0.009789228
0.030448198
0.030819416
0.030619860
0.030549765
0.030652523
0.030684948
0.030658007
0.031453133
0.032634258
0.009971380
0.030328274
0.031739473
0.033174992
0.032884121
0.031395912
0.030445576
0.030420065
0.030656338
0.030700445
0.009334803
0.030476093
0.032390594
0.030990362
0.030822039
0.030460596
0.030893326
0.030640602
0.030574322
0.031803131
0.009882927
0.030133247
0.030345917
0.030913830
0.030807257
0.031259060
0.032362461
0.032296658
0.032311201
0.032170057
0.009977818
0.029875755
0.030872345
0.030810356
0.030838728
0.030951977
0.030888081
0.030631781
0.030626774
0.031923056
0.010280848
0.030060768
0.030648232
0.030691385
0.030783176
0.032174587
0.033005953
0.032826185
0.032629251
0.032649040
0.009972572
0.030287266
0.032049417
0.031221151
0.030816555
0.030753374
0.030662537
0.030669212
0.030643940
0.031941175
0.010384321
0.030089855
0.032426596
0.033690691
0.033112049
0.032703161
0.030725479
0.030765772
0.030773640
0.030669928
0.009665489
0.031199694
0.032232285
0.032097816
0.031728029
0.031338453
0.031282187
0.031309843
0.031117916
0.032975912
0.010748863
0.030209541
0.033212900
0.033420801
0.032962322
0.033007860
0.031051874
0.030668974
0.030948877
0.030902624
0.009692192
0.030326128
0.032386541
0.031007767
0.030719042
0.030737638
0.030716896
0.030767441
0.030678749
0.030907631
0.014896393
0.031337023
0.030730486
0.030664206
0.030610561
0.030496359
0.032403231
0.032422543
0.032382250
0.032282591
0.009981871
0.030386448
0.033203840
0.031185150
0.030691624
0.030911207
0.030687332
0.030920267
0.030741215
0.031050682
0.009927511
0.030020714
0.030660152
0.030751467
0.030772209
0.030639410
0.032580137
0.032790899
0.032788277
0.032721519
0.010315418
0.031283140
0.033426285
0.031108856
0.030822039
0.030502081
0.030724287
0.030543089
0.030521631
0.031622648
0.010255098
0.030360460
0.034267187
0.034676552
0.034478664
0.034134865
0.030810118
0.030634165
0.030918121
0.030684233
0.009709597
0.030743837
0.032122374
0.032275200
0.032284737
0.032051086
0.031920671
0.031929016
0.032089949
0.034391642
0.010934114
0.030392170
0.032473564
0.032835484
0.032921076
0.032741785
0.030723810
0.030449629
0.030743837
0.030470848
0.009319544
0.030035734
0.032056570
0.033416748
0.033750057
0.033833742
0.033689260
0.033775806
0.033959389
0.031355619
0.009620905
0.029925108
0.030629873
0.030710697
0.030709505
0.030700445
0.031222105
0.032502651
0.032524824
0.032478094
0.010169744
0.031101942
0.032519341
0.034237146
0.034421206
0.034635782
0.034515381
0.034464836
0.034376621
0.031155348
0.009511232
0.030070782
0.030767202
0.030775309
0.030621290
0.030678988
0.032689810
0.032776356
0.032584906
0.032514334
0.010230064
0.030032635
0.032307863
0.031074047
0.030663967
0.030662060
0.030672312
0.030564547
0.030544996
0.032493114
0.010001183
0.030564308
0.033148766
0.033308983
0.033471823
0.032722712
0.030671597
0.030416012
0.030633211
0.030718803
0.009341955
0.030745029
0.032479763
0.033492327
0.033491373
0.033304691
0.033353329
0.033074617
0.033300161
0.030775785
0.009574175
0.030044794
0.034043550
0.034618139
0.034409761
0.032759190
0.030494928
0.030522585
0.030654430
0.030868292
0.009380817
0.032950878
0.030148745
0.031000137
0.030709505
0.030677795
0.030655146
0.030889988
0.032494068
0.032814980
0.010283470
0.030774117
0.033553123
0.033476591
0.032956362
0.030793190
0.030687332
0.030794621
0.030743361
0.030612946
0.009646654
0.031160831
0.030706406
0.030913353
0.030673981
0.031072140
0.030683041
0.030582905
0.031901360
0.033389330
0.010368347
0.030623198
0.034415245
0.034557581
0.034573555
0.030784845
0.030680180
0.030771255
0.030710697
0.030811310
0.009592056
0.030273676
0.030273438
0.030780077
0.030664921
0.030674934
0.030559063
0.030438185
0.031598806
0.032381058
0.009869337
0.030441046
0.030621290
0.031062126
0.030903101
0.032815218
0.032882452
0.032962799
0.033105612
0.032991409
0.010090351
0.031929731
0.030391693
0.030689478
0.030833483
0.030624866
0.030565739
0.030658245
0.030673504
0.032135725
0.010034084
0.030248404
0.030265808
0.031134129
0.030818462
0.030837536
0.030847549
0.032973289
0.033054113
0.032956362
0.010463476
0.030087709
0.032152653
0.031001329
0.030990124
0.030774593
0.030716896
0.030622959
0.030766249
0.031014204
0.010170221
0.030962706
0.032350540
0.032667160
0.032653332
0.032623768
0.032031775
0.030464888
0.030676126
0.030662298
0.009521723
0.030505180
0.032721996
0.032685518
0.030774593
0.030671597
0.030441761
0.030718327
0.030642986
0.030660868
0.009340525
0.030052185
0.029950380
0.030993462
0.030475378
0.030447483
0.030659914
0.030971766
0.032326937
0.032362223
0.009863853
0.030144691
0.033517599
0.033627033
0.031855106
0.030601740
0.030684948
0.030824900
0.030623674
0.030623913
0.009586334
0.030296326
0.030767202
0.030727863
0.030843496
0.030616522
0.030841589
0.031089306
0.032984257
0.033020496
0.010442495
0.030186176
0.030616999
0.030755281
0.031483889
0.032786608
0.033036232
0.032932758
0.032842636
0.032583952
0.010238171
0.030064821
0.030542374
0.031062126
0.031263351
0.030705452
0.030709982
0.030578136
0.032603264
0.032535553
0.010173082
0.030250549
0.030571938
0.030810595
0.032130480
0.033566475
0.033218384
0.033060789
0.033166885
0.033056736
0.010544538
0.030404329
0.030565977
0.030881882
0.030778170
0.030684233
0.030782223
0.030916452
0.032676458
0.032757044
0.010117054
0.030168056
0.032612324
0.033151388
0.032236338
0.030738592
0.030656338
0.030843735
0.030813932
0.030809402
0.009513140
0.029909849
0.030780792
0.030637741
0.030649424
0.030669451
0.030576944
0.030563593
0.032711029
0.032863379
0.010283947
0.030912399
0.032450676
0.032793045
0.032828808
0.032791853
0.032663822
0.032763958
0.032695293
0.032648087
0.010214567
0.030625582
0.030745268
0.030665636
0.030704498
0.030892134
0.030493021
0.030660391
0.031838417
0.032987356
0.010026693
0.030365705
0.032975197
0.033231497
0.032642126
0.032663822
0.032383680
0.032638073
0.032630920
0.032622337
0.010259867
0.031115055
0.030687332
0.030448675
0.030628443
0.030446291
0.030632734
0.030660629
0.031113863
0.032541513
0.009994507
0.030210018
0.033160925
0.033745766
0.033434629
0.032022953
0.030837297
0.030532122
0.030638218
0.030723572
0.009395599
0.030281782
0.033308029
0.031171799
0.030714512
0.030952930
0.030651093
0.030632973
0.030657053
0.031036377
0.009855270
0.030310631
0.029997349
0.030896664
0.030748367
0.030629635
0.030736446
0.032985687
0.033149719
0.032888174
0.010377645
0.030486822
0.032672405
0.032727957
0.030903816
0.030741930
0.030686378
0.030871391
0.030721903
0.030747890
0.009426594
0.030066729
0.030720949
0.030703545
0.030700922
0.030775785
0.030634403
0.032655001
0.032627344
0.032637596
0.009982824
0.030853510
0.032896996
0.033366919
0.031130791
0.030480862
0.030521631
0.030624628
0.030626535
0.030627251
0.009728432
0.030206680
0.030558586
0.030729771
0.030571222
0.030726433
0.030835152
0.031041384
0.032745600
0.032627106
0.010122061
0.030340910
0.032572985
0.033486605
0.033023357
0.030989885
0.030633211
0.030630827
0.030727148
0.030878067
0.009681702
0.030402184
0.030929565
0.030788183
0.030959129
0.030719757
0.030642509
0.030626059
0.031457663
0.032451153
0.010242462
0.030041695
0.030900955
0.031135321
0.032310009
0.033866644
0.033541679
0.033544779
0.033538580
0.033311129
0.010570049
0.030309916
0.030287266
0.030736208
0.030702353
0.031255007
0.030762911
0.032922983
0.033115149
0.033072233
0.010259151
0.030553818
0.032301426
0.033491135
0.030907393
0.030547142
0.030735016
0.030697107
0.030677319
0.030620575
0.009339333
0.030459642
0.030796051
0.030851364
0.030919313
0.030879736
0.030504465
0.030937433
0.032319307
0.032299519
0.010117292
0.030424595
0.032551289
0.033370972
0.033432007
0.034502745
0.034677744
0.034318447
0.034197092
0.034381390
0.010541201
0.030259848
0.030163527
0.030967951
0.030886173
0.030843496
0.030825377
0.030834198
0.032174349
0.032773733
0.010288715
0.031438351
0.034162521
0.034424067
0.033038855
0.030482054
0.030618668
0.030658722
0.030636549
0.030713081
0.009304762
0.030513287
0.030162334
0.030909777
0.030644417
0.030814886
0.030668497
0.030920029
0.032357216
0.032807112
0.010394096
0.030834436
0.033181190
0.033463240
0.032893181
0.030704260
0.030812979
0.030833721
0.030839443
0.030673742
0.009635210
0.030604601
0.030108690
0.030662298
0.030679941
0.030640602
0.030537605
0.030467749
0.031593800
0.032647371
0.010201216
0.031118870
0.030201912
0.031093359
0.031011581
0.033494234
0.033722639
0.033325911
0.033237934
0.033219814
0.010262966
0.030673981
0.030789375
0.031036854
0.031047583
0.030798674
0.030781984
0.031069994
0.032232761
0.032405853
0.010200977
0.032152176
0.034568787
0.034043789
0.030865431
0.030756474
0.030519247
0.030666113
0.031486988
0.030868292
0.009628773
0.029974222
0.030685902
0.030775309
0.030820131
0.030707359
0.030874968
0.030854940
0.032989979
0.032917500
0.010209560
0.030491114
0.034196854
0.034491301
0.032468557
0.030701637
0.030547619
0.030649185
0.030634642
0.030639887
0.009385824
0.030364275
0.030598879
0.030911684
0.030840397
0.030648708
0.030824184
0.030638218
0.031167746
0.032338142
0.010493517
0.030072212
0.032744646
0.032973289
0.032857418
0.032254696
0.030535936
0.030465126
0.030556202
0.030470848
0.009380817
0.030873537
0.034642696
0.034506083
0.034406424
0.034226656
0.034235954
0.034209967
0.031454563
0.030491590
0.009766340
0.030294657
0.030206680
0.031101942
0.030744553
0.031630993
0.033066273
0.032848835
0.032854319
0.032796860
0.010352612
0.030189037
0.030485153
0.030718565
0.030794621
0.030493021
0.030769110
0.030679703
0.032825232
0.032938004
0.010252714
0.030235529
0.032210827
0.032231808
0.031925201
0.030840635
0.030579805
0.030710697
0.030700445
0.030619860
0.009317875
0.030163288
0.033428669
0.034556627
0.034450531
0.034205198
0.034251690
0.034167051
0.030848265
0.030512333
0.009370565
0.031436920
0.030518055
0.030777693
0.030623913
0.032114267
0.033051014
0.032885313
0.032888651
0.032894135
0.009977341
0.031950235
0.031308889
0.030682564
0.030678988
0.030658245
0.030754089
0.030558109
0.030774355
0.032226324
0.009875774
0.030408859
0.030035496
0.030663013
0.030700922
0.030725241
0.031872511
0.032997608
0.032972097
0.032869577
0.010039568
0.031472445
0.031720400
0.033348799
0.033536673
0.033561707
0.033495426
0.033968925
0.033674479
0.031984329
0.009808064
0.029904366
0.030029535
0.031004667
0.030802011
0.030972004
0.032520294
0.033478260
0.032972813
0.032890081
0.010453463
0.030705214
0.032452822
0.031028271
0.030763149
0.030749559
0.030665159
0.030825853
0.030618906
0.030587912
0.009679317
0.030410767
0.030479670
0.031008720
0.030577183
0.030882597
0.030593395
0.032604933
0.032763004
0.032881498
0.010280132
0.030608892
0.032391310
0.032255173
0.030887365
0.030580759
0.030753613
0.030660868
0.030919075
0.030614138
0.010224819
0.030597210
0.032082558
0.033028126
0.033028841
0.032851934
0.032007694
0.030619383
0.030864239
0.030693293
0.009782791
0.030250311
0.033257961
0.033068657
0.030794621
0.030699015
0.030725479
0.030674696
0.030611038
0.030464649
0.009734154
0.030106306
0.030820608
0.030923128
0.030902147
0.030864716
0.030749083
0.032129526
0.032850742
0.032858849
0.010209322
0.030899525
0.032549381
0.033315182
0.031064987
0.030682564
0.031019211
0.030616283
0.030765772
0.030744314
0.009536266
0.030167818
0.031069756
0.030972958
0.030663013
0.030629396
0.031446934
0.032284260
0.032382011
0.032299519
0.010050774
0.032404184
0.034351587
0.032735109
0.030937195
0.030937195
0.030856133
0.030677319
0.030858994
0.030628443
0.010239601
0.030243158
0.030557871
0.030772209
0.030828238
0.030555010
0.030702353
0.032016754
0.033046722
0.033025265
0.010366678
0.030604839
0.032406569
0.033204317
0.031069994
0.030510664
0.030544758
0.030619383
0.030638218
0.030644894
0.009577036
0.029963732
0.030883312
0.030730724
0.030845642
0.030638695
0.031160831
0.032279253
0.033060312
0.032966375
0.010203362
0.030365944
0.032221317
0.032908440
0.034369946
0.034764767
0.034473419
0.034229755
0.034196138
0.033526421
0.009484529
0.030015945
0.030494690
0.030748606
0.030867338
0.030504704
0.030666590
0.031970501
0.032847404
0.032871008
0.010077953
0.030492067
0.032548904
0.032749653
0.031286001
0.030687809
0.030861139
0.030908346
0.030673027
0.030785561
0.009804010
0.030145168
0.030630589
0.030954123
0.030954838
0.030860662
0.030812025
0.031056643
0.032010317
0.032149553
0.009912252
0.030962229
0.032546759
0.033227444
0.032743216
0.030853033
0.030706882
0.030641556
0.030645132
0.030628443
0.009383678
0.030617714
0.031757832
0.032010555
0.032064915
0.031922102
0.031831741
0.031852245
0.032750845
0.034435749
0.010918140
0.030568600
0.032685518
0.032912254
0.032975197
0.031595230
0.030668736
0.030533314
0.030700207
0.030681610
0.009665728
0.031072378
0.031999350
0.031931400
0.031516552
0.031556606
0.031713009
0.031522512
0.031390190
0.033271313
0.010476828
0.030062437
0.030296087
0.031041622
0.030796051
0.030729294
0.030501842
0.032510042
0.032643318
0.032593727
0.009897232
0.030375719
0.030720234
0.030819893
0.032809496
0.032961607
0.032905579
0.032844782
0.032704115
0.032775402
0.010293722
0.033031940
0.030682325
0.030746698
0.030662775
0.030606031
0.031099319
0.032093525
0.032196999
0.032105446
0.010171413
0.030140638
0.032946587
0.034225225
0.034596682
0.034603596
0.034387589
0.034262896
0.034329176
0.033194542
0.009622335
0.030246973
0.030758381
0.030915260
0.030868292
0.030985355
0.032534122
0.032537222
0.032490492
0.032524824
0.010072470
0.030593395
0.031982422
0.032603025
0.032379150
0.032253027
0.032332659
0.032163858
0.032185555
0.030839682
0.009636164
0.030283451
0.033492804
0.033772469
0.033192635
0.031862259
0.030673742
0.030797243
0.030661106
0.030635834
0.009515047
0.031451464
0.033405066
0.031044960
0.030820608
0.030670404
0.030735016
0.030596972
0.030786037
0.032013416
0.010575533
0.030327320
0.033123016
0.033392668
0.033428431
0.032554865
0.030479670
0.030637264
0.030475378
0.030617714
0.009735107
0.030185223
0.032483816
0.031159639
0.030810356
0.031147957
0.031029224
0.030693531
0.030811548
0.032922745
0.010472298
0.030441046
0.032250166
0.033329964
0.033169031
0.031393051
0.030628204
0.030580997
0.030640125
0.030472279
0.009704113
0.030281782
0.031709909
0.031040668
0.030746222
0.030629635
0.030857325
0.030638695
0.030814409
0.032159567
0.010528088
0.030422688
0.032988310
0.033329964
0.033218622
0.033046484
0.030689716
0.030718088
0.030837297
0.030627012
0.009732246
0.030187845
0.031611681
0.031088591
0.030935287
0.030673981
0.031012297
0.030676365
0.030630827
0.031870604
0.010166883
0.030237436
0.030212402
0.030797243
0.030691862
0.032819748
0.032789469
0.032881021
0.032836676
0.032674551
0.010267258
0.030230999
0.030325174
0.030905247
0.030815363
0.030638695
0.030789852
0.030812263
0.032253981
0.032791138
0.010319471
0.030618429
0.032932281
0.033268929
0.032729864
0.030812979
0.031048059
0.030825377
0.030666828
0.030453920
0.009705782
0.030009508
0.030550957
0.030655146
0.030669689
0.030638695
0.030696154
0.032176495
0.032624245
0.032637835
0.010279417
0.030665159
0.031546116
0.032657862
0.034329414
0.034438610
0.034501076
0.034160852
0.034198761
0.034193516
0.009599447
0.031125069
0.030683994
0.030704975
0.030641556
0.030692101
0.030672550
0.031971455
0.032711744
0.033030272
0.010076046
0.030463934
0.032306433
0.033483028
0.032335281
0.030825138
0.030710220
0.030964851
0.030556440
0.030657053
0.009384632
0.030364990
0.034147024
0.034464598
0.034393787
0.034329653
0.034206867
0.033340693
0.030474424
0.030625820
0.009341002
0.030585527
0.034470558
0.034419537
0.033795834
0.030754805
0.030791044
0.030498743
0.030685186
0.030671597
0.009639025
0.030615330
0.031744003
0.031777859
0.031512737
0.031550646
0.031466961
0.031272411
0.031289577
0.032885313
0.010587692
0.030103445
0.030229568
0.030673504
0.030664682
0.030657530
0.031851768
0.032780170
0.032701015
0.032610178
0.009931326
0.030141592
0.032722235
0.031324625
0.030841589
0.030520201
0.030689955
0.030630827
0.030663967
0.030603170
0.009384394
0.029980659
0.030804396
0.030694485
0.030681372
0.030691147
0.030594349
0.030835629
0.032780647
0.033027887
0.010208607
0.029979706
0.030676365
0.030911922
0.031782627
0.033328533
0.033101797
0.032841921
0.033007383
0.032887220
0.010040283
0.030596495
0.030376434
0.030620575
0.030624390
0.030476332
0.030829906
0.030464649
0.032407999
0.032587290
0.009955168
0.030309200
0.032467842
0.033494711
0.033150196
0.031107664
0.030543089
0.030643702
0.030642509
0.030672550
0.009333134
0.030328989
0.032417774
0.031335592
0.030717373
0.030694723
0.030676842
0.030547142
0.030548811
0.032527447
0.010312557
0.030120134
0.030629158
0.030652285
0.030469894
0.030667305
0.030669451
0.032710075
0.033009529
0.032873392
0.010107279
0.030058384
0.032888412
0.032862186
0.030606508
0.030843019
0.030771494
0.030689001
0.030672550
0.030557156
0.009341717
0.030473471
0.030318499
0.030896425
0.030719995
0.030616999
0.030778885
0.031351805
0.032259703
0.032316923
0.009900093
0.030258894
0.032295704
0.033621073
0.032377481
0.030725479
0.030487061
0.030495882
0.030673742
0.030712843
0.009411097
0.030058622
0.030590296
0.030660391
0.030637503
0.030618906
0.030712366
0.030681133
0.031224966
0.032499075
0.010010004
0.030242920
0.033025026
0.033377886
0.032999039
0.032383442
0.030539274
0.030578613
0.030689001
0.030855656
0.009400129
0.030340433
0.032119513
0.030993462
0.030878544
0.030817509
0.030627966
0.030764341
0.030604601
0.032704115
0.010279179
0.030372620
0.032676220
0.032873392
0.032886505
0.032123566
0.030505180
0.030642509
0.030643463
0.030697346
0.009330511
0.030567646
0.032793283
0.032915831
0.032623529
0.032660484
0.032708406
0.032478571
0.032620907
0.031031609
0.009642839
0.030038834
0.030086040
0.030704975
0.030654907
0.030557871
0.031768560
0.032139540
0.032125473
0.032149553
0.009853363
0.030291796
0.032445908
0.034082651
0.034553528
0.034405470
0.034252882
0.034137249
0.034220457
0.031445980
0.010176182
0.030293226
0.030200005
0.030935764
0.030947208
0.030800104
0.032606125
0.032917261
0.033055067
0.032856226
0.010318279
0.030547380
0.033367395
0.031152010
0.030720472
0.030747652
0.030626297
0.030765295
0.030829191
0.031475067
0.010150433
0.031928062
0.034527302
0.034425974
0.034348488
0.034354210
0.031243801
0.030569553
0.030471087
0.030672073
0.009662151
0.030681133
0.034450293
0.031381130
0.030651569
0.030900717
0.030505657
0.030734301
0.030446053
0.031128883
0.010016441
0.033271074
0.030519724
0.031082630
0.031101942
0.030897856
0.033326149
0.033257961
0.033018827
0.032986403
0.010502577
0.031880140
0.033111572
0.031057596
0.030789614
0.030973911
0.030715942
0.030837059
0.030749559
0.032710552
0.010311842
0.030408382
0.032176733
0.032620907
0.032505751
0.031519413
0.030932903
0.030668736
0.030600309
0.030446529
0.009279490
0.030378819
0.032172441
0.031578541
0.031023502
0.030543089
0.030641079
0.030437231
0.030658722
0.031866312
0.009987831
0.030704260
0.031920910
0.032789946
0.032788038
0.032727718
0.030676603
0.030585051
0.030728817
0.030616522
0.009616375
0.030563116
0.033202171
0.031114340
0.030703068
0.030735493
0.030479193
0.030632496
0.030560493
0.030935526
0.009994268
0.030398846
0.030539274
0.030758381
0.030513287
0.030785084
0.031805754
0.033142090
0.032858610
0.032828569
0.010040283
0.030382156
0.033190966
0.031105518
0.030719995
0.030600548
0.030533314
0.030620575
0.030435801
0.030887127
0.010027647
0.030104876
0.030178070
0.030657053
0.030609369
0.030751705
0.030855179
0.032856703
0.033111811
0.033144236
0.010141373
0.030104399
0.032815695
0.032880068
0.030575514
0.030649900
0.030934572
0.030730724
0.030674219
0.030555487
0.009537697
0.030133963
0.030318737
0.030653000
0.030713558
0.030787468
0.030958652
0.031021595
0.032269001
0.032528877
0.010118961
0.030518532
0.032265425
0.033247471
0.032124519
0.030707359
0.030696154
0.030638695
0.030591965
0.030574083
0.009577751
0.030510902
0.030204296
0.030713081
0.030762434
0.030756712
0.030588388
0.030495405
0.030589104
0.032367945
0.010021687
0.030254602
0.030319691
0.030897379
0.030806780
0.030661821
0.032585859
0.032610416
0.032647133
0.032696247
0.010032892
0.030333757
0.033218861
0.031147003
0.030570745
0.030694008
0.030502796
0.030660868
0.030635118
0.031290054
0.010217428
0.030430555
0.031757593
0.032431602
0.032168627
0.032275200
0.031761646
0.030437946
0.030699968
0.030727625
0.009350300
0.030015945
0.032942533
0.032709360
0.030799866
0.030661583
0.030459404
0.030778885
0.030678034
0.030666351
0.009873867
0.030291080
0.030700922
0.030736685
0.030844450
0.030732870
0.030967951
0.032057762
0.033210754
0.032989740
0.010273457
0.030464411
0.032995701
0.033037663
0.030770540
0.030858994
0.030951977
0.030867815
0.030618668
0.030753136
0.009708405
0.030405760
0.030223370
0.031048775
0.030957937
0.030794859
0.030633926
0.031578779
0.033046961
0.032847166
0.010090590
0.030246258
0.033306837
0.033565521
0.031256199
0.030570745
0.030497074
0.030692101
0.030638218
0.030681133
0.009388924
0.030006886
0.030773163
0.030608654
0.030852079
0.030695200
0.030529022
0.030653715
0.032849312
0.032882452
0.010028362
0.030312300
0.032561779
0.032960176
0.032922029
0.030937910
0.030764818
0.030634165
0.030657291
0.030785799
0.009391546
0.030708075
0.032994509
0.034515858
0.034341574
0.034154415
0.034348726
0.033860922
0.030821562
0.030448675
0.009414196
0.030653238
0.032187462
0.033025742
0.032461405
0.030577898
0.030931473
0.030463934
0.030647993
0.030622244
0.009441376
0.031416893
0.032312155
0.030785322
0.030495644
0.030691624
0.030844450
0.030667782
0.030535698
0.032415628
0.010156870
0.029974699
0.030284166
0.030753851
0.030474663
0.032422543
0.032796860
0.032630920
0.032388210
0.032315016
0.009866238
0.030848742
0.030653000
0.030855417
0.030639410
0.030752420
0.030697346
0.030665636
0.031006336
0.032460213
0.010094881
0.030019045
0.032819510
0.032961845
0.033029795
0.032411575
0.030588388
0.030657053
0.030647278
0.030759811
0.009587765
0.031159163
0.033013821
0.031286478
0.030667305
0.030731916
0.030688047
0.030590057
0.030699968
0.030774117
0.009897947
0.030196905
0.030319214
0.030956984
0.030915022
0.030847549
0.031122923
0.032487869
0.032673359
0.032632351
0.010323524
0.030208588
0.032376289
0.032042265
0.030656815
0.030747652
0.030622959
0.030653477
0.030565977
0.030506849
0.009264946
0.030047417
0.030795574
0.031017780
0.030922413
0.030651331
0.030498505
0.030867338
0.032086849
0.032157183
0.010042667
0.030134916
0.033181429
0.033600330
0.032936335
0.030866146
0.030642748
0.030543089
0.030689478
0.030556202
0.009342670
0.030578852
0.032375097
0.033110380
0.033115625
0.033264399
0.032944441
0.032876968
0.031746864
0.030478001
0.009280205
0.030506849
0.034333467
0.034446478
0.034522295
0.032773733
0.030518770
0.030565500
0.030647516
0.030633211
0.009343147
0.030209541
0.033154488
0.034075737
0.034170151
0.034160852
0.033952951
0.034085989
0.034232378
0.033025742
0.009412527
0.030111551
0.030620813
0.030705452
0.030738115
0.030650854
0.030767679
0.032388449
0.032661438
0.032604933
0.009987593
0.031096935
0.032680750
0.033076286
0.031003475
0.030667782
0.030478954
0.030656815
0.030655384
0.030674934
0.009317398
0.030310869
0.030281782
0.030857325
0.030716658
0.030665874
0.030605078
0.030548334
0.032175779
0.032632351
0.010015726
0.030283689
0.032592535
0.032830000
0.032772064
0.031723499
0.030535936
0.030651093
0.030678749
0.030759811
0.009423018
0.030343533
0.032046318
0.030982971
0.030660391
0.030658722
0.030700684
0.030708790
0.030578136
0.031958818
0.009993076
0.030401707
0.030416489
0.030721426
0.030570507
0.030837059
0.032123089
0.032157660
0.032179832
0.031911612
0.009786129
0.031272411
0.034456253
0.030887604
0.030454159
0.030547142
0.030679703
0.030627728
0.030638456
0.031565666
0.010321140
0.030297995
0.034157515
0.034419775
0.034421921
0.034221172
0.030953884
0.030647039
0.030650139
0.030452013
0.009443283
0.030396938
0.033048153
0.030897856
0.030547857
0.030804873
0.030451059
0.030609131
0.030625582
0.031174660
0.009940624
0.031090260
0.034463882
0.034569979
0.034329414
0.034153461
0.031768560
0.030494452
0.030454159
0.030642033
0.009343386
0.030477524
0.031584024
0.033083677
0.034311056
0.034119129
0.034108400
0.034055233
0.034048557
0.032071114
0.009285450
0.030657768
0.033488512
0.034301996
0.034169436
0.033888102
0.030569553
0.030477762
0.030614376
0.030650377
0.009326458
0.030267715
0.032354832
0.032237291
0.030605555
0.030459881
0.030664444
0.030636549
0.030635357
0.030673981
0.009945869
0.030263901
0.030502558
0.030935764
0.030637980
0.030504227
0.030686140
0.031906366
0.033109188
0.033062696
0.010174751
0.030424833
0.032408476
0.032849789
0.032149792
0.030564785
0.030540705
0.030766726
0.030649662
0.030891895
0.009758472
0.030343056
0.031067848
0.030720234
0.030712605
0.030602932
0.030619860
0.030697346
0.031315565
0.032795429
0.010108232
0.030240536
0.033089876
0.033536434
0.032977343
0.032190084
0.030635357
0.030481815
0.030639410
0.030639648
0.009373903
0.030748129
0.032560349
0.033394098
0.033378363
0.033424616
0.033267498
0.033325434
0.033493757
0.030808210
0.009269238
0.030023098
0.030453920
0.031051636
0.031549931
0.030795336
0.031133890
0.032166481
0.032164097
0.032062292
0.010095358
0.030518293
0.032335043
0.031917810
0.030494213
0.030662298
0.030710220
0.030654907
0.030850887
0.030556679
0.009773493
0.030409813
0.030662775
0.030450344
0.030638695
0.030642748
0.031041622
0.032491684
0.032842875
0.032580614
0.010186672
0.030562639
0.032028437
0.032868147
0.031122208
0.030647993
0.030627728
0.030641317
0.030852556
0.030661345
0.009384632
0.030149460
0.030675173
0.030686855
0.030660391
0.030739546
0.030832052
0.032686472
0.033039093
0.033046007
0.010472775
0.030429363
0.032361984
0.032310486
0.030778408
0.030541182
0.030673504
0.030681849
0.030714512
0.030643463
0.010316372
0.030105352
0.030763865
0.030694008
0.030736923
0.030652761
0.031553507
0.032840729
0.032919645
0.032717228
0.010078192
0.030026674
0.030709267
0.031362295
0.031755209
0.031965971
0.031540632
0.031650543
0.031716108
0.032742262
0.010848045
0.030307055
0.030848503
0.031066895
0.031245232
0.031328678
0.032282352
0.033487082
0.033523083
0.033312798
0.010604620
0.031120062
0.034345865
0.032660246
0.030686378
0.030741215
0.030680656
0.030459881
0.030834913
0.030563593
0.009717703
0.030267715
0.030848742
0.030746222
0.030667543
0.030659676
0.031084061
0.032336473
0.032347441
0.032363176
0.009931564
0.030755281
0.032502174
0.032187700
0.030532122
0.030618668
0.030721903
0.030774117
0.030826330
0.030695677
0.009635448
0.030222178
0.030606508
0.030782461
0.030733347
0.030675888
0.030651331
0.031827927
0.032998800
0.032846689
0.010090828
0.031442881
0.034173965
0.034302711
0.030583858
0.030494452
0.030818462
0.030663252
0.030752420
0.030671597
0.009446859
0.030169964
0.030601263
0.030746460
0.030976057
0.030623913
0.030758619
0.030773163
0.032786846
0.033035994
0.010238409
0.030742168
0.033508062
0.033307552
0.032803774
0.030597448
0.030527830
0.030643225
0.030635595
0.030649185
0.009433031
0.030531645
0.030133724
0.030665636
0.030611277
0.030693531
0.030554771
0.030604839
0.031672001
0.032676458
0.010075092
0.030001879
0.031854868
0.032271624
0.032243967
0.032272100
0.032031775
0.032173634
0.032138348
0.032062054
0.009750843
0.030818462
0.033359051
0.031130314
0.030736208
0.030718565
0.030685902
0.030819893
0.030651808
0.032620907
0.010089397
0.030450344
0.032776594
0.033273935
0.032931089
0.032903194
0.030634642
0.030426979
0.030654669
0.030678511
0.009358644
0.031353712
0.034690380
0.031218529
0.030549765
0.030880690
0.030773878
0.030650854
0.030663967
0.030912399
0.009930134
0.030209541
0.030141592
0.030958176
0.030538797
0.030965567
0.032227039
0.032224894
0.032342672
0.032089233
0.009891748
0.031278610
0.032169580
0.032775402
0.032635927
0.032476902
0.032387018
0.032318830
0.032271385
0.034471989
0.010660887
0.030361891
0.032847881
0.033083916
0.032932758
0.032933712
0.030876398
0.030450344
0.030684233
0.030577898
0.009401321
0.030840874
0.034634590
0.031019211
0.030658722
0.030538797
0.030487061
0.030554533
0.030662298
0.031386614
0.009967804
0.031709909
0.034521580
0.034419298
0.034468889
0.034204960
0.031372070
0.030505657
0.030641317
0.030780315
0.009334803
0.030552149
0.034416199
0.031268597
0.030653000
0.030632257
0.030438423
0.030734777
0.030463696
0.030849218
0.009719372
0.029972076
0.029986620
0.030929804
0.030868769
0.030662298
0.032045126
0.032624483
0.032665014
0.032650709
0.010016680
0.030081987
0.032634258
0.033247948
0.034406900
0.034401655
0.034491062
0.034215450
0.034148455
0.033001184
0.009782553
0.030091047
0.030122995
0.030839682
0.030718088
0.030795813
0.030694008
0.032860041
0.033218622
0.032937288
0.010245085
0.030239582
0.032461643
0.032179832
0.030639887
0.030777931
0.030506611
0.030628920
0.030641556
0.030673027
0.009685755
0.030835629
0.030722618
0.030833721
0.030806303
0.030504465
0.030755997
0.032049656
0.032864809
0.032907724
0.010235786
0.030261278
0.032488585
0.033544302
0.033571243
0.034487009
0.034501314
0.034327745
0.034177303
0.034328461
0.010666609
0.030383348
0.030619860
0.030725718
0.030639887
0.030675173
0.030868292
0.030887842
0.032495737
0.032582521
0.010057211
0.030624628
0.032469988
0.033374310
0.032835484
0.030612230
0.030729771
0.030512094
0.030775785
0.030992746
0.011318445
0.030241966
0.030186653
0.030878067
0.030700445
0.030675411
0.030592203
0.030550003
0.031902075
0.032361507
0.010179996
0.030052423
0.029977560
0.030875921
0.030766487
0.033297777
0.033443689
0.033365250
0.033145905
0.033180475
0.010261536
0.029999256
0.030248642
0.031002760
0.030678272
0.030725718
0.030746698
0.030794144
0.030921698
0.032942295
0.010145903
0.030126810
0.030733824
0.030653238
0.031050920
0.032412291
0.032515764
0.032374859
0.032269716
0.032167196
0.010100365
0.030329227
0.031928778
0.032841921
0.032911062
0.032768011
0.032877684
0.032750607
0.031558037
0.030442953
0.009308815
0.030845881
0.034196377
0.034453869
0.034589291
0.030653238
0.030638456
0.030481100
0.030602217
0.030636787
0.009293318
0.032055855
0.030450344
0.030680418
0.030610085
0.030483961
0.030689478
0.030625343
0.031120539
0.032573223
0.010337353
0.031829596
0.034275055
0.034423351
0.034402847
0.030875206
0.030478477
0.030817032
0.030630350
0.030653000
0.009266853
0.030632496
0.031973839
0.031994820
0.031530380
0.031496525
0.031585217
0.031319618
0.031521320
0.033154249
0.010448217
0.030294180
0.032091856
0.033251524
0.032927275
0.032879829
0.032798052
0.032624245
0.032633543
0.032568693
0.009924412
0.030564070
0.032283783
0.033941031
0.034429789
0.034390211
0.034278154
0.034156322
0.034190655
0.031857491
0.009536266
0.030018806
0.030637264
0.030597210
0.030527353
0.030691147
0.031434774
0.032662392
0.032598734
0.032623529
0.010277510
0.032038927
0.034541845
0.030998945
0.030560732
0.030565739
0.030650377
0.030663967
0.030643225
0.031462908
0.010154247
0.032554865
0.034590483
0.034548521
0.034476995
0.034348965
0.030954361
0.030613422
0.030759096
0.030747652
0.009848118
0.030572176
0.032928944
0.033976316
0.033866405
0.033868551
0.033789635
0.033569574
0.033512354
0.030709505
0.009652138
0.030902624
0.034592867
0.034642935
0.034501314
0.031991005
0.030611515
0.030538082
0.030747414
0.030737162
0.009681225
0.030247688
0.030541420
0.030944347
0.030925512
0.031034470
0.030748367
0.030763865
0.030809879
0.033119202
0.010187387
0.030649662
0.032161474
0.033451796
0.033164978
0.033004761
0.034395456
0.034432173
0.034397125
0.034107924
0.010475874
0.030632734
0.032906294
0.034358025
0.034015179
0.033560991
0.033704519
0.033744335
0.031095028
0.030497551
0.009307861
0.031316280
0.034092188
0.034412146
0.034431696
0.030597448
0.030469656
0.030671120
0.030641079
0.030708313
0.009317398
0.030616283
0.032253742
0.032672405
0.032635450
0.032455206
0.032479286
0.032366991
0.033306122
0.034390211
0.010539055
0.031578541
0.032041311
0.033110380
0.032920122
0.033820629
0.034409046
0.034366131
0.034188271
0.034115791
0.010443926
0.030273199
0.030500174
0.030690193
0.030680656
0.030602217
0.030484438
0.030825377
0.031959534
0.032911062
0.010068178
0.030642033
0.033342361
0.033390999
0.032931805
0.033545971
0.034373283
0.034474134
0.034463167
0.034160376
0.010496855
0.030672073
0.033099413
0.033040762
0.032824278
0.032608747
0.032650948
0.032548904
0.031740427
0.030443668
0.009233475
0.030960321
0.034259319
0.034444094
0.034407616
0.032911539
0.030692577
0.030626535
0.030678749
0.030678272
0.009327173
0.030402184
0.031668663
0.030894756
0.030800819
0.030697107
0.030629873
0.030982733
0.030774117
0.032212973
0.009985447
0.032536507
0.034429312
0.034363031
0.034379482
0.033888817
0.030566454
0.030604124
0.030691624
0.030610323
0.009241819
0.029970169
0.030873775
0.031069279
0.030711412
0.030894756
0.030463457
0.030890226
0.031811953
0.032953501
0.010096312
0.030069113
0.030019999
0.031044006
0.030738831
0.033300877
0.033604383
0.033340216
0.033089399
0.033162355
0.010361433
0.030437469
0.030608654
0.030656576
0.030837774
0.030673742
0.030586720
0.030543327
0.031745434
0.032802820
0.010299444
0.031516075
0.034322977
0.034396887
0.032942533
0.030468225
0.030526638
0.030482531
0.030660391
0.030801535
0.009399176
0.030287266
0.030154705
0.030852795
0.030675888
0.030730009
0.030746460
0.030767679
0.032207251
0.032607794
0.010067940
0.029915810
0.030692101
0.030702114
0.031338930
0.032896757
0.032967567
0.032768011
0.032615900
0.032659054
0.009976864
0.030401945
0.030615330
0.030688047
0.030803204
0.030793905
0.030672312
0.030895710
0.032479763
0.032734394
0.010257721
0.029976845
0.030787468
0.031082392
0.033500433
0.033781528
0.033359766
0.033216715
0.033310652
0.033042431
0.009767532
0.030022621
0.030367851
0.031226873
0.030793905
0.030835390
0.031014919
0.032549858
0.032732964
0.032762527
0.010136127
0.030289650
0.034451962
0.031251192
0.030681849
0.030659914
0.030513525
0.030640125
0.030629158
0.031061888
0.010114193
0.030016899
0.030380726
0.030880451
0.030837059
0.030666828
0.032563448
0.032638788
0.032841921
0.032826424
0.010102034
0.030690670
0.032876968
0.031021833
0.030509233
0.030633450
0.030492544
0.030600309
0.030608177
0.031146765
0.009806871
0.030169487
0.030489206
0.030879021
0.030797005
0.030538321
0.032951832
0.032914400
0.033118486
0.032600164
0.010063648
0.030575514
0.032463312
0.031173468
0.030704021
0.030792713
0.030984879
0.030748367
0.030686855
0.030767441
0.009981632
0.030206680
0.030927658
0.030871391
0.030951977
0.030977011
0.032805443
0.032846212
0.032913208
0.032736540
0.010344982
0.030550003
0.033968449
0.031999588
0.031355143
0.031080246
0.030919552
0.030854940
0.031039476
0.033359528
0.010362625
0.030028820
0.030218840
0.031128168
0.030647039
0.030851841
0.032366276
0.032879114
0.032582998
0.032217741
0.010054588
0.030504227
0.030664921
0.030679703
0.030718803
0.030945301
0.030841112
0.030736446
0.031288862
0.032683611
0.010296583
0.030451298
0.031044960
0.031180382
0.031025648
0.033148766
0.033295155
0.033272982
0.033257723
0.033250093
0.010370731
0.033337355
0.030523777
0.030904293
0.030906916
0.030846834
0.030614614
0.031098843
0.032189131
0.032000303
0.009998083
0.030957699
0.034608603
0.034536600
0.031213760
0.030661583
0.030769587
0.030659437
0.030655622
0.030686855
0.009296179
0.030313969
0.030218601
0.030900240
0.030869246
0.030801535
0.030663013
0.031819344
0.033049822
0.032853127
0.010131121
0.031753778
0.034433365
0.034367085
0.030792236
0.030488014
0.030702353
0.030664921
0.030675411
0.030579090
0.009348631
0.030640841
0.030694485
0.030692101
0.030622005
0.030475378
0.030610800
0.031659126
0.032996416
0.032868147
0.010201693
0.032351732
0.034063816
0.034285784
0.030622482
0.030514956
0.030655861
0.030776024
0.030719519
0.030553341
0.009680510
0.030376196
0.030229330
0.030915260
0.031039953
0.030781984
0.030900478
0.032442808
0.032753944
0.032756567
0.010162115
0.030531645
0.032992601
0.033409119
0.034448862
0.034446955
0.034363747
0.034172773
0.034165144
0.032741547
0.009382486
0.030692577
0.030264616
0.031000853
0.030627728
0.030677557
0.030741215
0.032801390
0.032883167
0.032950878
0.012592554
0.030525208
0.032262564
0.032637835
0.034417868
0.034557581
0.034422636
0.034164906
0.034164667
0.033702135
0.009418011
0.030124903
0.030486584
0.030621052
0.030455828
0.030683041
0.030521631
0.032414436
0.032626867
0.032664061
0.010263205
0.030277967
0.030470133
0.031240225
0.031707764
0.031581879
0.031520605
0.031592607
0.031413555
0.032000542
0.010354280
0.029924393
0.030779123
0.030859947
0.030928850
0.030457497
0.030981064
0.032046795
0.032147884
0.032153368
0.009829044
0.031226158
0.034274817
0.030876875
0.030513763
0.030676126
0.030696630
0.030649900
0.030570984
0.031754255
0.010241032
0.029892206
0.030727625
0.030689716
0.030674696
0.030641317
0.031343222
0.032728910
0.032697201
0.032597780
0.010172129
0.030626297
0.032108545
0.032030344
0.030692577
0.030610800
0.030637980
0.030667782
0.030618906
0.030577898
0.009977818
0.030595064
0.030104876
0.030904770
0.030701160
0.030818701
0.032190323
0.033347845
0.033258915
0.033017635
0.010226727
0.031346083
0.032445192
0.033250570
0.033299685
0.033236265
0.033007383
0.033037901
0.032956600
0.030689001
0.009510517
0.030109406
0.030457497
0.030939341
0.030888081
0.032107830
0.033573866
0.033348799
0.033381701
0.033296585
0.010104895
0.030956030
0.033566475
0.034413815
0.034424305
0.034249544
0.034193754
0.034305811
0.030641794
0.030508757
0.009348154
0.030954599
0.032461882
0.033179760
0.033267736
0.033815861
0.034410715
0.034464836
0.034250498
0.034145355
0.010465384
0.030304193
0.033452511
0.034504652
0.034649372
0.034203768
0.034182787
0.034152985
0.032949924
0.030680418
0.009242535
0.030899763
0.034548998
0.034515142
0.033622742
0.030637503
0.030661106
0.030658722
0.030721426
0.030682325
0.009323359
0.030017138
0.033555269
0.034659386
0.034583330
0.034302473
0.034239769
0.034219742
0.032670736
0.030470133
0.009280443
0.031286478
0.034742355
0.034609795
0.034608841
0.031064510
0.030489206
0.030441046
0.030660868
0.030631781
0.009349108
0.030521393
0.032391787
0.031320572
0.031114101
0.030809402
0.030489922
0.030654669
0.030658484
0.032698870
0.010406256
0.030048132
0.032590866
0.033284664
0.033232927
0.032453060
0.030664206
0.030756474
0.030459166
0.030657291
0.009442568
0.030482769
0.032450914
0.034041166
0.034456015
0.034603834
0.034265518
0.034157515
0.034158468
0.031404018
0.009335041
0.029936552
0.030781746
0.030701160
0.030688763
0.030678272
0.031218529
0.032270908
0.032345533
0.032346010
0.009879827
0.030363083
0.031925917
0.032660723
0.034329653
0.034451485
0.034560919
0.034252167
0.034195185
0.034178257
0.009387016
0.029915333
0.030740738
0.030888319
0.030939579
0.030743837
0.030849218
0.032517672
0.032845736
0.032866955
0.010039568
0.030455351
0.032455921
0.032924891
0.031275272
0.030670166
0.030703068
0.030701399
0.030804396
0.030547619
0.009330273
0.031524897
0.030089378
0.030638933
0.030629396
0.030685902
0.030665874
0.031336069
0.032760859
0.032638550
0.010023832
0.029872179
0.030569315
0.030966759
0.032688618
0.032834291
0.032776833
0.032492399
0.032635212
0.032626867
0.010535955
0.030112505
0.030265808
0.030681849
0.030923843
0.030806065
0.030676842
0.031245232
0.032589912
0.032844067
0.010028601
0.031181574
0.034329653
0.034407139
0.030886650
0.030528069
0.030662537
0.030657530
0.030670166
0.030655622
0.009493113
0.030736923
0.030732632
0.030504704
0.030642986
0.030663252
0.030702591
0.032106638
0.032664299
0.032658100
0.009984732
0.031077147
0.033856153
0.034465313
0.030719280
0.030471802
0.030540466
0.030493021
0.030662537
0.030646563
0.009665251
0.030340195
0.030138016
0.030893564
0.030724049
0.030690193
0.030649900
0.032839537
0.033055067
0.032952547
0.010413408
0.030313492
0.032281637
0.033550739
0.034403086
0.034411430
0.034470797
0.034367085
0.034212589
0.033853769
0.009451151
0.030075312
0.030648708
0.030901432
0.030891418
0.030680895
0.030568838
0.031783581
0.032354116
0.032311916
0.009836435
0.030673981
0.034080744
0.034084558
0.030812025
0.030700922
0.030687809
0.030619860
0.030452490
0.030613899
0.009607077
0.030168295
0.030508995
0.030904531
0.031081676
0.030573845
0.030661106
0.031794310
0.033231735
0.032864571
0.010096550
0.030630112
0.032451391
0.033156395
0.030797243
0.030666113
0.030648947
0.030449390
0.030869246
0.030606747
0.009372950
0.030385256
0.030653715
0.030753374
0.030801773
0.030640841
0.030656338
0.031821012
0.032602072
0.032638073
0.010099411
0.030919075
0.034084320
0.034210920
0.030564547
0.030620575
0.030679226
0.030635595
0.030744076
0.030568361
0.009328127
0.030315876
0.030397892
0.030933619
0.030920744
0.030918598
0.030695677
0.031742573
0.033120871
0.032849073
0.010077715
0.030233383
0.032913685
0.032930136
0.030827999
0.030628443
0.030459642
0.030637980
0.030690193
0.030640125
0.009406328
0.030091047
0.030215740
0.030863047
0.030494928
0.030663252
0.030662060
0.030627251
0.031939030
0.032955885
0.010038376
0.030083656
0.030658960
0.030775785
0.033010006
0.033421755
0.033628225
0.033115387
0.033126593
0.033092976
0.010071516
0.030159712
0.030396223
0.031143904
0.030640841
0.030696392
0.030650854
0.030561209
0.032604456
0.032609463
0.010006905
0.029902458
0.030061245
0.031121254
0.032338619
0.032880783
0.032977581
0.032875061
0.032800198
0.032850981
0.010141134
0.030040264
0.030437469
0.030616999
0.030673742
0.030682325
0.030578613
0.031970739
0.032598734
0.032602072
0.009999752
0.030597210
0.034432888
0.034612417
0.031519413
0.030662537
0.030670881
0.030667067
0.030579567
0.030574560
0.009264946
0.030094385
0.030678272
0.030966759
0.030893326
0.030659437
0.030591965
0.032014847
0.032478571
0.032341003
0.009899139
0.030492067
0.032590866
0.032920361
0.031126499
0.030514956
0.030868053
0.030658245
0.030656815
0.030581236
0.009324312
0.030262470
0.030550480
0.030733109
0.030714750
0.030586004
0.030652523
0.030844927
0.032740355
0.032854557
0.010051489
0.031475544
0.034090757
0.034411430
0.032394648
0.030505896
0.030468225
0.030681849
0.030682802
0.030715227
0.009385109
0.030324697
0.030641794
0.030696392
0.030651093
0.030751944
0.030860901
0.032006264
0.033094406
0.033137083
0.010279417
0.030344486
0.031507969
0.032381773
0.034423351
0.034397602
0.034429550
0.034164906
0.034190178
0.034138441
0.009547234
0.030023098
0.030827999
0.030726910
0.030730724
0.030619860
0.030813694
0.032119751
0.032620192
0.032648563
0.010108232
0.030865431
0.032028675
0.032874823
0.034438133
0.034423113
0.034439802
0.034097195
0.034202099
0.034097672
0.009381294
0.030143499
0.030460358
0.030641794
0.030623436
0.030629635
0.030475616
0.030855179
0.032052517
0.032123327
0.009762287
0.030207872
0.029971123
0.031006575
0.032354116
0.032856226
0.032858372
0.032840729
0.032722950
0.032841206
0.010035515
0.030897856
0.030243874
0.030987978
0.030688047
0.030683756
0.030722141
0.031534672
0.032772541
0.032668591
0.010001898
0.030653954
0.032095671
0.033258200
0.031075716
0.030524969
0.030624866
0.030452728
0.030742407
0.030616045
0.009328365
0.030443668
0.030516148
0.030487299
0.030719757
0.030667305
0.030641794
0.031765461
0.032912016
0.032848835
0.010031700
0.030108690
0.032572269
0.033856392
0.030840158
0.030513048
0.030552387
0.030658960
0.030680180
0.030863523
0.009324789
0.030053377
0.030000210
0.030925989
0.030719995
0.030741215
0.030644178
0.031532288
0.032971382
0.032881737
0.010015011
0.030187130
0.032639265
0.032919645
0.033634424
0.034545183
0.034641981
0.034493446
0.034175158
0.034182072
0.010498285
0.030206919
0.030661106
0.030735254
0.030699015
0.030660868
0.030589104
0.030749798
0.032473326
0.032584667
0.009968281
0.030758381
0.032765865
0.033019543
0.031215906
0.030681849
0.030675173
0.030650616
0.030585289
0.030716181
0.009339809
0.030595303
0.030619383
0.030758619
0.030673265
0.030677795
0.030632019
0.030789614
0.032546043
0.032551050
0.009930611
0.030556917
0.033071995
0.033523083
0.032756090
0.030797720
0.030804157
0.030655622
0.030638933
0.030591249
0.009321690
0.030282021
0.030330420
0.030977726
0.030889750
0.030763149
0.030671120
0.030617714
0.032489538
0.032633305
0.010067225
0.030028820
0.030785561
0.030892134
0.031713963
0.033145666
0.032924652
0.032936335
0.032690287
0.032625198
0.009994984
0.030148745
0.030547142
0.030677080
0.030877352
0.030563116
0.030582190
0.030661583
0.031563282
0.032889128
0.010062933
0.030464172
0.034090996
0.034466267
0.032399654
0.030486822
0.030509472
0.030692816
0.030507088
0.030642986
0.009467363
0.030844927
0.030060291
0.030793905
0.030702353
0.030965567
0.030826807
0.030523777
0.030833244
0.032778025
0.010164976
0.029988289
0.030131340
0.030884266
0.030687094
0.031578541
0.033077717
0.032656670
0.032637358
0.032612562
0.009939432
0.030762196
0.032332182
0.031268597
0.030661106
0.030679703
0.030653715
0.030539989
0.030532837
0.032489061
0.009962082
0.030009747
0.030088663
0.030689955
0.030667543
0.031402111
0.032851934
0.032696009
0.032731771
0.032520771
0.009926081
0.031329155
0.033077002
0.030751944
0.030662060
0.030661821
0.030854464
0.030587912
0.030673742
0.032030821
0.009993553
0.029876709
0.034034491
0.034453392
0.034473896
0.034347534
0.030863047
0.030463696
0.030648470
0.030620813
0.009332180
0.030552864
0.032731771
0.033796549
0.033630371
0.033679485
0.033640623
0.033376694
0.033586502
0.030700922
0.009307384
0.031090975
0.030430794
0.030658960
0.030684710
0.030676126
0.031397104
0.032761574
0.032648087
0.032800436
0.010020971
0.030516148
0.032107115
0.033585072
0.034487009
0.034565926
0.034368753
0.034123421
0.034146309
0.031781912
0.009288788
0.030342102
0.030499458
0.030890465
0.030914545
0.030539513
0.030646086
0.031861544
0.033037424
0.032865763
0.010408401
0.031622171
0.034295321
0.034410954
0.030862331
0.030547380
0.030638456
0.030416489
0.030779839
0.030651808
0.009324551
0.030064583
0.030034065
0.030929327
0.030748606
0.030770302
0.030779123
0.032867908
0.033050537
0.032848835
0.010016680
0.030441999
0.032776356
0.032232046
0.030847788
0.030660868
0.030647516
0.030616522
0.030649900
0.030804396
0.010010481
0.030780077
0.030140162
0.030875921
0.030717373
0.030654669
0.030775070
0.032862902
0.033245564
0.032860279
0.010311604
0.030206442
0.032398939
0.033742428
0.030940056
0.030606031
0.030549765
0.030609608
0.030650854
0.030652046
0.009311199
0.030106306
0.030523777
0.030839205
0.030618191
0.030805826
0.030587912
0.032583952
0.032758951
0.032819271
0.010061979
0.030411720
0.033387423
0.033520222
0.031292677
0.030452967
0.030482769
0.030519009
0.030678988
0.030813456
0.009358406
0.030234575
0.030605316
0.030849695
0.030817509
0.030621529
0.030767202
0.032029867
0.033110380
0.032927752
0.010394812
0.030190945
0.032637119
0.033147335
0.032074213
0.030657291
0.030586720
0.030470848
0.030732155
0.030805588
0.009396553
0.030498743
0.033522367
0.034459114
0.034730911
0.034371614
0.034181595
0.033878803
0.030616283
0.030516863
0.009472609
0.030646324
0.034153461
0.034427643
0.034461260
0.030937195
0.030561924
0.030726910
0.030693054
0.030641079
0.009361029
0.030970573
0.033725739
0.034542084
0.034603357
0.034257412
0.034296751
0.034410954
0.032063007
0.030736208
0.009637356
0.031567812
0.034262419
0.034241199
0.030756950
0.030782938
0.030745268
0.030630350
0.030612469
0.030798674
0.009530306
0.030508041
0.030931473
0.030761242
0.030938864
0.030634403
0.030899525
0.030828476
0.032942057
0.033138752
0.010308027
0.031280756
0.034900904
0.035013199
0.031024933
0.030689716
0.031055689
0.030670643
0.030823946
0.030640364
0.009830236
0.030113220
0.030577660
0.030715466
0.030756950
0.030623674
0.031111240
0.032214165
0.032310486
0.032276392
0.010032415
0.030147076
0.032559395
0.033585310
0.034510136
0.034466982
0.034481525
0.034139633
0.034162283
0.033659697
0.009416103
0.029949188
0.030537605
0.030992031
0.030903101
0.030538797
0.031092405
0.032106876
0.032186031
0.032364607
0.010004044
0.030522585
0.032397985
0.032876492
0.032849550
0.032751083
0.032670975
0.032663584
0.032735586
0.032589436
0.009320021
0.030029297
0.030640364
0.030646086
0.030699253
0.030642033
0.030565023
0.032100916
0.032608747
0.032578468
0.009911060
0.030623198
0.032599688
0.033818007
0.031075954
0.030564785
0.030555010
0.030636072
0.030627489
0.030649185
0.009444475
0.030346394
0.030196190
0.030909538
0.030877590
0.030754328
0.030846596
0.032424688
0.032608986
0.032712221
0.010018349
0.030483723
0.032730341
0.032534122
0.030706167
0.030674934
0.030684471
0.030623674
0.030522585
0.030541182
0.009578466
0.030262470
0.030395508
0.030629873
0.030528069
0.030656338
0.030648708
0.032656908
0.032855272
0.032895803
0.010007858
0.032436609
0.032643795
0.033356667
0.034577131
0.034437180
0.034397364
0.034116745
0.034167528
0.033182383
0.009295702
0.030521870
0.030849934
0.030696630
0.030687571
0.030591249
0.031140327
0.032599449
0.032622576
0.032621384
0.009952307
0.030820131
0.032654524
0.033074856
0.034587622
0.034400702
0.034350395
0.034126997
0.034095526
0.033253431
0.010802984
0.030416965
0.030472994
0.030687571
0.030637503
0.030660868
0.030597210
0.032596111
0.032660246
0.032629967
0.010236025
0.031765938
0.034211159
0.031928301
0.030645847
0.030458212
0.030502558
0.030486584
0.030680418
0.030705452
0.010050535
0.031978130
0.034240007
0.034449100
0.034684896
0.034324884
0.031057119
0.030679703
0.030713797
0.030530214
0.009474277
0.030937672
0.032407761
0.032867670
0.032856226
0.032755852
0.032666206
0.032615662
0.032748222
0.030822515
0.009287834
0.029999971
0.030019045
0.030672073
0.030669928
0.030728817
0.032251596
0.032857180
0.032664061
0.032615662
0.009917021
0.030684710
0.034541130
0.031155109
0.030606985
0.030670166
0.030559301
0.030632496
0.030596733
0.030965805
0.009946823
0.030188322
0.034066439
0.034181833
0.034120083
0.034218311
0.030783892
0.030444145
0.030613422
0.030448198
0.009571791
0.031345844
0.033376217
0.030733347
0.030636072
0.030515432
0.030673027
0.030613661
0.030440807
0.030429125
0.009837866
0.030016422
0.030739546
0.030701876
0.030709982
0.030473709
0.031008482
0.032152891
0.032168150
0.032129049
0.009945154
0.030472755
0.032585382
0.033464670
0.033008814
0.032893658
0.032887459
0.032566547
0.032613754
0.032727242
0.009707212
0.030425787
0.030255556
0.030740976
0.030498981
0.030733824
0.030667305
0.032708645
0.033011913
0.032930374
0.010075092
0.030654907
0.032114506
0.032920837
0.031239748
0.030712605
0.030668259
0.030445814
0.030669212
0.030649900
0.009337187
0.030140400
0.030646801
0.030660868
0.030721903
0.030628920
0.030466795
0.032316685
0.032326221
0.032467604
0.010312319
0.030299187
0.031860590
0.032905579
0.034352064
0.034644842
0.034526110
0.034184456
0.034222841
0.033974648
0.009345531
0.030148983
0.030157089
0.030679464
0.030728579
0.030837297
0.030513525
0.032501698
0.032602072
0.032618284
0.009993792
0.031969786
0.034373522
0.034177542
0.030592203
0.030641794
0.030618668
0.030587196
0.030463696
0.030637503
0.009385586
0.030105591
0.030309677
0.030683279
0.030647278
0.030719519
0.030822515
0.031007767
0.032116652
0.032255411
0.009876490
0.030111551
0.030104637
0.030830860
0.031982422
0.033387899
0.033445358
0.032987595
0.032862186
0.032847643
0.010072947
0.029910803
0.030590773
0.030675888
0.030766487
0.030662298
0.030548811
0.030598640
0.032749176
0.032812119
0.010005951
0.030850887
0.031986475
0.033120871
0.033349037
0.034430981
0.034434319
0.034489632
0.034330368
0.034227371
0.010573626
0.030135870
0.030561209
0.030668736
0.030668020
0.030449390
0.030683279
0.030720949
0.032795906
0.032613754
0.010040998
0.030010700
0.030814409
0.030888081
0.031502962
0.032941580
0.032711744
0.032565594
0.032507896
0.032668591
0.010046482
0.030323029
0.030285358
0.030735493
0.030457020
0.030683279
0.030651093
0.030678749
0.032108307
0.033101320
0.010356426
0.031027317
0.034535408
0.034393072
0.033282280
0.030552864
0.030477285
0.030512571
0.030678749
0.030680180
0.009347916
0.030309916
0.030506134
0.030809641
0.030534267
0.030988455
0.030588388
0.030736923
0.032077551
0.032805204
0.010272503
0.030257463
0.030686617
0.030911684
0.031288385
0.032466173
0.032266617
0.032527208
0.032429457
0.032395601
0.010220051
0.030318499
0.030413866
0.030962467
0.030865908
0.030685663
0.030697584
0.030690432
0.032849789
0.032847404
0.010324478
0.031215668
0.034665108
0.034546375
0.033830643
0.030892611
0.030709028
0.030656576
0.030458689
0.030304432
0.009546518
0.030447245
0.030889034
0.030941010
0.031035423
0.030665159
0.030701876
0.030668259
0.031702757
0.033230066
0.010426998
0.031754494
0.034101009
0.034559965
0.032903671
0.030801296
0.030738831
0.030791759
0.030803442
0.030571461
0.009503603
0.030442476
0.030275583
0.030921221
0.030832291
0.030914783
0.030782461
0.031264544
0.032307386
0.032273769
0.010174513
0.030466795
0.034510136
0.033678293
0.030765057
0.030696630
0.030544519
0.030606031
0.030498028
0.030961990
0.009673357
0.029889345
0.030703306
0.030902624
0.030841351
0.030812025
0.031857014
0.033406258
0.033209324
0.033199787
0.010378599
0.030666590
0.032645702
0.033559561
0.033549309
0.033386230
0.033288002
0.033196211
0.033153534
0.030655861
0.009429216
0.030399323
0.034483910
0.034647703
0.034831762
0.032531738
0.030919790
0.030640125
0.030760527
0.030579567
0.009680271
0.031103611
0.032441616
0.031171560
0.030619860
0.030741930
0.030754328
0.030659437
0.030676365
0.032036304
0.009974718
0.029882431
0.030711174
0.030847311
0.030727148
0.032063246
0.032682419
0.032623291
0.032664299
0.032487631
0.009926796
0.030167580
0.030309439
0.030864239
0.030942917
0.031069994
0.030835867
0.030526876
0.030909061
0.032004595
0.009819508
0.029896021
0.030925035
0.031070709
0.031520128
0.032968283
0.032825708
0.032742262
0.032682180
0.032634735
0.010369062
0.030297756
0.030651569
0.030947924
0.030763626
0.031255960
0.030601740
0.031106949
0.032232285
0.032425880
0.010272503
0.029948235
0.030278683
0.030948162
0.032169819
0.033157110
0.033073187
0.032878399
0.032986164
0.032845020
0.010027170
0.030107975
0.030521393
0.030675650
0.030637980
0.030690432
0.030590773
0.030750751
0.032477379
0.032525778
0.009889603
0.030030489
0.030055523
0.030794621
0.031710148
0.032891035
0.032868862
0.032857418
0.032644510
0.032620907
0.010111809
0.030133963
0.030543566
0.030651331
0.030689478
0.030676842
0.030565739
0.030616760
0.032732725
0.032908440
0.010045052
0.030314922
0.029982090
0.030894756
0.032045841
0.033163786
0.032901764
0.032863379
0.032894850
0.032701015
0.011447906
0.030153036
0.030599833
0.030655622
0.030720234
0.030646324
0.030423164
0.030848742
0.032201529
0.032295227
0.009773493
0.030192375
0.030343533
0.031092167
0.033126593
0.033367634
0.033263206
0.033524990
0.033269882
0.033345222
0.009913206
0.030070782
0.030700922
0.030849218
0.030855179
0.030704498
0.030640364
0.032444000
0.032574415
0.032599688
0.009983540
0.030443430
0.034448862
0.033433914
0.030735970
0.030683756
0.030543804
0.030522346
0.030664444
0.030645132
0.009350777
0.029995441
0.030567646
0.030682564
0.030641794
0.030612707
0.030742168
0.031770706
0.032620430
0.032595396
0.009920835
0.030703068
0.033303261
0.033592224
0.031450748
0.030450106
0.030469179
0.030636311
0.030664921
0.030621767
0.009367228
0.030037880
0.030731201
0.030859947
0.030886889
0.030773401
0.030702591
0.032471657
0.032858372
0.032846212
0.010014772
0.030889988
0.032838345
0.033056974
0.031240702
0.030686140
0.030639648
0.030671358
0.030634642
0.030676365
0.009288788
0.030034065
0.030568838
0.030776024
0.030702114
0.030693293
0.030590534
0.030640841
0.032727957
0.032810926
0.009997606
0.030877590
0.034061432
0.031636715
0.030714750
0.030668259
0.030654907
0.030552864
0.030559301
0.030523539
0.009300947
0.030133486
0.030259371
0.030630350
0.030454874
0.030651569
0.030657768
0.032670021
0.032837868
0.032885313
0.010008574
0.030063629
0.031991243
0.032231092
0.034401894
0.034387350
0.034416199
0.034136772
0.034140825
0.033649683
0.009331703
0.030268192
0.030228138
0.030891180
0.030875921
0.030754566
0.030690908
0.032423496
0.032595396
0.032583714
0.009914637
0.030502796
0.032835007
0.033353090
0.034396172
0.034425974
0.034379959
0.034133673
0.034122229
0.032973051
0.009388924
0.030050039
0.030721903
0.030909777
0.030842304
0.030684471
0.031425238
0.033247232
0.032880545
0.032881737
0.010242224
0.030696154
0.032780647
0.033627033
0.033626795
0.033633709
0.033400774
0.033382416
0.033353090
0.030586720
0.009274960
0.030083418
0.034269810
0.034380674
0.034397125
0.032714605
0.030470610
0.030499220
0.030614853
0.030633688
0.009332657
0.030948877
0.032026768
0.032251358
0.031958342
0.031824350
0.031631947
0.031496286
0.031566143
0.033510447
0.010480642
0.030641317
0.033538580
0.033464909
0.032910109
0.032902718
0.030642986
0.030434370
0.030615330
0.030643702
0.009328842
0.030496836
0.030468464
0.030858755
0.030869722
0.030683279
0.030636549
0.030627251
0.030622244
0.032358646
0.010053396
0.030064106
0.030606508
0.030646086
0.030681610
0.030869961
0.032431126
0.032613993
0.032569408
0.032353401
0.010387182
0.030025721
0.031936884
0.030816555
0.030761003
0.030547619
0.030538321
0.030670643
0.030650854
0.032129765
0.009971619
0.030273438
0.030039787
0.030698776
0.030617237
0.031108856
0.032545805
0.032588005
0.032607555
0.032575607
0.009910822
0.030540705
0.032310724
0.030931234
0.030635118
0.030495167
0.030671597
0.030649185
0.030555248
0.031882048
0.010093927
0.030336857
0.030068159
0.030856848
0.030699968
0.031288862
0.032887697
0.032810450
0.032758474
0.032584429
0.009934425
0.030535460
0.032072544
0.033004761
0.032848597
0.032691240
0.032642365
0.032640696
0.032535315
0.030611992
0.009222269
0.031198263
0.034409285
0.034569740
0.034402132
0.034303665
0.030631304
0.030413628
0.030627012
0.030643940
0.009269238
0.031720877
0.034330606
0.031023741
0.030658722
0.030632734
0.030596733
0.030447245
0.030649424
0.031519175
0.010083675
0.030906439
0.034576654
0.034422159
0.034397602
0.033788919
0.030547142
0.030458212
0.030613184
0.030617237
0.009308815
0.030363321
0.032176256
0.033040762
0.032969236
0.032862186
0.032814980
0.032634974
0.032867432
0.030992746
0.009312153
0.030074596
0.030239582
0.030929804
0.030834913
0.031331778
0.032864809
0.032869816
0.032796383
0.032589197
0.009976387
0.031105757
0.032413721
0.031192303
0.030657768
0.030649900
0.030682325
0.030551910
0.030578613
0.032471657
0.009982586
0.029948950
0.030670404
0.030671835
0.030584812
0.031713009
0.033063412
0.032849789
0.032893896
0.032817602
0.010061502
0.030508757
0.030580282
0.030877113
0.030662060
0.030640841
0.030487299
0.030631781
0.031804323
0.032844543
0.010047674
0.030402899
0.030716658
0.030746937
0.030912399
0.032459497
0.032621861
0.032572031
0.032359838
0.032330990
0.009830952
0.030338287
0.030354023
0.030671358
0.030712843
0.030670881
0.030591965
0.030541658
0.032722950
0.032648087
0.009952784
0.030230999
0.030555010
0.030631065
0.031099319
0.032143831
0.032191992
0.032151461
0.032059669
0.031923771
0.009733915
0.029997110
0.030542612
0.030791044
0.030743122
0.030676365
0.030609369
0.031573296
0.032869816
0.032599926
0.009962082
0.030017138
0.030074358
0.030856848
0.032333612
0.032874346
0.032908916
0.032662868
0.032600641
0.032637119
0.010082960
0.030280590
0.030680656
0.030769587
0.030866146
0.030506611
0.030656099
0.030658484
0.034397840
0.034344912
0.010588646
0.030267477
0.029916763
0.030905724
0.032126665
0.033146620
0.033093452
0.032839298
0.032822847
0.032830715
0.010017157
0.030017376
0.030514956
0.030988455
0.030680418
0.030532360
0.030750990
0.032491684
0.032611132
0.032618999
0.009961367
0.030030489
0.030159712
0.030840874
0.030996799
0.030668259
0.030653954
0.030634642
0.030545235
0.031223536
0.009976149
0.030675173
0.034447193
0.034434080
0.034605265
0.034001112
0.030743122
0.030431271
0.030678511
0.030643463
0.009384871
0.030261993
0.030350447
0.031455755
0.031345606
0.031314373
0.031163931
0.031105518
0.031530619
0.034129620
0.010451317
0.030996084
0.034617424
0.034377098
0.033584356
0.030506849
0.030494213
0.030439854
0.030502558
0.030630589
0.009363651
0.030082703
0.030721426
0.030958176
0.030969143
0.030639648
0.030681372
0.030739307
0.032521725
0.032601595
0.010016918
0.032949686
0.034253359
0.034080744
0.030638695
0.030622721
0.030656815
0.030691624
0.030572414
0.030528545
0.009275913
0.031964064
0.034449100
0.034509182
0.034518480
0.034158230
0.033987522
0.030759096
0.030492544
0.030682325
0.009284496
0.030191422
0.030250549
0.031241417
0.031524420
0.031534672
0.031472683
0.031296253
0.031308413
0.031367064
0.010281324
0.030077219
0.030569315
0.030652761
0.030643463
0.030674934
0.032765627
0.032834530
0.032846928
0.032778263
0.010007858
0.029979706
0.031618595
0.033966064
0.033354759
0.033120632
0.033138990
0.033134460
0.032850981
0.033050060
0.010242224
0.031017065
0.034589767
0.034445763
0.031414986
0.030665398
0.030646086
0.030615568
0.030573368
0.030523539
0.009276152
0.032584190
0.034427643
0.034418344
0.034523726
0.034184933
0.033533812
0.030759811
0.030658245
0.030625820
0.009281635
0.030047178
0.030660868
0.032359123
0.034437895
0.034470797
0.034326553
0.034132004
0.034156799
0.034115076
0.010533094
0.030012608
0.030456781
0.030883074
0.030887365
0.031561136
0.033779144
0.033406019
0.033395052
0.033330202
0.010174274
0.030329704
0.034454346
0.034420490
0.034379244
0.034121752
0.034168482
0.033226490
0.030699968
0.030577660
0.009251595
0.030025482
0.030637026
0.030906439
0.031637192
0.033391714
0.033235788
0.033082247
0.033108473
0.032939672
0.010023594
0.030319691
0.030497551
0.030779362
0.030652285
0.030654430
0.030848026
0.032651901
0.032867193
0.032848597
0.009972811
0.030215263
0.030682802
0.033425570
0.033301353
0.033096552
0.033128023
0.033056259
0.032900810
0.033865452
0.010592937
0.030111313
0.030404568
0.030723095
0.030623913
0.030916929
0.032475471
0.032607555
0.032575130
0.032323837
0.009916067
