0.005483627
0.005273581
0.005214691
0.005171299
0.005363464
0.005415916
0.005413294
0.005361557
0.002501249
0.005526304
0.005213976
0.005235434
0.005191088
0.005228996
0.005202055
0.005217314
0.005203247
0.002395868
0.005790710
0.005373955
0.005295277
0.005232811
0.005296469
0.005215168
0.005247355
0.005236387
0.002333641
0.005768299
0.005296707
0.005262375
0.005197525
0.005227566
0.005247355
0.005160332
0.005160570
0.002300024
0.005400181
0.005143166
0.005095720
0.005079746
0.005136728
0.005123615
0.005148649
0.005145311
0.002340794
0.005506992
0.005079985
0.005120754
0.005067587
0.005090237
0.005114079
0.005123138
0.005120754
0.002313375
0.005446911
0.005080462
0.005159616
0.005163908
0.005196571
0.005170584
0.005199432
0.005153656
0.002294302
0.005403042
0.005072355
0.005092382
0.005108118
0.005125761
0.005098581
0.005115271
0.005141497
0.002289295
0.005543470
0.005157471
0.005093813
0.005089760
0.005147457
0.005154848
0.005139112
0.005140543
0.002306461
0.005431890
0.005126715
0.005174398
0.005102634
0.005164623
0.005102158
0.005233765
0.005137920
0.002317905
0.005380630
0.005140305
0.005096197
0.005093813
0.005098581
0.005144358
0.005148411
0.005136251
0.002301216
0.005356550
0.005088806
0.005063057
0.005074024
0.005072594
0.005080700
0.005128384
0.005132437
0.002278566
0.005398750
0.005085468
0.005084753
0.005078793
0.005074501
0.005063772
0.005144835
0.005131006
0.002320051
0.005385399
0.005235434
0.005090475
0.005119324
0.005072832
0.005073786
0.005066872
0.005119801
0.002301216
0.005350828
0.005089521
0.005102873
0.005061388
0.005138874
0.005109310
0.005155087
0.005127430
0.002293587
0.005371332
0.005086184
0.005106211
0.005059481
0.005093098
0.005087614
0.005112648
0.005111456
0.002290249
0.005584955
0.005087852
0.005079746
0.005177259
0.005118608
0.005087614
0.005082607
0.005134821
0.002293348
0.005367279
0.005091906
0.005153418
0.005206585
0.005118847
0.005139589
0.005238295
0.005145550
0.002298594
0.005473852
0.005208492
0.005180120
0.005169392
0.005162477
0.005143166
0.005170822
0.005171061
0.002309322
0.005609751
0.005270481
0.005302191
0.005358696
0.005254030
0.005275488
0.005270720
0.005296707
0.002437830
0.005435467
0.005143166
0.005149841
0.005134344
0.005137920
0.005224943
0.005192995
0.005148411
0.002299547
0.005432606
0.005115032
0.005187273
0.005085707
0.005177736
0.005129337
0.005165339
0.005131006
0.002284288
0.005592823
0.005250692
0.005211115
0.005229950
0.005285740
0.005201340
0.005288363
0.005221128
0.002329350
0.005621195
0.005271912
0.005314827
0.005264521
0.005262375
0.005244493
0.005252123
0.005272627
0.002337694
0.005814791
0.005165577
0.005146503
0.005154371
0.005195856
0.005151033
0.005158424
0.005214453
0.002300262
0.005428314
0.005175352
0.005189180
0.005146265
0.005195379
0.005135536
0.005166054
0.005345345
0.002317190
0.005589008
0.005305052
0.005306482
0.005249977
0.005329370
0.005260944
0.005299568
0.005458355
0.002401590
0.005887508
0.005420208
0.005450249
0.005373240
0.005461693
0.005423069
0.005438089
0.005438566
0.002434015
0.005613565
0.005191803
0.005172729
0.005169630
0.005191088
0.005172253
0.005219460
0.005185127
0.002305269
0.005465269
0.005166531
0.005163670
0.005145788
0.005205393
0.005145788
0.005243301
0.005193233
0.002304554
0.005553722
0.005174160
0.005238056
0.005188465
0.005382061
0.005188942
0.005211592
0.005188465
0.002339840
0.005588293
0.005303860
0.005306721
0.005276203
0.005360126
0.005360365
0.005332947
0.005331278
0.002374887
0.005607128
0.005311966
0.005278349
0.005233526
0.005242348
0.005239010
0.005239964
0.005231142
0.002331495
0.005409956
0.005186796
0.005122185
0.005105257
0.005205631
0.005174398
0.005217552
0.005159140
0.002317190
0.005416155
0.005069494
0.005129099
0.005064011
0.005124807
0.005059481
0.005145550
0.005197763
0.002291918
0.005416632
0.005095959
0.005119324
0.005094290
0.005092144
0.005131245
0.005056143
0.005151033
0.002286673
0.005906582
0.005335808
0.005263090
0.005233049
0.005226851
0.005193233
0.005208969
0.005116463
0.002362728
0.005620241
0.005298615
0.005293369
0.005276918
0.005377531
0.005268335
0.005384684
0.005319834
0.002369881
0.005535603
0.005218029
0.005238533
0.005181789
0.005195379
0.005182505
0.005211115
0.005196571
0.002310753
0.005411148
0.005150557
0.005104065
0.005150557
0.005116701
0.005100727
0.005120277
0.005116224
0.002269745
0.005403757
0.005051374
0.005074263
0.005051851
0.005152941
0.005125761
0.005129576
0.005162954
0.002318382
0.005382776
0.005092144
0.005074978
0.005052805
0.005140781
0.005091190
0.005133629
0.005088091
0.002276421
0.005337000
0.005079508
0.005082369
0.005042315
0.005131960
0.005055904
0.005085468
0.005092144
0.002289534
0.005422592
0.005121946
0.005115986
0.005089998
0.005150795
0.005110264
0.005128860
0.005111694
0.002321720
0.005852461
0.005139828
0.005111933
0.005127430
0.005084753
0.005068064
0.005165100
0.005115747
0.002293110
0.005587578
0.005190134
0.005209923
0.005185366
0.005230665
0.005240440
0.005257607
0.005216360
0.002326727
0.005506516
0.005297899
0.005253077
0.005210400
0.005314112
0.005308390
0.005355835
0.005285263
0.002392769
0.005580187
0.005263090
0.005273104
0.005255699
0.005252838
0.005231619
0.005279303
0.005228043
0.002338409
0.005700111
0.005438805
0.005471706
0.005431652
0.005474329
0.005481243
0.005546093
0.005506277
0.002427101
0.005378246
0.005136490
0.005089283
0.005050898
0.005125284
0.005118132
0.005107880
0.005119562
0.002279758
0.005393267
0.005105972
0.005203247
0.005039692
0.005136967
0.005090475
0.005125284
0.005143642
0.002291918
0.005486250
0.005072832
0.005118608
0.005081415
0.005153656
0.005089760
0.005109787
0.005166769
0.002287149
0.005437613
0.005169392
0.005162716
0.005168438
0.005160093
0.005127668
0.005152464
0.005158663
0.002376795
0.005698681
0.005118132
0.005163908
0.005164146
0.005155802
0.005100965
0.005123854
0.005101442
0.002303600
0.005516291
0.005137682
0.005116940
0.005093098
0.005139589
0.005115509
0.005121946
0.005142927
0.002290249
0.005361080
0.005098581
0.005259037
0.005144835
0.005187511
0.005128145
0.005115271
0.005127430
0.002300501
0.005390882
0.005223513
0.005160570
0.005087137
0.005169153
0.005105734
0.005146980
0.005214453
0.002289057
0.005397797
0.005118132
0.005162716
0.005139828
0.005142689
0.005103588
0.005143404
0.005172729
0.002282619
0.005539894
0.005243063
0.005178452
0.005239487
0.005269051
0.005272627
0.005211830
0.005322695
0.002336740
0.005532026
0.005231142
0.005229950
0.005221128
0.005288839
0.005211592
0.005261421
0.005243778
0.002345562
0.005512953
0.005116224
0.005089998
0.005078793
0.005125284
0.005072594
0.005095959
0.005106449
0.002275467
0.005357742
0.005100727
0.005084753
0.005081892
0.005117178
0.005079746
0.005101681
0.005127907
0.002265453
0.005353451
0.005054951
0.005050659
0.005045414
0.005084753
0.005080223
0.005105495
0.005096436
0.002274752
0.005461216
0.005150557
0.005198240
0.005116940
0.005140305
0.005139351
0.005220890
0.005165100
0.002302408
0.005504131
0.005204439
0.005191088
0.005135536
0.005296230
0.005138159
0.005191088
0.005190372
0.002316713
0.005423546
0.005228043
0.005144358
0.005084515
0.005247593
0.005104065
0.005161524
0.005116463
0.002288103
0.005412340
0.005106688
0.005082130
0.005065918
0.005138159
0.005114079
0.005137205
0.005143404
0.002282619
0.005401134
0.005074978
0.005057335
0.005053997
0.005095959
0.005089521
0.005141020
0.005108595
0.002293110
0.005393267
0.005165815
0.005163670
0.005214691
0.005191565
0.005138636
0.005149364
0.005089998
0.002289295
0.005404234
0.005089283
0.005071402
0.005037069
0.005050421
0.005069256
0.005047321
0.005087614
0.002268314
0.005452156
0.005082607
0.005134344
0.005041838
0.005052805
0.005062342
0.005155802
0.005127907
0.002331257
0.005388737
0.005113840
0.005126953
0.005061388
0.005166531
0.005061626
0.005121708
0.005153894
0.002273321
0.005403280
0.005189657
0.005328655
0.005274534
0.005338192
0.005306959
0.005301237
0.005142689
0.002391100
0.005466700
0.005137205
0.005106688
0.005147934
0.005132675
0.005126953
0.005131483
0.005130768
0.002310991
0.005438089
0.005228758
0.005161047
0.005156994
0.005193949
0.005123377
0.005173206
0.005243063
0.002336502
0.005816698
0.005203485
0.005239725
0.005200863
0.005166054
0.005145788
0.005125046
0.005158424
0.002321482
0.005358458
0.005059719
0.005104065
0.005050421
0.005086184
0.005061388
0.005179882
0.005128622
0.002311230
0.005515575
0.005162001
0.005191326
0.005149126
0.005245209
0.005144596
0.005206108
0.005231380
0.002310038
0.005487204
0.005176067
0.005156755
0.005175591
0.005152702
0.005155087
0.005228281
0.005213261
0.002316713
0.005401134
0.005108595
0.005119085
0.005104303
0.005116224
0.005089760
0.005079985
0.005111933
0.002271175
0.005522013
0.005184889
0.005172253
0.005204439
0.005498886
0.005177259
0.005191803
0.005164146
0.002306461
0.005538702
0.005175352
0.005343676
0.005247593
0.005272865
0.005173445
0.005235195
0.005209684
0.002309799
0.005847931
0.005234003
0.005261898
0.005359650
0.005336285
0.005229235
0.005258322
0.005221844
0.002344370
0.005481720
0.005269766
0.005197525
0.005215645
0.005195141
0.005197525
0.005187511
0.005185843
0.002310991
0.005417585
0.005103350
0.005088091
0.005057812
0.005125284
0.005059481
0.005147219
0.005089045
0.002289057
0.005366802
0.005122662
0.005111694
0.005046368
0.005106449
0.005110025
0.005131721
0.005099773
0.002265215
0.005357504
0.005107641
0.005096912
0.005079508
0.005296469
0.005185366
0.005157232
0.005156279
0.002293587
0.005501986
0.005177259
0.005174637
0.005080938
0.005042791
0.005048752
0.005138636
0.005106688
0.002284527
0.005574942
0.005150795
0.005135298
0.005113363
0.005095959
0.005091190
0.005058050
0.005061388
0.002280235
0.005406380
0.005069971
0.005052805
0.005095243
0.005207539
0.005069971
0.005235195
0.005067110
0.002287626
0.005348206
0.005127907
0.005195618
0.005114794
0.005189896
0.005159378
0.005225182
0.005111217
0.002281189
0.005435944
0.005088806
0.005098581
0.005105257
0.005234957
0.005104542
0.005111456
0.005150318
0.002295971
0.005349398
0.005064964
0.005051851
0.005044937
0.005123854
0.005047321
0.005104542
0.005138159
0.002290964
0.005362511
0.005073071
0.005074739
0.005057096
0.005090237
0.005072117
0.005104303
0.005111456
0.002297401
0.005760431
0.005125284
0.005120754
0.005111217
0.005160570
0.005122900
0.005123854
0.005119562
0.002275944
0.005471706
0.005131960
0.005175591
0.005104542
0.005192041
0.005115032
0.005192995
0.005124092
0.002308130
0.005537033
0.005502701
0.005311012
0.005252600
0.005294085
0.005234718
0.005334377
0.005238056
0.002366781
0.005615711
0.005378008
0.005411863
0.005357027
0.005493164
0.005369902
0.005464792
0.005366087
0.002462149
0.005529404
0.005223274
0.005242586
0.005189419
0.005272627
0.005201817
0.005199194
0.005214453
0.002352715
0.005450726
0.005097866
0.005088329
0.005088806
0.005080700
0.005084038
0.005078077
0.005112648
0.002338171
0.005395174
0.005064964
0.005121469
0.005070686
0.005135298
0.005054474
0.005118608
0.005105495
0.002286196
0.005626440
0.005256891
0.005145550
0.005103111
0.005151272
0.005102873
0.005128384
0.005128384
0.002289534
0.005397558
0.005089045
0.005100250
0.005093575
0.005256891
0.005125523
0.005166531
0.005153656
0.002299309
0.005468845
0.005135536
0.005099535
0.005098581
0.005136013
0.005076408
0.005113602
0.005171537
0.002310991
0.005388737
0.005108356
0.005123138
0.005118132
0.005072832
0.005190849
0.005159378
0.005110741
0.002267599
0.005476713
0.005124807
0.005175591
0.005116224
0.005150080
0.005102158
0.005198956
0.005162239
0.002296209
0.005388260
0.005092382
0.005104303
0.005072355
0.005149603
0.005096197
0.005127192
0.005085707
0.002290249
0.005385637
0.005123138
0.005118370
0.005126476
0.005111217
0.005065918
0.005183697
0.005100727
0.002276421
0.005628347
0.005093098
0.005072117
0.005043745
0.005091190
0.005074978
0.005120277
0.005080700
0.002283335
0.005630493
0.005156279
0.005084515
0.005065680
0.005099773
0.005116463
0.005111933
0.005141735
0.002283335
0.005380154
0.005080223
0.005068541
0.005054235
0.005080700
0.005089283
0.005132437
0.005079508
0.002291441
0.005367994
0.005108833
0.005057812
0.005033970
0.005085468
0.005092382
0.005096674
0.005109072
0.002308846
0.005635977
0.005139112
0.005100489
0.005065680
0.005151510
0.005103111
0.005107164
0.005088568
0.002283573
0.005402088
0.005075693
0.005053043
0.005049706
0.005103588
0.005124807
0.005176306
0.005176306
0.002323151
0.005334377
0.005107880
0.005294323
0.005155802
0.005212784
0.005123854
0.005113125
0.005077600
0.002274036
0.005552292
0.005214214
0.005266190
0.005242109
0.005228043
0.005225658
0.005321980
0.005211592
0.002354622
0.005895615
0.005349874
0.005378723
0.005393505
0.005437613
0.005324841
0.005366087
0.005370378
0.002375841
0.005635023
0.005289793
0.005304337
0.005274534
0.005319357
0.005264759
0.005294323
0.005267620
0.002347469
0.005428791
0.005142450
0.005245447
0.005148888
0.005192757
0.005143404
0.005163193
0.005154133
0.002310038
0.005466938
0.005238295
0.005207539
0.005175352
0.005270720
0.005184412
0.005191326
0.005194426
0.002318382
0.005433083
0.005147934
0.005181074
0.005185127
0.005198479
0.005118608
0.005151033
0.005429029
0.002287865
0.005545855
0.005215406
0.005245209
0.005197287
0.005259514
0.005190849
0.005263090
0.005230665
0.002318859
0.005640030
0.005306005
0.005316734
0.005271912
0.005348921
0.005263805
0.005321264
0.005302668
0.002352715
0.005573750
0.005265951
0.005377531
0.005334377
0.005305767
0.005234480
0.005315065
0.005232811
0.002364635
0.005680084
0.005367517
0.005410433
0.005349874
0.005327940
0.005333662
0.005309820
0.005347252
0.002353668
0.005661011
0.005508423
0.005419731
0.005430698
0.005498171
0.005358934
0.005390882
0.005385399
0.002386808
0.005636930
0.005241156
0.005211830
0.005181313
0.005129814
0.005115271
0.005112171
0.005167961
0.002334595
0.005611420
0.005271912
0.005353689
0.005250216
0.005399942
0.005244732
0.005275011
0.005234957
0.002354383
0.005858660
0.005243063
0.005258799
0.005247355
0.005230188
0.005243778
0.005264521
0.005263567
0.002337694
0.005971432
0.005394936
0.005527735
0.005315065
0.005313396
0.005297422
0.005334616
0.005499601
0.002390385
0.005482674
0.005202293
0.005259275
0.005240202
0.005176306
0.005164146
0.005177498
0.005176306
0.002327681
0.005433798
0.005143642
0.005137444
0.005118132
0.005142689
0.005125999
0.005165339
0.005124807
0.002295494
0.005441666
0.005243540
0.005131960
0.005165577
0.005301714
0.005230904
0.005266905
0.005224228
0.002327919
0.005355120
0.005070210
0.005076170
0.005084753
0.005164623
0.005111694
0.005085945
0.005086899
0.002291679
0.005371571
0.005069494
0.005052805
0.005073547
0.005071640
0.005099297
0.005116463
0.005138159
0.002288342
0.005753040
0.005169392
0.005140305
0.005147457
0.005098104
0.005063534
0.005089760
0.005071878
0.002268791
0.005725861
0.005205870
0.005156517
0.005169153
0.005225182
0.005075455
0.005144596
0.005354166
0.002288818
0.005442381
0.005098343
0.005098343
0.005069494
0.005102396
0.005123615
0.005226135
0.005156040
0.002294540
0.005447626
0.005104303
0.005177975
0.005146027
0.005085230
0.005133152
0.005079031
0.005090714
0.002274036
0.005542755
0.005136251
0.005115747
0.005101442
0.005149603
0.005105972
0.005122423
0.005118370
0.002289057
0.005519152
0.005184412
0.005162239
0.005175829
0.005302668
0.005187988
0.005218267
0.005225420
0.002385378
0.005374670
0.005089760
0.005090714
0.005132198
0.005123615
0.005070210
0.005146265
0.005153656
0.002282858
0.005509377
0.005182981
0.005183697
0.005179644
0.005179167
0.005169630
0.005195379
0.005180359
0.002305508
0.005487680
0.005087852
0.005127430
0.005079746
0.005119562
0.005050421
0.005126238
0.005242586
0.002295732
0.005438566
0.005110502
0.005089521
0.005039215
0.005143166
0.005107164
0.005192757
0.005120277
0.002265453
0.005746126
0.005264282
0.005212545
0.005126238
0.005172968
0.005177259
0.005153179
0.005155325
0.002313614
0.005557775
0.005155325
0.005141258
0.005123377
0.005120039
0.005117893
0.005147457
0.005127430
0.002289295
0.005353928
0.005065441
0.005068302
0.005050898
0.005100489
0.005057812
0.005101919
0.005100965
0.002327204
0.005651712
0.005218744
0.005154371
0.005083323
0.005203962
0.005126476
0.005176067
0.005130053
0.002295732
0.005406380
0.005105019
0.005227804
0.005106211
0.005136013
0.005091429
0.005124569
0.005151749
0.002321005
0.005592585
0.005272150
0.005148172
0.005171537
0.005175352
0.005118370
0.005152225
0.005164862
0.002299309
0.005421162
0.005174160
0.005140543
0.005141497
0.005119801
0.005099058
0.005126476
0.005118132
0.002320766
0.005615950
0.005323410
0.005271435
0.005278349
0.005317926
0.005224705
0.005263805
0.005465269
0.002399921
0.005679369
0.005344391
0.005412340
0.005340099
0.005448580
0.005322456
0.005468607
0.005396605
0.002388239
0.005604744
0.005301237
0.005278587
0.005308151
0.005306482
0.005278826
0.005305052
0.005300283
0.002365351
0.005400658
0.005113840
0.005165815
0.005120754
0.005334377
0.005110741
0.005187273
0.005101204
0.002311468
0.005417585
0.005062819
0.005045891
0.005072355
0.005185843
0.005085468
0.005213022
0.005145550
0.002270460
0.005360365
0.005146503
0.005131960
0.005067110
0.005202293
0.005110741
0.005111217
0.005100727
0.002283812
0.005599022
0.005258083
0.005287886
0.005192995
0.005255222
0.005197525
0.005325317
0.005315065
0.002331257
0.005750179
0.005223989
0.005281687
0.005154133
0.005155802
0.005157471
0.005180597
0.005161762
0.002295732
0.005372524
0.005198002
0.005146027
0.005083561
0.005069494
0.005067587
0.005133390
0.005068541
0.002279282
0.005467176
0.005212307
0.005207062
0.005126715
0.005277634
0.005141497
0.005157232
0.005152225
0.002298355
0.005404472
0.005125523
0.005123615
0.005205631
0.005129814
0.005157948
0.005130768
0.005131721
0.002282143
0.005351543
0.005072117
0.005054235
0.005060196
0.005104542
0.005140305
0.005168915
0.005146980
0.002293587
0.005513668
0.005059958
0.005095959
0.005063772
0.005141497
0.005042791
0.005122423
0.005158424
0.002281904
0.005366802
0.005061388
0.005069494
0.005057096
0.005084753
0.005041361
0.005136251
0.005096674
0.002284288
0.005347967
0.005079031
0.005070448
0.005041122
0.005126953
0.005055428
0.005203009
0.005157471
0.002343416
0.005401373
0.005064249
0.005098343
0.005048275
0.005149841
0.005067110
0.005220175
0.005142927
0.002279520
0.005422592
0.005072594
0.005074263
0.005050182
0.005048037
0.005046844
0.005170822
0.005141735
0.002295971
0.005357742
0.005065203
0.005059242
0.005050659
0.005061626
0.005052328
0.005149603
0.005111217
0.002305508
0.005577326
0.005096197
0.005074978
0.005106211
0.005069971
0.005132675
0.005106211
0.005124331
0.002301455
0.005379915
0.005074978
0.005093336
0.005045652
0.005099535
0.005096436
0.005119562
0.005103827
0.002301693
0.005391598
0.005151272
0.005101919
0.005116224
0.005138874
0.005131483
0.005113840
0.005131245
0.002289772
0.005521536
0.005109072
0.005122423
0.005085945
0.005163431
0.005095720
0.005132914
0.005125284
0.002303123
0.005716801
0.005214691
0.005073309
0.005072355
0.005107164
0.005049706
0.005207539
0.005170345
0.002309322
0.005365372
0.005074024
0.005101919
0.005051613
0.005125284
0.005109787
0.005120993
0.005108118
0.002291203
0.005381584
0.005103111
0.005104065
0.005064487
0.005211830
0.005136490
0.005135536
0.005130529
0.002273560
0.005383253
0.005114317
0.005184650
0.005088568
0.005306244
0.005180120
0.005252838
0.005110264
0.002274752
0.005406618
0.005148649
0.005092144
0.005067348
0.005103350
0.005110741
0.005217791
0.005162954
0.002314806
0.005408764
0.005168915
0.005138874
0.005091906
0.005177975
0.005107164
0.005191803
0.005182981
0.002315283
0.005410671
0.005173445
0.005118370
0.005120277
0.005135298
0.005110264
0.005138397
0.005115509
0.002269983
0.005412102
0.005155563
0.005202770
0.005068541
0.005110025
0.005079985
0.005223989
0.005104065
0.002282381
0.005467653
0.005165577
0.005203247
0.005136013
0.005107403
0.005122185
0.005182028
0.005206585
0.002372265
0.005477905
0.005202770
0.005115509
0.005115032
0.005125284
0.005122662
0.005141020
0.005112410
0.002287149
0.005474329
0.005182505
0.005259514
0.005257130
0.005220652
0.005166054
0.005177498
0.005138397
0.002307653
0.005482435
0.005150557
0.005171537
0.005132914
0.005164623
0.005132914
0.005173922
0.005144596
0.002297401
0.005602598
0.005181074
0.005234957
0.005166292
0.005287170
0.005179882
0.005196571
0.005164623
0.002331972
0.005389452
0.005179405
0.005109549
0.005086422
0.005280256
0.005280018
0.005291462
0.005206585
0.002292156
0.005426645
0.005139589
0.005141020
0.005122662
0.005158663
0.005099058
0.005117416
0.005134106
0.002290487
0.005434990
0.005199909
0.005181789
0.005144835
0.005235434
0.005131006
0.005188942
0.005182981
0.002301216
0.006078243
0.005423784
0.005431414
0.005368471
0.005395889
0.005327940
0.005333662
0.005408287
0.002376795
0.005730629
0.005407572
0.005416870
0.005470037
0.005390882
0.005383015
0.005451202
0.005404711
0.002464294
0.005565405
0.005208015
0.005245924
0.005200148
0.005272150
0.005197048
0.005244493
0.005277395
0.002346277
0.005573750
0.005275249
0.005325556
0.005266905
0.005314112
0.005265474
0.005280972
0.005254507
0.002365828
0.005993128
0.005411148
0.005429029
0.005424500
0.005406380
0.005381107
0.005413055
0.005386591
0.002413273
0.005756140
0.005285740
0.005331039
0.005429983
0.005537748
0.005341291
0.005357265
0.005280733
0.002363920
0.005397797
0.005123377
0.005101442
0.005088329
0.005103588
0.005098104
0.005132914
0.005116701
0.002290726
0.005398989
0.005157948
0.005103588
0.005093575
0.005233049
0.005204439
0.005149603
0.005175829
0.002284050
0.005506516
0.005185604
0.005169868
0.005182981
0.005211115
0.005160093
0.005177259
0.005183697
0.002326965
0.005939484
0.005261660
0.005357742
0.005259991
0.005243063
0.005297899
0.005270958
0.005254984
0.002421856
0.005598545
0.005185127
0.005253553
0.005170822
0.005173922
0.005177975
0.005194187
0.005194426
0.002319813
0.005426168
0.005155325
0.005094528
0.005194902
0.005158663
0.005194902
0.005138874
0.005110264
0.002282619
0.005423546
0.005137205
0.005132914
0.005113125
0.005169868
0.005120754
0.005152225
0.005115747
0.002290726
0.005369186
0.005092621
0.005105972
0.005107880
0.005096436
0.005072355
0.005078793
0.005083799
0.002303362
0.005394697
0.005111694
0.005064249
0.005078316
0.005131721
0.005099773
0.005123854
0.005146980
0.002288342
0.005501747
0.005148649
0.005143642
0.005115509
0.005158424
0.005117416
0.005130529
0.005108595
0.002297163
0.005467176
0.005123138
0.005168915
0.005105257
0.005099297
0.005122662
0.005127430
0.005080223
0.002372026
0.005395174
0.005085945
0.005139351
0.005066633
0.005235910
0.005070448
0.005133390
0.005228281
0.002291918
0.005400658
0.005060434
0.005088091
0.005031586
0.005135536
0.005137444
0.005134344
0.005115509
0.002294064
0.005342960
0.005052567
0.005053997
0.005048037
0.005094290
0.005048275
0.005094051
0.005067825
0.002268314
0.005623341
0.005109310
0.005066872
0.005035162
0.005047560
0.005036592
0.005093575
0.005082846
0.002280951
0.005462170
0.005197287
0.005073309
0.005053997
0.005082369
0.005055189
0.005129576
0.005100012
0.002289772
0.005439997
0.005132198
0.005179167
0.005156517
0.005142689
0.005095959
0.005120993
0.005095005
0.002287865
0.005534649
0.005220652
0.005239487
0.005201340
0.005205154
0.005189657
0.005219698
0.005249262
0.002318144
0.005464315
0.005270720
0.005229950
0.005161524
0.005223274
0.005170822
0.005222797
0.005229473
0.002315760
0.005422115
0.005197525
0.005299568
0.005159616
0.005094767
0.005070210
0.005137682
0.005158901
0.002275467
0.005415440
0.005090952
0.005078554
0.005065918
0.005177021
0.005081415
0.005088091
0.005191803
0.002310514
0.005426645
0.005085707
0.005454540
0.005216837
0.005154848
0.005229950
0.005175591
0.005134106
0.002286434
0.005362988
0.005087137
0.005087852
0.005055666
0.005196333
0.005140066
0.005269766
0.005180597
0.002280712
0.005375862
0.005105734
0.005145311
0.005103111
0.005144835
0.005127907
0.005159855
0.005195141
0.002307892
0.005370617
0.005124569
0.005074739
0.005071878
0.005133152
0.005089998
0.005095720
0.005099297
0.002294540
0.005422115
0.005189896
0.005108356
0.005051136
0.005113602
0.005061626
0.005156040
0.005108356
0.002289057
0.005508900
0.005248785
0.005244255
0.005144835
0.005128145
0.005124092
0.005122185
0.005110264
0.002277613
0.005494356
0.005193233
0.005208731
0.005164862
0.005210400
0.005182028
0.005246878
0.005185127
0.002323389
0.005501509
0.005172968
0.005166769
0.005181789
0.005148411
0.005162954
0.005208254
0.005199432
0.002399921
0.005447149
0.005142927
0.005143404
0.005118370
0.005174398
0.005126715
0.005126476
0.005117416
0.002305031
0.005485296
0.005214930
0.005203724
0.005194187
0.005238533
0.005188227
0.005196571
0.005213976
0.002319336
0.005424738
0.005156279
0.005125046
0.005101919
0.005194187
0.005149841
0.005193710
0.005158186
0.002326965
0.005887032
0.005373478
0.005496264
0.005353212
0.005441904
0.005304337
0.005334616
0.005312681
0.002404213
0.005688190
0.005286932
0.005315542
0.005330801
0.005298376
0.005270958
0.005319834
0.005270958
0.002424717
0.005503416
0.005256653
0.005313396
0.005201578
0.005333900
0.005229712
0.005229473
0.005262375
0.002321482
0.005671740
0.005352259
0.005303621
0.005286455
0.005316973
0.005294323
0.005282402
0.005311966
0.002384424
0.005711794
0.005418777
0.005446434
0.005399704
0.005450249
0.005626917
0.005419493
0.005508661
0.002413988
0.005454779
0.005151272
0.005156994
0.005171537
0.005141020
0.005136490
0.005153418
0.005145788
0.002291441
0.005522490
0.005165815
0.005182028
0.005188227
0.005278111
0.005159378
0.005157709
0.005161762
0.002300501
0.005528450
0.005093098
0.005096197
0.005073547
0.005075693
0.005058050
0.005078077
0.005353689
0.002276897
0.005519629
0.005249500
0.005308867
0.005236149
0.005302906
0.005234718
0.005433321
0.005401850
0.002397776
0.005730867
0.005425930
0.005449295
0.005480051
0.005555868
0.005522251
0.005753756
0.005557775
0.002506495
0.005609989
0.005244255
0.005253792
0.005221367
0.005238533
0.005230427
0.005244255
0.005234957
0.002334118
0.005351067
0.005078316
0.005048990
0.005043983
0.005130053
0.005089521
0.005132437
0.005100012
0.002285004
0.005343437
0.005064726
0.005092621
0.005075216
0.005085468
0.005074263
0.005108595
0.005251169
0.002266645
0.005386114
0.005051613
0.005062103
0.005034924
0.005217314
0.005182743
0.005433321
0.005163431
0.002301216
0.005350828
0.005051374
0.005088568
0.005100012
0.005115747
0.005076408
0.005140305
0.005095959
0.002307892
0.005412102
0.005072832
0.005053759
0.005041361
0.005055428
0.005049229
0.005143642
0.005095482
0.002276659
0.005342245
0.005056143
0.005084038
0.005058289
0.005112648
0.005041599
0.005054712
0.005102158
0.002279997
0.005377293
0.005088091
0.005153656
0.005128145
0.005148649
0.005152464
0.005116224
0.005085468
0.002279282
0.005447388
0.005186558
0.005223989
0.005120277
0.005203485
0.005103588
0.005337477
0.005219698
0.002305269
0.005798817
0.005209208
0.005276442
0.005154848
0.005166769
0.005159378
0.005185604
0.005227804
0.002308607
0.005719900
0.005236626
0.005269766
0.005134583
0.005215168
0.005132914
0.005162239
0.005147934
0.002313137
0.005564213
0.005262852
0.005326509
0.005244017
0.005305767
0.005305290
0.005263567
0.005345345
0.002412081
0.005655289
0.005426884
0.005439520
0.005336523
0.005481005
0.005397081
0.005412340
0.005408287
0.002440214
0.005553722
0.005286694
0.005336046
0.005273581
0.005315065
0.005283117
0.005296230
0.005350828
0.002395153
0.005493879
0.005162954
0.005239725
0.005154133
0.005163670
0.005135775
0.005172968
0.005207300
0.002281189
0.005559683
0.005201101
0.005162954
0.005133629
0.005222797
0.005195141
0.005196810
0.005198956
0.002493620
0.005378723
0.005108118
0.005132437
0.005102396
0.005105734
0.005103111
0.005159140
0.005111217
0.002283573
0.005527973
0.005290508
0.005282164
0.005199909
0.005304575
0.005238533
0.005277872
0.005286932
0.002370358
0.005575180
0.005252361
0.005294561
0.005230427
0.005265951
0.005223274
0.005223274
0.005377531
0.002340317
0.005583048
0.005241871
0.005321026
0.005294561
0.005510330
0.005369902
0.005337477
0.005384684
0.002392530
0.006049633
0.005401850
0.005433083
0.005375862
0.005357981
0.005316496
0.005354643
0.005313158
0.002375126
0.005654097
0.005263805
0.005266666
0.005191088
0.005409002
0.005245686
0.005479813
0.005200148
0.002340078
0.005350113
0.005070686
0.005061388
0.005049944
0.005116224
0.005121708
0.005134344
0.005144596
0.002271414
0.005372286
0.005060673
0.005135059
0.005127907
0.005114555
0.005132437
0.005151987
0.005132198
0.002319098
0.005443573
0.005160093
0.005199432
0.005136013
0.005169392
0.005144119
0.005161047
0.005181313
0.002302408
0.005373240
0.005089760
0.005092859
0.005105019
0.005130768
0.005065680
0.005120754
0.005151987
0.002277851
0.005437613
0.005079269
0.005068302
0.005053520
0.005091429
0.005059242
0.005126238
0.005162716
0.002285957
0.005413532
0.005294085
0.005221844
0.005150557
0.005142927
0.005089283
0.005112171
0.005121708
0.002301693
0.005525589
0.005197525
0.005231857
0.005202293
0.005198479
0.005176544
0.005203009
0.005191326
0.002290249
0.005623579
0.005306959
0.005439043
0.005257607
0.005272150
0.005219936
0.005300045
0.005230665
0.002332211
0.005612850
0.005328894
0.005351067
0.005347729
0.005379915
0.005285740
0.005324602
0.005296230
0.002365589
0.005745888
0.005308151
0.005169392
0.005169153
0.005176306
0.005157471
0.005276918
0.005201578
0.002301931
0.005415440
0.005082130
0.005204439
0.005133629
0.005171537
0.005103111
0.005155563
0.005140543
0.002302647
0.005545616
0.005210400
0.005229235
0.005210161
0.005249500
0.005230904
0.005242109
0.005208731
0.002328634
0.005410910
0.005158424
0.005127668
0.005111694
0.005166531
0.005107403
0.005128860
0.005151033
0.002304316
0.005422592
0.005136967
0.005152941
0.005093813
0.005260468
0.005219698
0.005175352
0.005133390
0.002314091
0.005580425
0.005414009
0.005321741
0.005281925
0.005418539
0.005366325
0.005308151
0.005264521
0.002384186
0.005620241
0.005279779
0.005250692
0.005275011
0.005272150
0.005265236
0.005278349
0.005285740
0.002355814
0.005444527
0.005176306
0.005221844
0.005178213
0.005162954
0.005086184
0.005109549
0.005111933
0.002295256
0.005478621
0.005184650
0.005243301
0.005166292
0.005215883
0.005176067
0.005239248
0.005237818
0.002315998
0.005451202
0.005211592
0.005147934
0.005160570
0.005144358
0.005152702
0.005188465
0.005146027
0.002324820
0.005910158
0.005289078
0.005208254
0.005203009
0.005440474
0.005195618
0.005239725
0.005197287
0.002321720
0.005653381
0.005251169
0.005323648
0.005258083
0.005244732
0.005285025
0.005321026
0.005286694
0.002376795
0.005647659
0.005256653
0.005427599
0.005342007
0.005334139
0.005248070
0.005311728
0.005329609
0.002356529
0.005591154
0.005380630
0.005338192
0.005271435
0.005324841
0.005265236
0.005275488
0.005316496
0.002355099
0.005753994
0.005440950
0.005497217
0.005383253
0.005472898
0.005390644
0.005500793
0.005529881
0.002422810
0.005568504
0.005287170
0.005369663
0.005457401
0.005544662
0.005480289
0.005497217
0.005532980
0.002567530
0.005758524
0.005133629
0.005114317
0.005107880
0.005114079
0.005080938
0.005167961
0.005149603
0.002277851
0.005603790
0.005097389
0.005230904
0.005054474
0.005178690
0.005049706
0.005111933
0.005080700
0.002262592
0.005382538
0.005072117
0.005046368
0.005050182
0.005098104
0.005071402
0.005121946
0.005070686
0.002271891
0.005357504
0.005069017
0.005072594
0.005071402
0.005064964
0.005041838
0.005105019
0.005133629
0.002285719
0.005385637
0.005062580
0.005086660
0.005053282
0.005074501
0.005079746
0.005153179
0.005106211
0.002306938
0.005492210
0.005062819
0.005113602
0.005094767
0.005092621
0.005064487
0.005110741
0.005124092
0.002293348
0.005368710
0.005079746
0.005106926
0.005055666
0.005153418
0.005136251
0.005172968
0.005119801
0.002313375
0.005394936
0.005066872
0.005120039
0.005046129
0.005067587
0.005057335
0.005142689
0.005158186
0.002281666
0.005372524
0.005050421
0.005043507
0.005055904
0.005128384
0.005093336
0.005122185
0.005074978
0.002275229
0.005621910
0.005136967
0.005152464
0.005125523
0.005205154
0.005154133
0.005098581
0.005074263
0.002275944
0.005360126
0.005065918
0.005084991
0.005042553
0.005064487
0.005099297
0.005136251
0.005195618
0.002282619
0.005351067
0.005150080
0.005076170
0.005047560
0.005168915
0.005136728
0.005121231
0.005094290
0.002310276
0.005424023
0.005086184
0.005057096
0.005083561
0.005099535
0.005054951
0.005097389
0.005094528
0.002295256
0.005382538
0.005046606
0.005046129
0.005039215
0.005093336
0.005090952
0.005091667
0.005106688
0.002274275
0.005341053
0.005060196
0.005106211
0.005046844
0.005074739
0.005108118
0.005128860
0.005107164
0.002326012
0.005332947
0.005074024
0.005036831
0.005082130
0.005099773
0.005101919
0.005140305
0.005118847
0.002327442
0.005348682
0.005053282
0.005049467
0.005030870
0.005078077
0.005085230
0.005125284
0.005120277
0.002280951
0.005386353
0.005069494
0.005097628
0.005026817
0.005174398
0.005151510
0.005261183
0.005159140
0.002353907
0.005347729
0.005120516
0.005056858
0.005044699
0.005174398
0.005125523
0.005159378
0.005127430
0.002296686
0.005354643
0.005057096
0.005075932
0.005046129
0.005049467
0.005051374
0.005119324
0.005181551
0.002306461
0.005379915
0.005062103
0.005109549
0.005034924
0.005232334
0.005196571
0.005179882
0.005313873
0.002287149
0.005347252
0.005114555
0.005069256
0.005054712
0.005170345
0.005136490
0.005179167
0.005188227
0.002336979
0.005388737
0.005063295
0.005037308
0.005037308
0.005137920
0.005101681
0.005201340
0.005227327
0.002279520
0.005353451
0.005097628
0.005086660
0.005054474
0.005078077
0.005091190
0.005122185
0.005111456
0.002308369
0.005354881
0.005118608
0.005170345
0.005112410
0.005113840
0.005099535
0.005135775
0.005122423
0.002281189
0.005432606
0.005098581
0.005160093
0.005082607
0.005110025
0.005073786
0.005137205
0.005108833
0.002336264
0.005352020
0.005109787
0.005117178
0.005122900
0.005167007
0.005148172
0.005169392
0.005184889
0.002295732
0.005380154
0.005054474
0.005087376
0.005062819
0.005104303
0.005125284
0.005135775
0.005261660
0.002349138
0.005422831
0.005072355
0.005074501
0.005066633
0.005103350
0.005054235
0.005104542
0.005113125
0.002285957
0.005350351
0.005079269
0.005059004
0.005041122
0.005073071
0.005119801
0.005108833
0.005115509
0.002257586
0.005447626
0.005110025
0.005089760
0.005060196
0.005183220
0.005117178
0.005127907
0.005126715
0.002292395
0.005442858
0.005160332
0.005121708
0.005102634
0.005059719
0.005100727
0.005055904
0.005087137
0.002267599
0.005439043
0.005112886
0.005086422
0.005967379
0.005074501
0.005060673
0.005105734
0.005161524
0.002300262
0.005364180
0.005089521
0.005074024
0.005095720
0.005070448
0.005090475
0.005081415
0.005074024
0.002269268
0.005439758
0.005062819
0.005105257
0.005054712
0.005068779
0.005131960
0.005172253
0.005146503
0.002303362
0.005374193
0.005074263
0.005084276
0.005060196
0.005213022
0.005134821
0.005143404
0.005131960
0.002294779
0.005606174
0.005078316
0.005152941
0.005166769
0.005219936
0.005118370
0.005176783
0.005126476
0.002290487
0.005376339
0.005111456
0.005667925
0.005100965
0.005067348
0.005069017
0.005102158
0.005111456
0.002283096
0.005354166
0.005069971
0.005061150
0.005052328
0.005094528
0.005089998
0.005141020
0.005127430
0.002298594
0.005610466
0.005061150
0.005102158
0.005062103
0.005074978
0.005066395
0.005148888
0.005295277
0.002312183
0.005624771
0.005132198
0.005125761
0.005059719
0.005164623
0.005118847
0.005165339
0.005149364
0.002290726
0.005426168
0.005085230
0.005126715
0.005108595
0.005108595
0.005053282
0.005142689
0.005118370
0.002305269
0.005412102
0.005072117
0.005076170
0.005057812
0.005063772
0.005060911
0.005092621
0.005076170
0.002277851
0.005385399
0.005126715
0.005244017
0.005137920
0.005113602
0.005097151
0.005112648
0.005122662
0.002288818
0.005369186
0.005094290
0.005121469
0.005054235
0.005091906
0.005118132
0.005119085
0.005280256
0.002286911
0.005393028
0.005077600
0.005048990
0.005117416
0.005430460
0.005068541
0.005153656
0.005086184
0.002294540
0.005406618
0.005064487
0.005107403
0.005043268
0.005073071
0.005058527
0.005140543
0.005165577
0.002289295
0.005443811
0.005070686
0.005112410
0.005052567
0.005052328
0.005054235
0.005193710
0.005171537
0.002498627
0.005350828
0.005069733
0.005167961
0.005117655
0.005155802
0.005098343
0.005127430
0.005109072
0.002269983
0.005409002
0.005076170
0.005056620
0.005049706
0.005143642
0.005137920
0.005244970
0.005164385
0.002302647
0.005426168
0.005066395
0.005111933
0.005145073
0.005136490
0.005119085
0.005116224
0.005083561
0.002400160
0.005609751
0.005190611
0.005147934
0.005107641
0.005103588
0.005063772
0.005121708
0.005154133
0.002286196
0.005485535
0.005141020
0.005146265
0.005059481
0.005111694
0.005057573
0.005118847
0.005084991
0.002275944
0.005482197
0.005219221
0.005204439
0.005203724
0.005306721
0.005200386
0.005265474
0.005201578
0.002353668
0.005478144
0.005129814
0.005058289
0.005047083
0.005123377
0.005133152
0.005177498
0.005146503
0.002293110
0.005367041
0.005059719
0.005050421
0.005046606
0.005205870
0.005136728
0.005164385
0.005138159
0.002300024
0.005366325
0.005275011
0.005114079
0.005111217
0.005127192
0.005121469
0.005136967
0.005141973
0.002302647
0.005408525
0.005061150
0.005060434
0.005074739
0.005059242
0.005057812
0.005124331
0.005110741
0.002286434
0.005327940
0.005096912
0.005102873
0.005093336
0.005383253
0.005116701
0.005137920
0.005109787
0.002282619
0.005346537
0.005073309
0.005241632
0.005098343
0.005148172
0.005136728
0.005124807
0.005201817
0.002290249
0.005367517
0.005123615
0.005051374
0.005057573
0.005124807
0.005110025
0.005129576
0.005162239
0.002294779
0.005525112
0.005123377
0.005094767
0.005066872
0.005086422
0.005063295
0.005143166
0.005173683
0.002304316
0.005401611
0.005063534
0.005059004
0.005135298
0.005199671
0.005161047
0.005213499
0.005158901
0.002277136
0.005347013
0.005076647
0.005132914
0.005091906
0.005077124
0.005083561
0.005092621
0.005116463
0.002278805
0.005399227
0.005087376
0.005076647
0.005069256
0.005174875
0.005140543
0.005141735
0.005144119
0.002321243
0.005349398
0.005138874
0.005058050
0.005067825
0.005137682
0.005078077
0.005066156
0.005128384
0.002297878
0.005608320
0.005157232
0.005097389
0.005058765
0.005127668
0.005079508
0.005112410
0.005070448
0.002274275
0.005707264
0.005131006
0.005104303
0.005070448
0.005119085
0.005071163
0.005104542
0.005129099
0.002285480
0.005631447
0.005136967
0.005074501
0.005060196
0.005048037
0.005053043
0.005120754
0.005122662
0.002337456
0.005361557
0.005080462
0.005107164
0.005075216
0.005133867
0.005108356
0.005124331
0.005160332
0.002276421
0.005375147
0.005070210
0.005072832
0.005054951
0.005121946
0.005063295
0.005139589
0.005131006
0.002289772
0.005451441
0.005177975
0.005152464
0.005122900
0.005248070
0.005122662
0.005172014
0.005148172
0.002310276
0.005356312
0.005098820
0.005110502
0.005077839
0.005155563
0.005103350
0.005101204
0.005112886
0.002270222
0.005364180
0.005073071
0.005128145
0.005161524
0.005159140
0.005051851
0.005155087
0.005111694
0.002299309
0.005402565
0.005081892
0.005125046
0.005103111
0.005204439
0.005062342
0.005173445
0.005182743
0.002319098
0.005372047
0.005076647
0.005096674
0.005053997
0.005053759
0.005068779
0.005093575
0.005120754
0.002347469
0.005346775
0.005085230
0.005110025
0.005059958
0.005067348
0.005099773
0.005127430
0.005125523
0.002289295
0.005611181
0.005064726
0.005072832
0.005122423
0.005213737
0.005106688
0.005152225
0.005169630
0.002290726
0.005387783
0.005063534
0.005110264
0.005047083
0.005082846
0.005072832
0.005111694
0.005105734
0.002308369
0.005650759
0.005182505
0.005116940
0.005096674
0.005109310
0.005152225
0.005174160
0.005151987
0.002307177
0.005357981
0.005076170
0.005089283
0.005041361
0.005138397
0.005152225
0.005160093
0.005157709
0.002279282
0.005384684
0.005058765
0.005101442
0.005105257
0.005257368
0.005074739
0.005107164
0.005252361
0.002289295
0.005383492
0.005101919
0.005089283
0.005054712
0.005073071
0.005057335
0.005141258
0.005151272
0.002317667
0.005645514
0.005141497
0.005148888
0.005126953
0.005150318
0.005110979
0.005200148
0.005116940
0.002278805
0.005435467
0.005077600
0.005107403
0.005076885
0.005072594
0.005046844
0.005114794
0.005109310
0.002296686
0.005564451
0.005198002
0.005384922
0.005351067
0.005404472
0.005329132
0.005376816
0.005253553
0.002331257
0.005367041
0.005084276
0.005082130
0.005095482
0.005072117
0.005075216
0.005104065
0.005110979
0.002285004
0.005474329
0.005082369
0.005099297
0.005046606
0.005241394
0.005152702
0.005185366
0.005142450
0.002281666
0.005426168
0.005066872
0.005110025
0.005074978
0.005064011
0.005071878
0.005151272
0.005117178
0.002314091
0.005966902
0.005114555
0.005092144
0.005061150
0.005171061
0.005106688
0.005133390
0.005134583
0.002320051
0.005389690
0.005093336
0.005102158
0.005112886
0.005116701
0.005079031
0.005121469
0.005134821
0.002315760
0.005474329
0.005084991
0.005124092
0.005066633
0.005129099
0.005215168
0.005591631
0.005523443
0.002473831
0.005384445
0.005113363
0.005076170
0.005050659
0.005057573
0.005110264
0.005120277
0.005121469
0.002289057
0.005401850
0.005112648
0.005188227
0.005098581
0.005130529
0.005073071
0.005140066
0.005090714
0.002318144
0.005353689
0.005088091
0.005067110
0.005052805
0.005100012
0.005042076
0.005128622
0.005091429
0.002297878
0.005406141
0.005066633
0.005070210
0.005046606
0.005108595
0.005115032
0.005146980
0.005172014
0.002296925
0.005392313
0.005111217
0.005102396
0.005078077
0.005129337
0.005123615
0.005133867
0.005142212
0.002298594
0.005349874
0.005119324
0.005079031
0.005054235
0.005174875
0.005140781
0.005192518
0.005164862
0.002300501
0.005370617
0.005076408
0.005088568
0.005071163
0.005090952
0.005061626
0.005126953
0.005126715
0.002284050
0.005369186
0.005107403
0.005101681
0.005134106
0.005062342
0.005075455
0.005117416
0.005161285
0.002281189
0.005752325
0.005185366
0.005198956
0.005205154
0.005265951
0.005182505
0.005182505
0.005200386
0.002301693
0.005362272
0.005098343
0.005110025
0.005067825
0.005071402
0.005075932
0.005113363
0.005101442
0.002284765
0.005346298
0.005107403
0.005177021
0.005077839
0.005072594
0.005093813
0.005117893
0.005089045
0.002297640
0.005374670
0.005084515
0.005117178
0.005074978
0.005135536
0.005070448
0.005352497
0.005366087
0.002401590
0.005868196
0.005235434
0.005137920
0.005121708
0.005174160
0.005118847
0.005270243
0.005155563
0.002302408
0.005492687
0.005201817
0.005172729
0.005180597
0.005181074
0.005216122
0.005203485
0.005216122
0.002331972
0.005393744
0.005175591
0.005109549
0.005085945
0.005167961
0.005133867
0.005224943
0.005138636
0.002319098
0.005360365
0.005121231
0.005066633
0.005054474
0.005141497
0.005108833
0.005137682
0.005176306
0.002283573
0.005533934
0.005290270
0.005230188
0.005155563
0.005184174
0.005149603
0.005168915
0.005179405
0.002308607
0.005971193
0.005397320
0.005226851
0.005172253
0.005192518
0.005141020
0.005196333
0.005138397
0.002304077
0.005386353
0.005122185
0.005084515
0.005075216
0.005088329
0.005086422
0.005131245
0.005102396
0.002276182
0.005664110
0.005144835
0.005154848
0.005139351
0.005173922
0.005159616
0.005188227
0.005134106
0.002305984
0.005446196
0.005084038
0.005083561
0.005110979
0.005104780
0.005092382
0.005111217
0.005094051
0.002344131
0.005389690
0.005146742
0.005133152
0.005089283
0.005111217
0.005110264
0.005134821
0.005167484
0.002288103
0.005897760
0.005406380
0.005297661
0.005225897
0.005188704
0.005256653
0.005258322
0.005344868
0.002344847
0.005573273
0.005294561
0.005295277
0.005212545
0.005257607
0.005187273
0.005234480
0.005190372
0.002316713
0.006017447
0.005248308
0.005312204
0.005277634
0.005313635
0.005238056
0.005314589
0.005365610
0.002364159
0.005956411
0.005645037
0.005633831
0.005628347
0.005634785
0.005617142
0.005613565
0.005651236
0.002522469
0.005936623
0.005665779
0.005696535
0.005641460
0.005756617
0.005631685
0.005673885
0.005696297
0.002543688
0.006433010
0.005591869
0.005626678
0.005676270
0.005611420
0.005620718
0.005498886
0.005559206
0.002476215
0.006222725
0.005832434
0.005845547
0.005870581
0.005791426
0.005775213
0.005810976
0.005870819
0.002661705
0.005989075
0.005813599
0.005707026
0.005693436
0.005761623
0.005676031
0.005708694
0.005684614
0.002547979
0.005839825
0.005624533
0.005553484
0.005535364
0.005632639
0.005595922
0.005711794
0.005557060
0.002531052
0.005939960
0.005630493
0.005667925
0.005588293
0.005696058
0.005573273
0.005609512
0.005628347
0.002506495
0.005907297
0.005621672
0.005706787
0.005632877
0.005560398
0.005581379
0.005688906
0.005576611
0.002496958
0.006182909
0.005559206
0.005532026
0.005522966
0.005511761
0.005449772
0.005456924
0.005511761
0.002450466
0.005730867
0.005267382
0.005234241
0.005225182
0.005291224
0.005231380
0.005266428
0.005239010
0.002338409
0.005939960
0.005160332
0.005305052
0.005302668
0.005241871
0.005264044
0.005271673
0.005235910
0.002378702
0.006300211
0.005781889
0.005807638
0.005721569
0.005856752
0.005712271
0.005756617
0.005817652
0.002585649
0.005652905
0.005356789
0.005447388
0.005434990
0.005396605
0.005343199
0.005424261
0.005407095
0.002406120
0.005571365
0.005280018
0.005269289
0.005224228
0.005310774
0.005308390
0.005268812
0.005250216
0.002331257
0.005499125
0.005210400
0.005245209
0.005230665
0.005259514
0.005203247
0.005227566
0.005271673
0.002327919
0.005476475
0.005254507
0.005134344
0.005126238
0.005145073
0.005118132
0.005211115
0.005135775
0.002320290
0.005598783
0.005309343
0.005314350
0.005334377
0.005301237
0.005283356
0.005320787
0.005271435
0.002374172
0.005601406
0.005246639
0.005298376
0.005239964
0.005278587
0.005254745
0.005245447
0.005240917
0.002379179
0.005618572
0.005353928
0.005291224
0.005349398
0.005423307
0.005281448
0.005357742
0.005299807
0.002363443
0.005436182
0.005125046
0.005172729
0.005130529
0.005122662
0.005117655
0.005155325
0.005143166
0.002338409
0.005604267
0.005256176
0.005216122
0.005246162
0.005296707
0.005186558
0.005294323
0.005252600
0.002320290
0.005463600
0.005159140
0.005146503
0.005121946
0.005149364
0.005130291
0.005141258
0.005131006
0.002272129
0.005352259
0.005083799
0.005089998
0.005112648
0.005118370
0.005065441
0.005073071
0.005097389
0.002275229
0.005665064
0.005306721
0.005291700
0.005284309
0.005308390
0.005276918
0.005316019
0.005351305
0.002374411
0.005554914
0.005341053
0.005254030
0.005270243
0.005316496
0.005256653
0.005333662
0.005441666
0.002806902
0.005705357
0.005209208
0.005253077
0.005204678
0.005180120
0.005182028
0.005265713
0.005258083
0.002416849
0.005851269
0.005414009
0.005388260
0.005230427
0.005243540
0.005197048
0.005231619
0.005401611
0.002318382
0.005625486
0.005297184
0.005350828
0.005472660
0.005367756
0.005329132
0.005288124
0.005345345
0.002414703
0.005457640
0.005145311
0.005182743
0.005119085
0.005162716
0.005131483
0.005162001
0.005290270
0.002322435
0.005349398
0.005069733
0.005103827
0.005048037
0.005099773
0.005036592
0.005115271
0.005139112
0.002277851
0.005385160
0.005062580
0.005119324
0.005048990
0.005107641
0.005049706
0.005113840
0.005091667
0.002280951
0.005392790
0.005173683
0.005197287
0.005147934
0.005186081
0.005117416
0.005094767
0.005148888
0.002285957
0.005612612
0.005217075
0.005167723
0.005137444
0.005149841
0.005124092
0.005146503
0.005134344
0.002293587
0.005426645
0.005261183
0.005231142
0.005200386
0.005177736
0.005145788
0.005125284
0.005132437
0.002314329
0.005689859
0.005426884
0.005482912
0.005475760
0.005437851
0.005647898
0.005444288
0.005523920
0.002437830
0.005917311
0.005617142
0.005620480
0.005601645
0.005703688
0.005595684
0.005620003
0.005600214
0.002501726
0.005674362
0.005452394
0.005539656
0.005425930
0.005552292
0.005400658
0.005397320
0.005382776
0.002422810
0.005454063
0.005263567
0.005208731
0.005209684
0.005215645
0.005161524
0.005192041
0.005187988
0.002295494
0.005491734
0.005110741
0.005082369
0.005224466
0.005156040
0.005069494
0.005157709
0.005144835
0.002283573
0.005400658
0.005084991
0.005123854
0.005089998
0.005139112
0.005079746
0.005119085
0.005098820
0.002280951
0.005341530
0.005094528
0.005036592
0.005084753
0.005062580
0.005106926
0.005151033
0.005135775
0.002265930
0.005794525
0.005286932
0.005227566
0.005262613
0.005281210
0.005201817
0.005234480
0.005200148
0.002324343
0.005659342
0.005254507
0.005305290
0.005238056
0.005254507
0.005308867
0.005296469
0.005258799
0.002333403
0.005923033
0.005172253
0.005150795
0.005174160
0.005237341
0.005154133
0.005203247
0.005137682
0.002332926
0.005510807
0.005270481
0.005236626
0.005232334
0.005264044
0.005201340
0.005304098
0.005279064
0.002338886
0.005444288
0.005211115
0.005294085
0.005210638
0.005321503
0.005168676
0.005172729
0.005177259
0.002319098
0.006067514
0.005583763
0.005457640
0.005658150
0.005540133
0.005539417
0.005548000
0.005538464
0.002480984
0.005742550
0.005455732
0.005595207
0.005510092
0.005554199
0.005462408
0.005454779
0.005466223
0.002457857
0.005625248
0.005278111
0.005324364
0.005325079
0.005366325
0.005396605
0.005490303
0.005364180
0.002356768
0.005744696
0.005239725
0.005265236
0.005233049
0.005257845
0.005158663
0.005208254
0.005175829
0.002323866
0.005448580
0.005155563
0.005159378
0.005142450
0.005197048
0.005173445
0.005219460
0.005216599
0.002303123
0.005508184
0.005262136
0.005226374
0.005214214
0.005224943
0.005230904
0.005261183
0.005288363
0.002342463
0.005389214
0.005061388
0.005038261
0.005061626
0.005287409
0.005172491
0.005140305
0.005119562
0.002307177
0.005734444
0.005123615
0.005082607
0.005089521
0.005155087
0.005107403
0.005127907
0.005138397
0.002288818
0.005418062
0.005069494
0.005077124
0.005044699
0.005132198
0.005089283
0.005119085
0.005122900
0.002287388
0.005572319
0.005049467
0.005116463
0.005033016
0.005104303
0.005100965
0.005173922
0.005083799
0.002282143
0.005333900
0.005055189
0.005066395
0.005039454
0.005222797
0.005108118
0.005107403
0.005097628
0.002287626
0.005473852
0.005096436
0.005124092
0.005073071
0.005145073
0.005106926
0.005115271
0.005114555
0.002281904
0.005404711
0.005151510
0.005043745
0.005029917
0.005060911
0.005128145
0.005140781
0.005140305
0.002310991
0.005471945
0.005195618
0.005104542
0.005045414
0.005068064
0.005041122
0.005145073
0.005131721
0.002299547
0.005348921
0.005054951
0.005036831
0.005058527
0.005152941
0.005109072
0.005102396
0.005116224
0.002329588
0.005492210
0.005220652
0.005198479
0.005076885
0.005097628
0.005058527
0.005102634
0.005091667
0.002307892
0.005338192
0.005063534
0.005057573
0.005050421
0.005075216
0.005028248
0.005151510
0.005154610
0.002290726
0.005387068
0.005138397
0.005066156
0.005056143
0.005062103
0.005154371
0.005074739
0.005092621
0.002263069
0.005674839
0.005059719
0.005100965
0.005046368
0.005063772
0.005062103
0.005139112
0.005108356
0.002297163
0.005648851
0.005177021
0.005091429
0.005067587
0.005084991
0.005050182
0.005135059
0.005105972
0.002289772
0.005479097
0.005091667
0.005094528
0.005029678
0.005087614
0.005044937
0.005062819
0.005067348
0.002269506
0.005388498
0.005069256
0.005117178
0.005095482
0.005121469
0.005043268
0.005102634
0.005097151
0.002276897
0.005653143
0.005142212
0.005094528
0.005053043
0.005065203
0.005097628
0.005127668
0.005143642
0.002300262
0.005347967
0.005058765
0.005073071
0.005062819
0.005071640
0.005039215
0.005141735
0.005156279
0.002303362
0.005356550
0.005123854
0.005086422
0.005050421
0.005126953
0.005117416
0.005202532
0.005144119
0.002275467
0.005615234
0.005182743
0.005117655
0.005125046
0.005130768
0.005170345
0.005105257
0.005084991
0.002267122
0.005439043
0.005062819
0.005102873
0.005046606
0.005181074
0.005361080
0.005148411
0.005106449
0.002274990
0.005414248
0.005089521
0.005088329
0.005067110
0.005096197
0.005079269
0.005140543
0.005104542
0.002293348
0.005376339
0.005203009
0.005055189
0.005077600
0.005045652
0.005035400
0.005124807
0.005099535
0.002315044
0.005346775
0.005058050
0.005083561
0.005112171
0.005123377
0.005141020
0.005184412
0.005150080
0.002288818
0.005358696
0.005074739
0.005205870
0.005175591
0.005141497
0.005081415
0.005100727
0.005140305
0.002274036
0.005362034
0.005105495
0.005066395
0.005063295
0.005073786
0.005046129
0.005155563
0.005108118
0.002317429
0.005368710
0.005098820
0.005232573
0.005176306
0.005167723
0.005079031
0.005119801
0.005279541
0.002272367
0.005439758
0.005101204
0.005104542
0.005081654
0.005115986
0.005076408
0.005133867
0.005138636
0.002297640
0.005350113
0.005116224
0.005105495
0.005105734
0.005142212
0.005131960
0.005160570
0.005143642
0.002292156
0.005344868
0.005060434
0.005080462
0.005028248
0.005061626
0.005098343
0.005180836
0.005100250
0.002287388
0.005374193
0.005056381
0.005050659
0.005039692
0.005120277
0.005038977
0.005146503
0.005131245
0.002322435
0.005362511
0.005085230
0.005064011
0.005060434
0.005113840
0.005072832
0.005118608
0.005117416
0.002306938
0.005419731
0.005301952
0.005160093
0.005241632
0.005148888
0.005151033
0.005134821
0.005093813
0.002285719
0.005629539
0.005161762
0.005142927
0.005137205
0.005133629
0.005144119
0.005114555
0.005172491
0.002311945
0.005575657
0.005269289
0.005354404
0.005310059
0.005239487
0.005208015
0.005212069
0.005277395
0.002321243
0.006212711
0.005789042
0.005770683
0.005940437
0.005883217
0.005748510
0.005737305
0.005823135
0.002590179
0.005961418
0.005580902
0.005520105
0.005504608
0.005541086
0.005486965
0.005562067
0.005502701
0.002470016
0.005698442
0.005434990
0.005394936
0.005388975
0.005422115
0.005389452
0.005408525
0.005431175
0.002414703
0.005549908
0.005259514
0.005362988
0.005256891
0.005352736
0.005264997
0.005293846
0.005313396
0.002354622
0.006180286
0.006067276
0.006041050
0.006000280
0.005965233
0.006044865
0.006015062
0.006126404
0.003031492
0.005610943
0.005311966
0.005312681
0.005303144
0.005391836
0.005356550
0.005341530
0.005316019
0.002371788
0.005572081
0.005338907
0.005271673
0.005259514
0.005344868
0.005272388
0.005277157
0.005290031
0.002352238
0.005550861
0.005258560
0.005287409
0.005241156
0.005278111
0.005266905
0.005248785
0.005266190
0.002365112
0.005767107
0.005313158
0.005173683
0.005247355
0.005247116
0.005254269
0.005225182
0.005210638
0.002339840
0.005474329
0.005196095
0.005200624
0.005179882
0.005289793
0.005250931
0.005279779
0.005175829
0.002315044
0.005479813
0.005183220
0.005106449
0.005084515
0.005075932
0.005082369
0.005112410
0.005130768
0.002280951
0.005406618
0.005097151
0.005096436
0.005059481
0.005119801
0.005115986
0.005125999
0.005125046
0.002276659
0.005384684
0.005121469
0.005064964
0.005068302
0.005162477
0.005133152
0.005148888
0.005118608
0.002300739
0.005532026
0.005178928
0.005198002
0.005143881
0.005215645
0.005160332
0.005161524
0.005127430
0.002339363
0.005427361
0.005156517
0.005165577
0.005156755
0.005119562
0.005122185
0.005156279
0.005146742
0.002285957
0.005588055
0.005288839
0.005276680
0.005257845
0.005292654
0.005248547
0.005248785
0.005250216
0.002340794
0.005686522
0.005399227
0.005372524
0.005440235
0.005432129
0.005439281
0.005411863
0.005369902
0.002395630
0.005782127
0.005255222
0.005286455
0.005156517
0.005287647
0.005156279
0.005226135
0.005240440
0.002310753
0.005564451
0.005124331
0.005131006
0.005108356
0.005163670
0.005100727
0.005135775
0.005099535
0.002279758
0.005385637
0.005078793
0.005068779
0.005042076
0.005148649
0.005089760
0.005153894
0.005159378
0.002302170
0.005370140
0.005067825
0.005036831
0.005049944
0.005036831
0.005102396
0.005055189
0.005077362
0.002285957
0.005346060
0.005079031
0.005036116
0.005044937
0.005051136
0.005075455
0.005060196
0.005092144
0.002268553
0.005362988
0.005074024
0.005074024
0.005054951
0.005172729
0.005158901
0.005153418
0.005198956
0.002301216
0.005752563
0.005118608
0.005045652
0.005048037
0.005158663
0.005102873
0.005138636
0.005115986
0.002302408
0.005360365
0.005049944
0.005059004
0.005059958
0.005199909
0.005063057
0.005204678
0.005182028
0.002286196
0.005340338
0.005130053
0.005067587
0.005028486
0.005129576
0.005111933
0.005111933
0.005112171
0.002277851
0.005392551
0.005070925
0.005113840
0.005043507
0.005092859
0.005049229
0.005149126
0.005085707
0.002265692
0.005380630
0.005066633
0.005130529
0.005050182
0.005058765
0.005035639
0.005100727
0.005089045
0.002268076
0.005341530
0.005069017
0.005068064
0.005068779
0.005119085
0.005043745
0.005127192
0.005093098
0.002300978
0.005322933
0.005058289
0.005060911
0.005067348
0.005069017
0.005086660
0.005120277
0.005079985
0.002282143
0.005338192
0.005053282
0.005069256
0.005048990
0.005122662
0.005112171
0.005110502
0.005145550
0.002304792
0.005644798
0.005181551
0.005122662
0.005113125
0.005249262
0.005209208
0.005172729
0.005141973
0.002284050
0.005345345
0.005058289
0.005048275
0.005046368
0.005072355
0.005055904
0.005100965
0.005161285
0.002289534
0.005336285
0.005066395
0.005135298
0.005100727
0.005128384
0.005089283
0.005133867
0.005087137
0.002266884
0.005366802
0.005060911
0.005055428
0.005047798
0.005123854
0.005146265
0.005246401
0.005185604
0.002303839
0.005349874
0.005063534
0.005089760
0.005045414
0.005045414
0.005020857
0.005172491
0.005100727
0.002279520
0.005357742
0.005052805
0.005134106
0.005071163
0.005165577
0.005033255
0.005066633
0.005045176
0.002271175
0.005435228
0.005093813
0.005083084
0.005078316
0.005069017
0.005102158
0.005159140
0.005120993
0.002280474
0.005375624
0.005116224
0.005111456
0.005062103
0.005095959
0.005178213
0.005158901
0.005117655
0.002276659
0.005393267
0.005090237
0.005054712
0.005052805
0.005051374
0.005039215
0.005174875
0.005130053
0.002301693
0.005393744
0.005063295
0.005079269
0.005054951
0.005448103
0.005240679
0.005264044
0.005180836
0.002321482
0.005343199
0.005078316
0.005083799
0.005062103
0.005196810
0.005061626
0.005134583
0.005096197
0.002266407
0.005419970
0.005067110
0.005259752
0.005044937
0.005099773
0.005132198
0.005131245
0.005118847
0.002287149
0.005415201
0.005073547
0.005064011
0.005057335
0.005144119
0.005112648
0.005136967
0.005097151
0.002281904
0.005353451
0.005092144
0.005090475
0.005055428
0.005074263
0.005050421
0.005089998
0.005129814
0.002279758
0.005417347
0.005067825
0.005215406
0.005051374
0.005071163
0.005179644
0.005121946
0.005157232
0.002301216
0.005410910
0.005207777
0.005112171
0.005122900
0.005162716
0.005145550
0.005084038
0.005118847
0.002291918
0.005412102
0.005103111
0.005072117
0.005061865
0.005133152
0.005112410
0.005134821
0.005134583
0.002277613
0.005385399
0.005102873
0.005142927
0.005048275
0.005148172
0.005079508
0.005123854
0.005141497
0.002285480
0.005396605
0.005215168
0.005182981
0.005087614
0.005070210
0.005058289
0.005097628
0.005114079
0.002286196
0.005362749
0.005076170
0.005082130
0.005055428
0.005048275
0.005054712
0.005099297
0.005077839
0.002276421
0.005439281
0.005067587
0.005097628
0.005091429
0.005080700
0.005091667
0.005095959
0.005140781
0.002285480
0.005442142
0.005085945
0.005099535
0.005064011
0.005110979
0.005107641
0.005112886
0.005123615
0.002290010
0.005340815
0.005132198
0.005073547
0.005063772
0.005115986
0.005058050
0.005164862
0.005101442
0.002288580
0.005400658
0.005061150
0.005107403
0.005055904
0.005063295
0.005047560
0.005152941
0.005152702
0.002296925
0.005371571
0.005070210
0.005118132
0.005066156
0.005109787
0.005109072
0.005126715
0.005110264
0.002298832
0.005424261
0.005066156
0.005087137
0.005069971
0.005152464
0.005110502
0.005125999
0.005129099
0.002293825
0.005791187
0.005130768
0.005150557
0.005093813
0.005079269
0.005095482
0.005087376
0.005089283
0.002291679
0.005375147
0.005111933
0.005082369
0.005045414
0.005140781
0.005133390
0.005168200
0.005158424
0.002289534
0.005397558
0.005070686
0.005063772
0.005079508
0.005090952
0.005073309
0.005081415
0.005132914
0.002283812
0.005419493
0.005100965
0.005123138
0.005089283
0.005203485
0.005110979
0.005140543
0.005134344
0.002274752
0.005515337
0.005093575
0.005117655
0.005040884
0.005072355
0.005045176
0.005048275
0.005036116
0.002261877
0.005369902
0.005079031
0.005093336
0.005042076
0.005153656
0.005152464
0.005115747
0.005115747
0.002304554
0.005365849
0.005059958
0.005061865
0.005058765
0.005121231
0.005112410
0.005149364
0.005131960
0.002308130
0.005479813
0.005108833
0.005088091
0.005060196
0.005057573
0.005046844
0.005096674
0.005106211
0.002274275
0.005410194
0.005102396
0.005062819
0.005064964
0.005106211
0.005053520
0.005099297
0.005121469
0.002288580
0.005420923
0.005052805
0.005079508
0.005064726
0.005124807
0.005142450
0.005252361
0.005292416
0.002318621
0.005665302
0.005062103
0.005098343
0.005049706
0.005151272
0.005134583
0.005200386
0.005250454
0.002307653
0.005436420
0.005110264
0.005075932
0.005059242
0.005053997
0.005048513
0.005133629
0.005157471
0.002298832
0.005348206
0.005077362
0.005078793
0.005059958
0.005052805
0.005053282
0.005039215
0.005138874
0.002299786
0.005455017
0.005274534
0.005199909
0.005156040
0.005182981
0.005129337
0.005168676
0.005139828
0.002323389
0.005364418
0.005118132
0.005072117
0.005043507
0.005129814
0.005092144
0.005136728
0.005105019
0.002296448
0.005402565
0.005067825
0.005065441
0.005052090
0.005143642
0.005130053
0.005150318
0.005178452
0.002294779
0.005367517
0.005116463
0.005182028
0.005129337
0.005079985
0.005109072
0.005063534
0.005145073
0.002285719
0.005369186
0.005082846
0.005093575
0.005064726
0.005165577
0.005064249
0.005133390
0.005143642
0.002286911
0.005412102
0.005068779
0.005117893
0.005050659
0.005103827
0.005043983
0.005091190
0.005088329
0.002268553
0.005364418
0.005064249
0.005081415
0.005075455
0.005101442
0.005053282
0.005169868
0.005163670
0.002298355
0.005656481
0.005086422
0.005181551
0.005101204
0.005133152
0.005076885
0.005133629
0.005098820
0.002289057
0.005408764
0.005096197
0.005105257
0.005105734
0.005151033
0.005517006
0.005594492
0.005553246
0.002471447
0.005342722
0.005063534
0.005110741
0.005100965
0.005089045
0.005058289
0.005115032
0.005130053
0.002270937
0.005444527
0.005095959
0.005154371
0.005080938
0.005157948
0.005059719
0.005145311
0.005141020
0.002285480
0.005405664
0.005087376
0.005251169
0.005059719
0.005667448
0.005053282
0.005152225
0.005108118
0.002288818
0.005449057
0.005169630
0.005203724
0.005186796
0.005180120
0.005171061
0.005186558
0.005208254
0.002314568
0.005402803
0.005067825
0.005129337
0.005121231
0.005156279
0.005128860
0.005177259
0.005150795
0.002319336
0.005371571
0.005066395
0.005075455
0.005069971
0.005063295
0.005087614
0.005124569
0.005120277
0.002300262
0.005414486
0.005179882
0.005072117
0.005054712
0.005150318
0.005111217
0.005072117
0.005087852
0.002316475
0.005391836
0.005068064
0.005041599
0.005044222
0.005051374
0.005079508
0.005106211
0.005176783
0.002274275
0.005433321
0.005061865
0.005112171
0.005052090
0.005115271
0.005116463
0.005105495
0.005119324
0.002298355
0.005727291
0.005208492
0.005060911
0.005085230
0.005067110
0.005052328
0.005125284
0.005123615
0.002292633
0.005372286
0.005095482
0.005074739
0.005056143
0.005053759
0.005061388
0.005078316
0.005091190
0.002289534
0.005363226
0.005083084
0.005058765
0.005047321
0.005065441
0.005099773
0.005124569
0.005159855
0.002295971
0.005684614
0.005292654
0.005092621
0.005109549
0.005216122
0.005071640
0.005124331
0.005108118
0.002278805
0.005389452
0.005112171
0.005057096
0.005102158
0.005074978
0.005074024
0.005166769
0.005167007
0.002335548
0.005426168
0.005194664
0.005162477
0.005140543
0.005159855
0.005146980
0.005146980
0.005150795
0.002287149
0.005367279
0.005069971
0.005084038
0.005068541
0.005137205
0.005144596
0.005174398
0.005187750
0.002288818
0.005458117
0.005064964
0.005099535
0.005043745
0.005075455
0.005051374
0.005073786
0.005088329
0.002265215
0.005424500
0.005068302
0.005075455
0.005102158
0.005120277
0.005059004
0.005130529
0.005132437
0.002291918
0.005330086
0.005064011
0.005077600
0.005042315
0.005114317
0.005097389
0.005138159
0.005084753
0.002296448
0.005343437
0.005060434
0.005058765
0.005047083
0.005242109
0.005143881
0.005146503
0.005155802
0.002301693
0.005396605
0.005064249
0.005056381
0.005048037
0.005062342
0.005125284
0.005133867
0.005159378
0.002292395
0.005366802
0.005158901
0.005094051
0.005119562
0.005112410
0.005106688
0.005103827
0.005151749
0.002340794
0.005577087
0.005079985
0.005063295
0.005056381
0.005057812
0.005080462
0.005111694
0.005073547
0.002272844
0.005346060
0.005102158
0.005086899
0.005050421
0.005139589
0.005115271
0.005160809
0.005121231
0.002272367
0.005368948
0.005051136
0.005064011
0.005048275
0.005243540
0.005163670
0.005190134
0.005193472
0.002324820
0.005457878
0.005065918
0.005058527
0.005046368
0.005089521
0.005059242
0.005082369
0.005280018
0.002308846
0.005400658
0.005154610
0.005211115
0.005174160
0.005192041
0.005137682
0.005131960
0.005139112
0.002309561
0.005494595
0.005077600
0.005141020
0.005062342
0.005226374
0.005165577
0.005220175
0.005124331
0.002283573
0.005401134
0.005063057
0.005082607
0.005059958
0.005108833
0.005083084
0.005095720
0.005085945
0.002275467
0.005383253
0.005062103
0.005117893
0.005056620
0.005125999
0.005115747
0.005154133
0.005154371
0.002302408
0.005343676
0.005082846
0.005109072
0.005054712
0.005191088
0.005099773
0.005110264
0.005085468
0.002278090
0.005486250
0.005165815
0.005093813
0.005084753
0.005090237
0.005069017
0.005190611
0.005115747
0.002279997
0.005348444
0.005130529
0.005083799
0.005065918
0.005069256
0.005081654
0.005115509
0.005093813
0.002276659
0.005380630
0.005078793
0.005103350
0.005070925
0.005141973
0.005076885
0.005119801
0.005106211
0.002308607
0.005419493
0.005075216
0.005079031
0.005111694
0.005050182
0.005057573
0.005169630
0.005121469
0.002282143
0.005396843
0.005096436
0.005122423
0.005093575
0.005196333
0.005047321
0.005170822
0.005170107
0.002297878
0.005501509
0.005173445
0.005064487
0.005059481
0.005112171
0.005129337
0.005167007
0.005137205
0.002302170
0.005457640
0.005140305
0.005145073
0.005123854
0.005172014
0.005163193
0.005179882
0.005121708
0.002286911
0.005382538
0.005073786
0.005059719
0.005058289
0.005064964
0.005100250
0.005120039
0.005113602
0.002286434
0.005423307
0.005160093
0.005126953
0.005129576
0.005207300
0.005143166
0.005151510
0.005168915
0.002299786
0.005392551
0.005077362
0.005151749
0.005047798
0.005124569
0.005069256
0.005152225
0.005101919
0.002294064
0.005370855
0.005079269
0.005049944
0.005049706
0.005104065
0.005037069
0.005117416
0.005125999
0.002293587
0.005520344
0.005122900
0.005162954
0.005101919
0.005183935
0.005087614
0.005133390
0.005089045
0.002268553
0.005397797
0.005087376
0.005091429
0.005050182
0.005080462
0.005072117
0.005082130
0.005146027
0.002303600
0.005380392
0.005066395
0.005066156
0.005029917
0.005052090
0.005048990
0.005131245
0.005134821
0.002277374
0.005389929
0.005072594
0.005145550
0.005053282
0.005102873
0.005042553
0.005195379
0.005162239
0.002302647
0.005464554
0.005153179
0.005171776
0.005134583
0.005190372
0.005148172
0.005158663
0.005247355
0.002308607
0.005414486
0.005053043
0.005173206
0.005124092
0.005152225
0.005074978
0.005079269
0.005143166
0.002282143
0.005368710
0.005066633
0.005098820
0.005053282
0.005164862
0.005134344
0.005140305
0.005109310
0.002274752
0.005420923
0.005107403
0.005170345
0.005129099
0.005131721
0.005082369
0.005112886
0.005073786
0.002294540
0.005336285
0.005055189
0.005058050
0.005056620
0.005105972
0.005053520
0.005110979
0.005060196
0.002283812
0.005348682
0.005069256
0.005052090
0.005047798
0.005080223
0.005095005
0.005115509
0.005100727
0.002280951
0.005346775
0.005066395
0.005096197
0.005054712
0.005086422
0.005064487
0.005123615
0.005088806
0.002274513
0.005431414
0.005056143
0.005088329
0.005041838
0.005069733
0.005050898
0.005069256
0.005152702
0.002274036
0.005381107
0.005250931
0.005084038
0.005041838
0.005117416
0.005114794
0.005138636
0.005144119
0.002287626
0.005403280
0.005109787
0.005052805
0.005093575
0.005364895
0.005301952
0.005236149
0.005138636
0.002276659
0.005414963
0.005075693
0.005101204
0.005051374
0.005089998
0.005050182
0.005116224
0.005152941
0.002305269
0.005349398
0.005088329
0.005090714
0.005064726
0.005088329
0.005055428
0.005062819
0.005156279
0.002297878
0.005423307
0.005058050
0.005051613
0.005056381
0.005096912
0.005133152
0.005125999
0.005133152
0.002292156
0.005405426
0.005063534
0.005108356
0.005054951
0.005059004
0.005044222
0.005215406
0.005179167
0.002316713
0.005687475
0.005133152
0.005115747
0.005071640
0.005075455
0.005077839
0.005116463
0.005102396
0.002291441
0.005717516
0.005198956
0.005150557
0.005135775
0.005171776
0.005106688
0.005146027
0.005128145
0.002289534
0.005459547
0.005107403
0.005069733
0.005088806
0.005135298
0.005107641
0.005154371
0.005104303
0.002284765
0.005418777
0.005077600
0.005110025
0.005087376
0.005069971
0.005054951
0.005132914
0.005146503
0.002294064
0.005335569
0.005066872
0.005080462
0.005065680
0.005088091
0.005061865
0.005209446
0.005101204
0.002284050
0.005373955
0.005204201
0.005086660
0.005237103
0.005160093
0.005102873
0.005135536
0.005179167
0.002323866
0.005364180
0.005068779
0.005119324
0.005061626
0.005076408
0.005079031
0.005108356
0.005085468
0.002264977
0.005351782
0.005073309
0.005077124
0.005048990
0.005076885
0.005050182
0.005105257
0.005081654
0.002254486
0.005335569
0.005119562
0.005147457
0.005139112
0.005177975
0.005166292
0.005130053
0.005101681
0.002292633
0.005400419
0.005070925
0.005097866
0.005072594
0.005073309
0.005040169
0.005134106
0.005116940
0.002276421
0.005337477
0.005141735
0.005100489
0.005061865
0.005144835
0.005078793
0.005173445
0.005103588
0.002281427
0.005408287
0.005069971
0.005045176
0.005043983
0.005061865
0.005130053
0.005157948
0.005149603
0.002292156
0.005633831
0.005087852
0.005079746
0.005107403
0.005087852
0.005095482
0.005125999
0.005107880
0.002281666
0.005513668
0.005069256
0.005089998
0.005075693
0.005141497
0.005126715
0.005221844
0.005223751
0.002322674
0.005424261
0.005155563
0.005077362
0.005080700
0.005133629
0.005125523
0.005113840
0.005139351
0.002297640
0.005363941
0.005087614
0.005090714
0.005075932
0.005069017
0.005060196
0.005090714
0.005058527
0.002273321
0.005345821
0.005068541
0.005078077
0.005079985
0.005205393
0.005077839
0.005130529
0.005093336
0.002275467
0.005373478
0.005062103
0.005048275
0.005060911
0.005058765
0.005064726
0.005071163
0.005062342
0.002263069
0.005343914
0.005059958
0.005046606
0.005090475
0.005105972
0.005048513
0.005123377
0.005115509
0.002275229
0.005382299
0.005062580
0.005089045
0.005084515
0.005087376
0.005055666
0.005139351
0.005148888
0.002293587
0.005362511
0.005071163
0.005055428
0.005043268
0.005075932
0.005103827
0.005125761
0.005092144
0.002294064
0.005412817
0.005222559
0.005088568
0.005216122
0.005090714
0.005181074
0.005157709
0.005119562
0.002291441
0.005768299
0.005122900
0.005150557
0.005156755
0.005238056
0.005092859
0.005138874
0.005134344
0.002295494
0.005397320
0.005053520
0.005068064
0.005034924
0.005069494
0.005039215
0.005535364
0.005519152
0.002466202
0.005418062
0.005060196
0.005142212
0.005048990
0.005100965
0.005044937
0.005098343
0.005095243
0.002266407
0.005397797
0.005053759
0.005109072
0.005051374
0.005099297
0.005054712
0.005103588
0.005080700
0.002308607
0.005426884
0.005067348
0.005064487
0.005047798
0.005112648
0.005069494
0.005100250
0.005132437
0.002309799
0.005653858
0.005081177
0.005047321
0.005041838
0.005050659
0.005087614
0.005116224
0.005159616
0.002277613
0.005421162
0.005051613
0.005091667
0.005046368
0.005053282
0.005036116
0.005119085
0.005173683
0.002298355
0.005408287
0.005088568
0.005087137
0.005042315
0.005120277
0.005085945
0.005100250
0.005101919
0.002278805
0.005416393
0.005063295
0.005063057
0.005042076
0.005134821
0.005141258
0.005140305
0.005161524
0.002292156
0.005393744
0.005078077
0.005207300
0.005089521
0.005101204
0.005057812
0.005140305
0.005124092
0.002289057
0.005467176
0.005086422
0.005173206
0.005102634
0.005304098
0.005278587
0.005269289
0.005267620
0.002354145
0.005644083
0.005146027
0.005095720
0.005069017
0.005053520
0.005069494
0.005101442
0.005150795
0.002289772
0.005361319
0.005069494
0.005091190
0.005067348
0.005061626
0.005047321
0.005070448
0.005074263
0.002292395
0.005448341
0.005127907
0.005140066
0.005119562
0.005207300
0.005181074
0.005191326
0.005093336
0.002315283
0.005707979
0.005104780
0.005120039
0.005111933
0.005141258
0.005106688
0.005103111
0.005088568
0.002281904
0.005356789
0.005077839
0.005146265
0.005132437
0.005107641
0.005098104
0.005075455
0.005072355
0.002272844
0.005389929
0.005064011
0.005039930
0.005068541
0.005168676
0.005109072
0.005123615
0.005110741
0.002280712
0.005371809
0.005081892
0.005120993
0.005109310
0.005088329
0.005060434
0.005112171
0.005153179
0.002291679
0.005344391
0.005063534
0.005061388
0.005059719
0.005220175
0.005102634
0.005162716
0.005127430
0.002308846
0.005590200
0.005148172
0.005067110
0.005047560
0.005069971
0.005060673
0.005122662
0.005080700
0.002278566
0.005704403
0.005193472
0.005127192
0.005136728
0.005238533
0.005067110
0.005168676
0.005142450
0.002287388
0.005358696
0.005078077
0.005055428
0.005146980
0.005153656
0.005200148
0.005202293
0.005144119
0.002302170
0.005384445
0.005065918
0.005092382
0.005059242
0.005094290
0.005050898
0.005104542
0.005083084
0.002278328
0.005395174
0.005063534
0.005097628
0.005054474
0.005081177
0.005065441
0.005109787
0.005131960
0.002270460
0.005372047
0.005070686
0.005108356
0.005065203
0.005180836
0.005125523
0.005154610
0.005113125
0.002284288
0.005348206
0.005100965
0.005076647
0.005082607
0.005066156
0.005079031
0.005108356
0.005076170
0.002259970
0.005416632
0.005065441
0.005055904
0.005049944
0.005067825
0.005158901
0.005122900
0.005062580
0.002267361
0.005369663
0.005060434
0.005062580
0.005062342
0.005054474
0.005058289
0.005081654
0.005104065
0.002279520
0.005738497
0.005160093
0.005135298
0.005130529
0.005094767
0.005060911
0.005115032
0.005108118
0.002287865
0.005335331
0.005062819
0.005063772
0.005048990
0.005096912
0.005066872
0.005103588
0.005099058
0.002286911
0.005607605
0.005127192
0.005129576
0.005127907
0.005136251
0.005101442
0.005131483
0.005120277
0.002291441
0.005356073
0.005264997
0.005087376
0.005200148
0.005164146
0.005074978
0.005115986
0.005095482
0.002289772
0.005373240
0.005106449
0.005095243
0.005055904
0.005092859
0.005039930
0.005133629
0.005124092
0.002283573
0.005393744
0.005075216
0.005098581
0.005044460
0.005062103
0.005065203
0.005101681
0.005074501
0.002265215
0.005351067
0.005069971
0.005088091
0.005047321
0.005165339
0.005131483
0.005119801
0.005132198
0.002311945
0.005371332
0.005088806
0.005049229
0.005046844
0.005110264
0.005054951
0.005167484
0.005120993
0.002296448
0.005353689
0.005073309
0.006490707
0.005038977
0.005083561
0.005111456
0.005144835
0.005115747
0.002309322
0.005325079
0.005072355
0.005046606
0.005096674
0.005046129
0.005053043
0.005171061
0.005164623
0.002300978
0.005376339
0.005069494
0.005145311
0.005084991
0.005090475
0.005079746
0.005115986
0.005246162
0.002290010
0.005666018
0.005187273
0.005136967
0.005137682
0.005141258
0.005130529
0.005131483
0.005110502
0.002290487
0.005410433
0.005063295
0.005084753
0.005045414
0.005153894
0.005124092
0.005130529
0.005129337
0.002296209
0.005392313
0.005058289
0.005101681
0.005053282
0.005062819
0.005058527
0.005085945
0.005127907
0.002300262
0.005608320
0.005126238
0.005082846
0.005104542
0.005171537
0.005142689
0.005157948
0.005127192
0.002290726
0.005392075
0.005067587
0.005092144
0.005148888
0.005145788
0.005102873
0.005090475
0.005131483
0.002271414
0.005606413
0.005149364
0.005144596
0.005084753
0.005069494
0.005081415
0.005140066
0.005252600
0.002328157
0.005388737
0.005125046
0.005080938
0.005068064
0.005137205
0.005078316
0.005076885
0.005089998
0.002272844
0.005386114
0.005060434
0.005084038
0.005057096
0.005051613
0.005032063
0.005148411
0.005117416
0.002306700
0.005579472
0.005120993
0.005103350
0.005119801
0.005104065
0.005101442
0.005106688
0.005091906
0.002283335
0.005361795
0.005059719
0.005085707
0.005060911
0.005138636
0.005113602
0.005150080
0.005117893
0.002277374
0.005345583
0.005080462
0.005047560
0.005042076
0.005110264
0.005117178
0.005093813
0.005129337
0.002294540
0.005386829
0.005071640
0.005109072
0.005045414
0.005074024
0.005072832
0.005091667
0.005066633
0.002278805
0.005367041
0.005065203
0.005057573
0.005052328
0.005065680
0.005086899
0.005087376
0.005171776
0.002283335
0.005386114
0.005072355
0.005083084
0.005043983
0.005099535
0.005045652
0.005107641
0.005144596
0.002318144
0.005413055
0.005113125
0.005105019
0.005100727
0.005148888
0.005137205
0.005152941
0.005201101
0.002292156
0.005343914
0.005058527
0.005060196
0.005054235
0.005053043
0.005063057
0.005120993
0.005125761
0.002302885
0.005342245
0.005136251
0.005087137
0.005054951
0.005082369
0.005068302
0.005105495
0.005117893
0.002326965
0.005715609
0.005192280
0.005354643
0.005156517
0.005307674
0.005132675
0.005144358
0.005116463
0.002274275
0.005353451
0.005078554
0.005072355
0.005050421
0.005106688
0.005053282
0.005161285
0.005172014
0.002292156
0.005384445
0.005248308
0.005094767
0.005065680
0.005147934
0.005214453
0.005159140
0.005095482
0.002295017
0.005496979
0.005055428
0.005043745
0.005045891
0.005052805
0.005034447
0.005153656
0.005107641
0.002297401
0.005409002
0.005223274
0.005110264
0.005135298
0.005138159
0.005129337
0.005144119
0.005106688
0.002278328
0.005394697
0.005057812
0.005074739
0.005053759
0.005144835
0.005142689
0.005189419
0.005104542
0.002276659
0.005520821
0.005076885
0.005079031
0.005053043
0.005191088
0.005081177
0.005099773
0.005088568
0.002278805
0.005335569
0.005094767
0.005069971
0.005045652
0.005084753
0.005058527
0.005107641
0.005117655
0.002301931
0.005421638
0.005069971
0.005077124
0.005059719
0.005052567
0.005060196
0.005079269
0.005095959
0.002317429
0.005750179
0.005133629
0.005093813
0.005064249
0.005177259
0.005136967
0.005185127
0.005128622
0.002297401
0.005361557
0.005081892
0.005086660
0.005052567
0.005084515
0.005042076
0.005135536
0.005294800
0.002386808
0.005383015
0.005126476
0.005100250
0.005074501
0.005097866
0.005053997
0.005151510
0.005136728
0.002318859
0.005385637
0.005062103
0.005055428
0.005057573
0.005072594
0.005138397
0.005179882
0.005158424
0.002324820
0.005403519
0.005135536
0.005129337
0.005107880
0.005132914
0.005085230
0.005112410
0.005299330
0.002327681
0.005348206
0.005089283
0.005090237
0.005072594
0.005105972
0.005074024
0.005101442
0.005110264
0.002275705
0.005376339
0.005120277
0.005066633
0.005049706
0.005181074
0.005119324
0.005145550
0.005099535
0.002280235
0.005377531
0.005059481
0.005076408
0.005041122
0.005064487
0.005055904
0.005072355
0.005098104
0.002315044
0.005379438
0.005066633
0.005067348
0.005106211
0.005085230
0.005138397
0.005177259
0.005172491
0.002307653
0.005378962
0.005067110
0.005077124
0.005059481
0.005131721
0.005144358
0.005134106
0.005132675
0.002306938
0.005627394
0.005134821
0.005157232
0.005055666
0.005059958
0.005054235
0.005132675
0.005111217
0.002303123
0.005357742
0.005095959
0.005095243
0.005063534
0.005115509
0.005133390
0.005154610
0.005118132
0.002281904
0.005349398
0.005089998
0.005045414
0.005042791
0.005132437
0.005132437
0.005166054
0.005164862
0.002298832
0.005350590
0.005067110
0.005046606
0.005110264
0.005148411
0.005122900
0.005208015
0.005149364
0.002311945
0.005367994
0.005113840
0.005145550
0.005050898
0.005290508
0.005141020
0.005190611
0.005129337
0.002287388
0.005440712
0.005061626
0.005074263
0.005092859
0.005081415
0.005104780
0.005093098
0.005095005
0.002285480
0.005350828
0.005114079
0.005094767
0.005054712
0.005132198
0.005152225
0.005177021
0.005163670
0.002292395
0.005435228
0.005068779
0.005061865
0.005051851
0.005092621
0.005129337
0.005119801
0.005107641
0.002290726
0.005372286
0.005227327
0.005132675
0.005049944
0.005051851
0.005048037
0.005080938
0.005095243
0.002274036
0.005609274
0.005083799
0.005132675
0.005093813
0.005133629
0.005146980
0.005143166
0.005106926
0.002285957
0.005361557
0.005361080
0.005116224
0.005097866
0.005106211
0.005076170
0.005106449
0.005126953
0.002272367
0.005386829
0.005237103
0.005089998
0.005047321
0.005059004
0.005029917
0.005107641
0.005123615
0.002275467
0.005694628
0.005112648
0.005060196
0.005042553
0.005050898
0.005062819
0.005079031
0.005081415
0.002264738
0.005721569
0.005203962
0.005105734
0.005114555
0.005303621
0.005047321
0.005143642
0.005164146
0.002302647
0.005763292
0.005215645
0.005236626
0.005174160
0.005168438
0.005137205
0.005151272
0.005164623
0.002299786
0.005361795
0.005111933
0.005052090
0.005043983
0.005047083
0.005062342
0.005050898
0.005137444
0.002287865
0.005378246
0.005054951
0.005066395
0.005048513
0.005126953
0.005072594
0.005091906
0.005103111
0.002274752
0.005419016
0.005206108
0.005100489
0.005069256
0.005118370
0.005081415
0.005124569
0.005119324
0.002282143
0.005334854
0.005040884
0.005042791
0.005039454
0.005101442
0.005090237
0.005106449
0.005097628
0.002286196
0.005525827
0.005071163
0.005079508
0.005032063
0.005059481
0.005100250
0.005144358
0.005124092
0.002284527
0.005316496
0.005060911
0.005091906
0.005096912
0.005059719
0.005105972
0.005140066
0.005105019
0.002295971
0.005386591
0.005100012
0.005051136
0.005095482
0.005133867
0.005064249
0.005083084
0.005108595
0.002283573
0.005362034
0.005096674
0.005064487
0.005073309
0.005071878
0.005122185
0.005129337
0.005133390
0.002288580
0.005365133
0.005091906
0.005077600
0.005048275
0.005081654
0.005049467
0.005067825
0.005089521
0.002271414
0.005370855
0.005069733
0.005057573
0.005043030
0.005096436
0.005089283
0.005126238
0.005091429
0.002305746
0.005361080
0.005042791
0.005075455
0.005033493
0.005082369
0.005149364
0.005152464
0.005135059
0.002305984
0.005366325
0.005063772
0.005065203
0.005046368
0.005086660
0.005035877
0.005270243
0.005131960
0.002322197
0.005442381
0.005131721
0.005165577
0.005101681
0.005143642
0.005114317
0.005154371
0.005114794
0.002300501
0.005399466
0.005099535
0.005057812
0.005039930
0.005108595
0.005136251
0.005141258
0.005187273
0.002316475
0.005386829
0.005117893
0.005063772
0.005054235
0.005054235
0.005049944
0.005152702
0.005205393
0.002286196
0.005394220
0.005079508
0.005067825
0.005057573
0.005089521
0.005100250
0.005163193
0.005130768
0.002287865
0.005337954
0.005117416
0.005068779
0.005163431
0.005121708
0.005143642
0.005103588
0.005118608
0.002306223
0.005359650
0.005070686
0.005101204
0.005042791
0.005143166
0.005120039
0.005135059
0.005115986
0.002302885
0.005431890
0.005132437
0.005063534
0.005040646
0.005069971
0.005060196
0.005151749
0.005120993
0.002288818
0.005450487
0.005125523
0.005166292
0.005197048
0.005555391
0.005520582
0.005562544
0.005510092
0.002460241
0.005347013
0.005081177
0.005092859
0.005039215
0.005097151
0.005066156
0.005091906
0.005230427
0.002269030
0.005717754
0.005166054
0.005170822
0.005098343
0.005399466
0.005341530
0.005360365
0.005147696
0.002310038
0.005359173
0.005109310
0.005078793
0.005045891
0.005117178
0.005077124
0.005105257
0.005103827
0.002282381
0.005388498
0.005075216
0.005116940
0.005076408
0.005109787
0.005058765
0.005101442
0.005109787
0.002290726
0.005370855
0.005066156
0.005073786
0.005052090
0.005046844
0.005280733
0.005100250
0.005230904
0.002304792
0.005357265
0.005069494
0.005053759
0.005049944
0.005062342
0.005044222
0.005110979
0.005208731
0.002274990
0.005350113
0.005113363
0.005080938
0.005070210
0.005053997
0.005097866
0.005105257
0.005113840
0.002288103
0.005380392
0.005071163
0.005117416
0.005077600
0.005102158
0.005072117
0.005093098
0.005100489
0.002296209
0.005635500
0.005147219
0.005041599
0.005037785
0.005120039
0.005130053
0.005134344
0.005120039
0.002287626
0.005340099
0.005077600
0.005122662
0.005044222
0.005132914
0.005087614
0.005126715
0.005103827
0.002274513
0.005349159
0.005102396
0.005103350
0.005051613
0.005192041
0.005125046
0.005153656
0.005111217
0.002322435
0.005385160
0.005066156
0.005058050
0.005054712
0.005056620
0.005027056
0.005129099
0.005114079
0.002294064
0.005364656
0.005115986
0.005060911
0.005069971
0.005044699
0.005039930
0.005125761
0.005112648
0.002280712
0.005382776
0.005126238
0.005086422
0.005079985
0.005172253
0.005110979
0.005133867
0.005129576
0.002288103
0.005352974
0.005070925
0.005080700
0.005039454
0.005069494
0.005037785
0.005127430
0.005142450
0.002305269
0.005503654
0.005053997
0.005092382
0.005041599
0.005117416
0.005107880
0.005160570
0.005109072
0.002285004
0.005409479
0.005072832
0.005082607
0.005059242
0.005057335
0.005048275
0.005123138
0.005145788
0.002292395
0.005624533
0.005106926
0.005107641
0.005049706
0.005087137
0.005038261
0.005098104
0.005149364
0.002283096
0.005416632
0.005055428
0.005071878
0.005050182
0.005209208
0.005252600
0.005147457
0.005126715
0.002322435
0.005603075
0.005144835
0.005143166
0.005099297
0.005122185
0.005136490
0.005104303
0.005178213
0.002291679
0.005332708
0.005058289
0.005080938
0.005051851
0.005042553
0.005048513
0.005096674
0.005095482
0.002304077
0.005407810
0.005062342
0.005044937
0.005035877
0.005062342
0.005125523
0.005140066
0.005181551
0.002307653
0.005475044
0.005073547
0.005058527
0.005039692
0.005067825
0.005103588
0.005118370
0.005114794
0.002298355
0.005378246
0.005100727
0.005072594
0.005086422
0.005115509
0.005111933
0.005133629
0.005115032
0.002308607
0.005389929
0.005222321
0.005104065
0.005049706
0.005151510
0.005075455
0.005096674
0.005142212
0.002298832
0.005568981
0.005131245
0.005083084
0.005101681
0.005091667
0.005045176
0.005129814
0.005177259
0.002286196
0.005453110
0.005066633
0.005078793
0.005089521
0.005341291
0.005291462
0.005267382
0.005210161
0.002351761
0.005459070
0.005087852
0.005145550
0.005097628
0.005131006
0.005098581
0.005388498
0.005330324
0.002789497
0.005397558
0.005105495
0.005123854
0.005069256
0.005100012
0.005076647
0.005097628
0.005077362
0.002267361
0.005412102
0.005105495
0.005105495
0.005066633
0.005168438
0.005141735
0.005143642
0.005118132
0.002286673
0.005360126
0.005057096
0.005084038
0.005048037
0.005109310
0.005105257
0.005137920
0.005148411
0.002297401
0.005522728
0.005047321
0.005146027
0.005040646
0.005086422
0.005153894
0.005223513
0.005123377
0.002273321
0.005368710
0.005057573
0.005075693
0.005038500
0.005077839
0.005093336
0.005136967
0.005151510
0.002280235
0.005414963
0.005123615
0.005121708
0.005378008
0.005440712
0.005440474
0.005499125
0.005523205
0.002471447
0.005413771
0.005069256
0.005142689
0.005070686
0.005088806
0.005078554
0.005124569
0.005091667
0.002324581
0.005506039
0.005192518
0.005123377
0.005130291
0.005079985
0.005038500
0.005074501
0.005082130
0.002254009
0.005336523
0.005062103
0.005051613
0.005067348
0.005061626
0.005040407
0.005131245
0.005119801
0.002304792
0.005444050
0.005067348
0.005072594
0.005062342
0.005051374
0.005061865
0.005139828
0.005095243
0.002292871
0.005434036
0.005074263
0.005061150
0.005041838
0.005059004
0.005065441
0.005157948
0.005104303
0.002293825
0.005358934
0.005064011
0.005064487
0.005053282
0.005134821
0.005170822
0.005125046
0.005117893
0.002291679
0.005444765
0.005092859
0.005053997
0.005042315
0.005090952
0.005123615
0.005132437
0.005113363
0.002283573
0.005747080
0.005076885
0.005077839
0.005051851
0.005046368
0.005055666
0.005153894
0.005178928
0.002321720
0.005370140
0.005069971
0.005053520
0.005055904
0.005116463
0.005218983
0.005250931
0.005182505
0.002310753
0.005360842
0.005070448
0.005089998
0.005040884
0.005217314
0.005085945
0.005129099
0.005102873
0.002290249
0.005405664
0.005110979
0.005125046
0.005088091
0.005185127
0.005177259
0.005140781
0.005119562
0.002310276
0.005322218
0.005105734
0.005079508
0.005056858
0.005083799
0.005074501
0.005110264
0.005089045
0.002293110
0.005344152
0.005056381
0.005172491
0.005084038
0.005096197
0.005038023
0.005075932
0.005071878
0.002269030
0.005799532
0.005057812
0.005067587
0.005325794
0.005321264
0.005261421
0.005301237
0.005164862
0.002347231
0.005639315
0.005162954
0.005155563
0.005125046
0.005078316
0.005097389
0.005122185
0.005110502
0.002279043
0.005672455
0.005064726
0.005071163
0.005025387
0.005079031
0.005095959
0.005123138
0.005145550
0.002277374
0.005835533
0.005280018
0.005214930
0.005201101
0.005246639
0.005196333
0.005218267
0.005248547
0.002324581
0.005348921
0.005093336
0.005109072
0.005045891
0.005128860
0.005108118
0.005134106
0.005097151
0.002282858
0.005338669
0.005065441
0.005090952
0.005051851
0.005069256
0.005051136
0.005088806
0.005114317
0.002273560
0.005667448
0.005206823
0.005225420
0.005128145
0.005153656
0.005106449
0.005134583
0.005121708
0.002272606
0.005424738
0.005105972
0.005084276
0.005047560
0.005247116
0.005177021
0.005240679
0.005202055
0.002306223
0.005452633
0.005116701
0.005048275
0.005076408
0.005059004
0.005114317
0.005316973
0.005199909
0.002321005
0.005373240
0.005077124
0.005177975
0.005098104
0.005088329
0.005040407
0.005104542
0.005157471
0.002299309
0.005436420
0.005078793
0.005066395
0.005043030
0.005055666
0.005126715
0.005105019
0.005129099
0.002268791
0.005390882
0.005065441
0.005061150
0.005105972
0.005059719
0.005051136
0.005066156
0.005107641
0.002302647
0.005359650
0.005070448
0.005080462
0.005046129
0.005120993
0.005134106
0.005145550
0.005188942
0.002287388
0.005448818
0.005176067
0.005159140
0.005132437
0.005142689
0.005135536
0.005136013
0.005133152
0.002302170
0.005339622
0.005068779
0.005053043
0.005045414
0.005095482
0.005039930
0.005136251
0.005114555
0.002313375
0.005345821
0.005070925
0.005045176
0.005038738
0.005063534
0.005099535
0.005113840
0.005115271
0.002331018
0.005394220
0.005066633
0.005082607
0.005185127
0.005056381
0.005044460
0.005100965
0.005137205
0.002290487
0.005431414
0.005125284
0.005110264
0.005094290
0.005074978
0.005048990
0.005099058
0.005260468
0.002292156
0.005346775
0.005053997
0.005096197
0.005044699
0.005109072
0.005113125
0.005121231
0.005138874
0.002297878
0.005477667
0.005158186
0.005179405
0.005171299
0.005150557
0.005143404
0.005139351
0.005139589
0.002309561
0.005603313
0.005098581
0.005081654
0.005050898
0.005197525
0.005044937
0.005089760
0.005116940
0.002275229
0.005452156
0.005097151
0.005099535
0.005055428
0.005044460
0.005074739
0.005098343
0.005064964
0.002277851
0.005333424
0.005056381
0.005039692
0.005054951
0.005086184
0.005049467
0.005036831
0.005164146
0.002317905
0.005475044
0.005137682
0.005127668
0.005383730
0.005553961
0.005576611
0.005582571
0.005598545
0.002479076
0.005370378
0.005123854
0.005097866
0.005046129
0.005056381
0.005033731
0.005136013
0.005104542
0.002278566
0.005352020
0.005068541
0.005068302
0.005045891
0.005047798
0.005050898
0.005125046
0.005125046
0.002292871
0.005879164
0.005203247
0.005113125
0.005035639
0.005123615
0.005098581
0.005110025
0.005097866
0.002268791
0.005583525
0.005082130
0.005113125
0.005515814
0.005106926
0.005045414
0.005194426
0.005119562
0.002294302
0.005336046
0.005149841
0.005095482
0.005055428
0.005078554
0.005042076
0.005145073
0.005118370
0.002330542
0.005338192
0.005069733
0.005063295
0.005041122
0.005092859
0.005063295
0.005168438
0.005135059
0.002295256
0.005349636
0.005119801
0.005071640
0.005055189
0.005234241
0.005143881
0.005117178
0.005172014
0.002300978
0.005326033
0.005057812
0.005063057
0.005049944
0.005077839
0.005050182
0.005070448
0.005099773
0.002289057
0.005381107
0.005168676
0.005092382
0.005045414
0.005068064
0.005083561
0.005070925
0.005115271
0.002283812
0.005482435
0.005068064
0.005103111
0.005155802
0.005181551
0.005064964
0.005105734
0.005097866
0.002286911
0.005365372
0.005108118
0.005068302
0.005065203
0.005043268
0.005045176
0.005128622
0.005152941
0.002284050
0.005356312
0.005140305
0.005053759
0.005045652
0.005123615
0.005070686
0.005129099
0.005066633
0.002274275
0.005458117
0.005106211
0.005089998
0.005103588
0.005203247
0.005527258
0.005513668
0.005529881
0.002487659
0.005387783
0.005056143
0.005088091
0.005046129
0.005105495
0.005072117
0.005100727
0.005195379
0.002292633
0.005605221
0.005070210
0.005090952
0.005050421
0.005083561
0.005093575
0.005177736
0.005148888
0.002298832
0.005352020
0.005063772
0.005063295
0.005033970
0.005102396
0.005053997
0.005121708
0.005117893
0.002287865
0.005498171
0.005166292
0.005200386
0.005159616
0.005172253
0.005177498
0.005178452
0.005158186
0.002331972
0.005412579
0.005060911
0.005082607
0.005047083
0.005156040
0.005079985
0.005107164
0.005085468
0.002274513
0.005350113
0.005065918
0.005071163
0.005053282
0.005140781
0.005133390
0.005141497
0.005116701
0.002299786
0.005392551
0.005061626
0.005057573
0.005033493
0.005045414
0.005031109
0.005118847
0.005112886
0.002285004
0.005702972
0.005130053
0.005079269
0.005042553
0.005049944
0.005038023
0.005086660
0.005139828
0.002277374
0.005390644
0.005074501
0.005108118
0.005051374
0.005104542
0.005131483
0.005151987
0.005149126
0.002301931
0.005348444
0.005062342
0.005045176
0.005069494
0.005131960
0.005151510
0.005190849
0.005152941
0.002304792
0.005372524
0.005074978
0.005077839
0.005051136
0.005151749
0.005100250
0.005200148
0.005117893
0.002314329
0.005453825
0.005068302
0.005170584
0.005112886
0.005166531
0.005182743
0.005235195
0.005161047
0.002288342
0.005517244
0.005226135
0.005168200
0.005147457
0.005178928
0.005150795
0.005215406
0.005157948
0.002305269
0.005400658
0.005075455
0.005097866
0.005068064
0.005132437
0.005090952
0.005158424
0.005102158
0.002301693
0.005359650
0.005066872
0.005053997
0.005041838
0.005070925
0.005067825
0.005126715
0.005097389
0.002269745
0.005588770
0.005135298
0.005136013
0.005175829
0.005115271
0.005070686
0.005078554
0.005098343
0.002284527
0.005400896
0.005058050
0.005096436
0.005055666
0.005108833
0.005080223
0.005118370
0.005076170
0.002277613
0.005617380
0.005125046
0.005079508
0.005205631
0.005069494
0.005043030
0.005102634
0.005222082
0.002345324
0.005359650
0.005063772
0.005138397
0.005052090
0.005105972
0.005083561
0.005113125
0.005074739
0.002270699
0.005366087
0.005057335
0.005076647
0.005054951
0.005054951
0.005064011
0.005094290
0.005268574
0.002285719
0.005573273
0.005073071
0.005080462
0.005062819
0.005061626
0.005036831
0.005092859
0.005089760
0.002287149
0.005636215
0.005059242
0.005057335
0.005058527
0.005103588
0.005063295
0.005102873
0.005095005
0.002276182
0.005362034
0.005072117
0.005055428
0.005030870
0.005040169
0.005034924
0.005223036
0.005143642
0.002306938
0.005470991
0.005080462
0.005085230
0.005099297
0.005247593
0.005126476
0.005137682
0.005116701
0.002282619
0.005399942
0.005098104
0.005068064
0.005048513
0.005049229
0.005084038
0.005183220
0.005173922
0.002321243
0.005527496
0.005053997
0.005060434
0.005044937
0.005111456
0.005090952
0.005344152
0.005106211
0.002286911
0.005766630
0.005271912
0.005284309
0.005217552
0.005213022
0.005177021
0.005204201
0.005192280
0.002305269
0.005334139
0.005062103
0.005041122
0.005081177
0.005084515
0.005116701
0.005129337
0.005134583
0.002321243
0.005358934
0.005070210
0.005088329
0.005052328
0.005082846
0.005053282
0.005093098
0.005080223
0.002311945
0.005378962
0.005069256
0.005084276
0.005052328
0.005179167
0.005159616
0.005160570
0.005121946
0.002285480
0.005337477
0.005058050
0.005047321
0.005079508
0.005095959
0.005076885
0.005176544
0.005127430
0.002297878
0.005697012
0.005165339
0.005157948
0.005053759
0.005228043
0.005149841
0.005193949
0.005144835
0.002295494
0.005357265
0.005117655
0.005045176
0.005041122
0.005060673
0.005055428
0.005140066
0.005134583
0.002285480
0.005377531
0.005081177
0.005052090
0.005091906
0.005152941
0.005189419
0.005255461
0.005149603
0.002306700
0.005378485
0.005057812
0.005086184
0.005037546
0.005078316
0.005046606
0.005138159
0.005237341
0.002288580
0.005345821
0.005055189
0.005076885
0.005048037
0.005162716
0.005131721
0.005158424
0.005107880
0.002306700
0.005394697
0.005097151
0.005054235
0.005182981
0.005099297
0.005123138
0.005142927
0.005140543
0.002293587
0.005466700
0.005070448
0.005089998
0.005050659
0.005113840
0.005093813
0.005100965
0.005088568
0.002282858
0.005385160
0.005107641
0.005071163
0.005044937
0.005098820
0.005049467
0.005111694
0.005134821
0.002294540
0.005829811
0.005156755
0.005236387
0.005069494
0.005049467
0.005095243
0.005165577
0.005107164
0.002300262
0.005387545
0.005067587
0.005081415
0.005055666
0.005113602
0.005083799
0.005132914
0.005100965
0.002307653
0.005377531
0.005058527
0.005043507
0.005080223
0.005039215
0.005046606
0.005123138
0.005072594
0.002266407
0.005394697
0.005115032
0.005042791
0.005053759
0.005179882
0.005191803
0.005219936
0.005169392
0.002314806
0.005611420
0.005080462
0.005076170
0.005106211
0.005094290
0.005068064
0.005103111
0.005115509
0.002278566
0.005418062
0.005050898
0.005088329
0.005089283
0.005108356
0.005041122
0.005105257
0.005187750
0.002292871
0.005392551
0.005063772
0.005088329
0.005043030
0.005118370
0.005041361
0.005163431
0.005152941
0.002299309
0.005444765
0.005077839
0.005096436
0.005075455
0.005158663
0.005119801
0.005143642
0.005153656
0.002317190
0.005341053
0.005067825
0.005084753
0.005034208
0.005073786
0.005047321
0.005125761
0.005106449
0.002294064
0.005338192
0.005054474
0.005068541
0.005045891
0.005052805
0.005041599
0.005120993
0.005128145
0.002300024
0.005367756
0.005138397
0.005128384
0.005131721
0.005226135
0.005512238
0.005524874
0.005529881
0.002482653
0.005365610
0.005081415
0.005068064
0.005091190
0.005130053
0.005053282
0.005070448
0.005091190
0.002275705
0.005394936
0.005069494
0.005056620
0.005050659
0.005058765
0.005086660
0.005087614
0.005089521
0.002321005
0.005440950
0.005096436
0.005043030
0.005043745
0.005056143
0.005037546
0.005107403
0.005078316
0.002279520
0.005384445
0.005061626
0.005081654
0.005034685
0.005145788
0.005103111
0.005111217
0.005110264
0.002303123
0.005403280
0.005060911
0.005084276
0.005050182
0.005194664
0.005185604
0.005240440
0.005170584
0.002309084
0.005382538
0.005069494
0.005098581
0.005067587
0.005174160
0.005155325
0.005176783
0.005113125
0.002273321
0.005338192
0.005147219
0.005147219
0.005126238
0.005122662
0.005112648
0.005148172
0.005137682
0.002358675
0.005352497
0.005055904
0.005100965
0.005050659
0.005200863
0.005106211
0.005153179
0.005120754
0.002290010
0.005434990
0.005083323
0.005074263
0.005041599
0.005128384
0.005045891
0.005082607
0.005111217
0.002275944
0.005442381
0.005115271
0.005134583
0.005105019
0.005531549
0.005493641
0.005562782
0.005560398
0.002471447
0.005632162
0.005360842
0.005247831
0.005290747
0.005256414
0.005286455
0.005296946
0.005247355
0.002425432
0.005661726
0.005300283
0.005268574
0.005250692
0.005289078
0.005257607
0.005289793
0.005253553
0.002346754
0.005487442
0.005242825
0.005197048
0.005162239
0.005200863
0.005129576
0.005141258
0.005136490
0.002311230
0.005798578
0.005319834
0.005313158
0.005221367
0.005254984
0.005227327
0.005237103
0.005249739
0.002350569
0.005588293
0.005285740
0.005251169
0.005264282
0.005262613
0.005231619
0.005254507
0.005235910
0.002342701
0.005551100
0.005281925
0.005229473
0.005234241
0.005283833
0.005221605
0.005343676
0.005297661
0.002375364
0.005845308
0.005480528
0.005554438
0.005411148
0.005489826
0.005376339
0.005375624
0.005391598
0.002422094
0.005736113
0.005359888
0.005468607
0.005388498
0.005396366
0.005381107
0.005513668
0.005495310
0.002443552
0.005674839
0.005447865
0.005461454
0.005461931
0.005429268
0.005391359
0.005427122
0.005406380
0.002454042
0.005672216
0.005438089
0.005425215
0.005409002
0.005426884
0.005336761
0.005421877
0.005369902
0.002431154
0.005680561
0.005372047
0.005364656
0.005342722
0.005379915
0.005469561
0.005509615
0.005412817
0.002390385
0.005605459
0.005218029
0.005281448
0.005248070
0.005380869
0.005294085
0.005267859
0.005228996
0.002348900
0.005464315
0.005162477
0.005258322
0.005146027
0.005213737
0.005161047
0.005227089
0.005154848
0.002330303
0.005562067
0.005334616
0.005305529
0.005284071
0.005308151
0.005202055
0.005386591
0.005225182
0.002367020
0.005678177
0.005404472
0.005420446
0.005368710
0.005468607
0.005599976
0.005454302
0.005419254
0.002432585
0.005837679
0.005533695
0.005507946
0.005507708
0.005505562
0.005475521
0.005478382
0.005474806
0.002451897
0.005552769
0.005262613
0.005267859
0.005283356
0.005270004
0.005231619
0.005260706
0.005259752
0.002336025
0.005658150
0.005269051
0.005298615
0.005248785
0.005285025
0.005256891
0.005300522
0.005258560
0.002359152
0.005803347
0.005558729
0.005465984
0.005626678
0.005470753
0.005470753
0.005473852
0.005428314
0.002495289
0.005630255
0.005439997
0.005350351
0.005308628
0.005322218
0.005260706
0.005280733
0.005271912
0.002353191
0.005581379
0.005262375
0.005303621
0.005252123
0.005265474
0.005248785
0.005240202
0.005257368
0.002337217
0.005759954
0.005386353
0.005348682
0.005409718
0.005326748
0.005322456
0.005356312
0.005280495
0.002379656
0.005687237
0.005339622
0.005364656
0.005335093
0.005347729
0.005331755
0.005636692
0.005419493
0.002383471
0.005481482
0.005197287
0.005240202
0.005173206
0.005208969
0.005176306
0.005179882
0.005183458
0.002312660
0.005523205
0.005244255
0.005264997
0.005204678
0.005224228
0.005214453
0.005291224
0.005272627
0.002350092
0.005582571
0.005334377
0.005502224
0.005388975
0.005354643
0.005282164
0.005319118
0.005275726
0.002362013
0.005847692
0.005665302
0.005579710
0.005539656
0.005466700
0.005505562
0.005454540
0.005480051
0.002480507
0.006331682
0.005644560
0.005607128
0.005534887
0.005635500
0.005533695
0.005595207
0.005595446
0.002520084
0.005931854
0.005268335
0.005257607
0.005249977
0.005232811
0.005242825
0.005289555
0.005640984
0.002749920
0.005706787
0.005507946
0.005393505
0.005434036
0.005424976
0.005376577
0.005600452
0.005384684
0.002420187
0.005658388
0.005393028
0.005440474
0.005382538
0.005423307
0.005371809
0.005372524
0.005405426
0.002398014
0.005807400
0.005598068
0.005527973
0.005525112
0.005588055
0.005507946
0.005641937
0.005521059
0.002463579
0.005741835
0.005490065
0.005451202
0.005430460
0.005452633
0.005434513
0.005440235
0.005439043
0.002432346
0.006017208
0.005275011
0.005456924
0.005346537
0.005289316
0.005232811
0.005295992
0.005289555
0.002361059
0.005486488
0.005172968
0.005187750
0.005143404
0.005259752
0.005141735
0.005225420
0.005177259
0.002328396
0.005534649
0.005220890
0.005310297
0.005215406
0.005246878
0.005195379
0.005243778
0.005221605
0.002314806
0.005832195
0.005333185
0.005246878
0.005234241
0.005294323
0.005234718
0.005347729
0.005319834
0.002372503
0.005570889
0.005271435
0.005252838
0.005225897
0.005259275
0.005201817
0.005335569
0.005208254
0.002328634
0.005517960
0.005250931
0.005156279
0.005202532
0.005199671
0.005167484
0.005186558
0.005167007
0.002305508
0.005355835
0.005098820
0.005096674
0.005076885
0.005184889
0.005148649
0.005194664
0.005095959
0.002307415
0.005467176
0.005244017
0.005225182
0.005204439
0.005319357
0.005238533
0.005231619
0.005228281
0.002323627
0.005470037
0.005142212
0.005172491
0.005134106
0.005165815
0.005117655
0.005182505
0.005201578
0.002319336
0.005519152
0.005225897
0.005224705
0.005189180
0.005237818
0.005204916
0.005214691
0.005212784
0.002320766
0.005554199
0.005404711
0.005405903
0.005419016
0.005429745
0.005327225
0.005373478
0.005352974
0.002418280
0.005735874
0.005367279
0.005440235
0.005516052
0.005535603
0.005347252
0.005415678
0.005321026
0.002464294
0.005903721
0.005451441
0.005430698
0.005437851
0.005469322
0.005428314
0.005345821
0.005406141
0.002471447
0.005819321
0.005539417
0.005556107
0.005485535
0.005498648
0.005523443
0.005534410
0.005506516
0.002515554
0.005871534
0.005632877
0.005671740
0.005642653
0.005799294
0.005673409
0.005659103
0.005674362
0.002514362
0.005869865
0.005513668
0.005547285
0.005496025
0.005580425
0.005540848
0.005514622
0.005492687
0.002465725
0.006041288
0.005768776
0.005726337
0.005675793
0.005755186
0.005697727
0.005732775
0.005687237
0.002541780
0.005807400
0.005689859
0.005587101
0.005524397
0.005493402
0.005514145
0.005530596
0.005595446
0.002519846
0.005858898
0.005566359
0.005636454
0.005633354
0.005570173
0.005576372
0.005607367
0.005647182
0.002550602
0.005814314
0.005523443
0.005598783
0.005609035
0.005545139
0.005711555
0.005565882
0.005511522
0.002495766
0.006202698
0.005620241
0.005487680
0.005469561
0.005547523
0.005545855
0.005560875
0.005571842
0.002497673
0.005939007
0.005619526
0.005627871
0.005639076
0.005720854
0.005663395
0.005655289
0.005621910
0.002521753
0.005764961
0.005485058
0.005446196
0.005455017
0.005614519
0.005472422
0.005460978
0.005498648
0.002480030
0.005799055
0.005515099
0.005489349
0.005477428
0.005491018
0.005576134
0.005507708
0.005519152
0.002438307
0.005799294
0.005404472
0.005441189
0.005391121
0.005525589
0.005385637
0.005386114
0.005444050
0.002434731
0.006247520
0.005497694
0.005504608
0.005456686
0.005548954
0.005511522
0.005484819
0.005450010
0.002437830
0.005789995
0.005633354
0.005603790
0.005585194
0.005516529
0.005645037
0.005674124
0.005560637
0.002589941
0.005897045
0.005672216
0.005511522
0.005474567
0.005505323
0.005502224
0.005661488
0.005464077
0.002437353
0.005861044
0.005651236
0.005715370
0.005549908
0.005639553
0.005551100
0.005599737
0.005625963
0.002480268
0.005853653
0.005497456
0.005545855
0.005581856
0.005511284
0.005433321
0.005428314
0.005523682
0.002490282
0.006230354
0.005645037
0.005569696
0.005560637
0.005624533
0.005614758
0.005663633
0.005567789
0.002497196
0.005872726
0.005584478
0.005570412
0.005555868
0.005702019
0.005604982
0.005563498
0.005589008
0.002523899
0.006018162
0.005554199
0.005684376
0.005636930
0.005789042
0.005665302
0.005648851
0.005585909
0.002504110
0.005843401
0.005616665
0.005584955
0.005513906
0.005540133
0.005605459
0.005576372
0.005513668
0.002517700
0.005817413
0.005620718
0.005567074
0.005441904
0.005537748
0.005442858
0.005562067
0.005553961
0.002476215
0.005990505
0.005761385
0.005654097
0.005693674
0.005704641
0.005682945
0.005700827
0.005678415
0.002522230
0.006143808
0.006002188
0.005872011
0.005974770
0.005899668
0.005859852
0.006046534
0.005893230
0.002691269
0.005924940
0.005645514
0.005661964
0.005670071
0.005825043
0.005714417
0.005741596
0.005716562
0.002539873
0.006536484
0.005792379
0.005857944
0.005828142
0.005907536
0.005823851
0.005882978
0.005793333
0.002624989
0.006481886
0.005929708
0.006026983
0.005910397
0.006103039
0.006045818
0.005900860
0.005834341
0.002744198
0.006314039
0.005817175
0.005619764
0.005628109
0.005762339
0.005605459
0.005653620
0.005630493
0.002551079
0.005828619
0.005497217
0.005555868
0.005688190
0.005659580
0.005527735
0.005563498
0.005566597
0.002533913
0.006007671
0.005485296
0.005442858
0.005452394
0.005472660
0.005453825
0.005434036
0.005455017
0.002434015
0.005890846
0.005441666
0.005437851
0.005443573
0.005483866
0.005480528
0.005425692
0.005441666
0.002420425
0.005664587
0.005395412
0.005692244
0.005483627
0.005390406
0.005361557
0.005352736
0.005367994
0.002458334
0.006060839
0.005474329
0.005493879
0.005415678
0.005456924
0.005410910
0.005544186
0.005434513
0.002426624
0.005735636
0.005433321
0.005469322
0.005450249
0.005418539
0.005354643
0.005393982
0.005431652
0.002438307
0.006273746
0.005645752
0.005568266
0.005497456
0.005620241
0.005481958
0.005514383
0.005470276
0.002449512
0.005961418
0.005714655
0.005675554
0.005834341
0.005794764
0.005723953
0.005936861
0.005712032
0.002690554
0.005732298
0.005503654
0.005461216
0.005506277
0.005534887
0.005428076
0.005453825
0.005441904
0.002504349
0.006015539
0.005635738
0.005708933
0.005860567
0.005662680
0.005625725
0.005616903
0.005631924
0.002509832
0.005842209
0.005522251
0.005536079
0.005601168
0.005542040
0.005491495
0.005518198
0.005545139
0.002597094
0.005910397
0.005650043
0.005595922
0.005715609
0.005665541
0.005584478
0.005700111
0.005690813
0.002753496
0.005903244
0.005668640
0.005564928
0.005633593
0.005609751
0.005632877
0.005580187
0.005707979
0.002541542
0.006030321
0.005784988
0.005825758
0.005757570
0.005811930
0.005738497
0.005760431
0.005730391
0.002646923
0.006082535
0.005749702
0.005731344
0.005814791
0.005743265
0.005850315
0.005798340
0.005801201
0.002676010
0.005932808
0.005681992
0.005673170
0.005785227
0.005698442
0.005605221
0.005722523
0.005616903
0.002703667
0.005921602
0.005646467
0.005616665
0.005632401
0.005644321
0.005650759
0.005634785
0.005668402
0.002523184
0.006000042
0.005608082
0.005591154
0.005732536
0.005641937
0.005583763
0.005635500
0.005613327
0.002541542
0.006109476
0.005863428
0.005891323
0.005939960
0.005832434
0.005821705
0.005752802
0.005748034
0.002682924
0.006070375
0.005819082
0.005850792
0.005819082
0.005787134
0.005737305
0.005770683
0.005717516
0.002628326
0.006003618
0.005755424
0.005669355
0.005619049
0.005720615
0.005721092
0.005655289
0.005707979
0.002598763
0.006149769
0.005663633
0.005693913
0.005786419
0.005666256
0.005600452
0.005616426
0.005605459
0.002635002
