0.215224504
0.066760302
0.053845882
0.053725719
0.053761721
0.053950310
0.053803682
0.053828478
0.029685736
0.050427437
0.055060625
0.054160357
0.054338455
0.054448366
0.054088116
0.054245234
0.054274321
0.026530504
0.051056385
0.055395126
0.054792166
0.054586649
0.054637909
0.054531813
0.054460049
0.055769920
0.028161287
0.052367926
0.057761192
0.058070898
0.057796955
0.057845592
0.057904482
0.057524681
0.057376146
0.027922630
0.056402683
0.058048964
0.057475328
0.057428122
0.057403326
0.057362318
0.057402849
0.057417393
0.027934790
0.057728767
0.057995558
0.057461262
0.057444334
0.057430983
0.057371616
0.057401419
0.057304621
0.027927399
0.054461002
0.057921648
0.057607651
0.057547092
0.057454109
0.057367325
0.057384491
0.057514906
0.028002977
0.055125713
0.057954550
0.057664156
0.057463408
0.057469606
0.057453632
0.057408094
0.057369709
0.027940750
0.057390928
0.057966471
0.057615519
0.057571173
0.057561398
0.057372332
0.057348728
0.057400703
0.027919531
0.057496786
0.058043242
0.057546377
0.057452202
0.057495356
0.057356358
0.057478905
0.057466269
0.028037071
0.057070255
0.058094263
0.057566881
0.057610035
0.057552338
0.057378054
0.057377577
0.057383537
0.027933121
0.055023909
0.057940483
0.057604313
0.057582140
0.057648659
0.057428598
0.057444096
0.057383776
0.027953386
0.056432247
0.058049440
0.057521582
0.057453871
0.057462931
0.057400227
0.057392359
0.057384729
0.027926922
0.057254076
0.057960272
0.057473183
0.057542086
0.057492495
0.057397366
0.057366133
0.057388783
0.027920961
0.054311275
0.058015347
0.057755947
0.057495594
0.057449341
0.057422638
0.057388783
0.057451725
0.027959347
0.056503534
0.057914257
0.057466507
0.057517052
0.057577133
0.057432652
0.057370901
0.057395697
0.028059006
0.057603598
0.058151960
0.057586432
0.057494402
0.057432890
0.057378292
0.057371378
0.057364941
0.027941227
0.056831360
0.057883024
0.057892323
0.057611942
0.057415247
0.057417870
0.057368517
0.057382107
0.027945518
0.057259321
0.057928085
0.057579517
0.057495594
0.057542324
0.057419777
0.057370663
0.057406425
0.028035164
0.056441545
0.057972431
0.057495117
0.057384729
0.057504892
0.057376623
0.057416916
0.057386875
0.027923822
0.056543112
0.057895660
0.057589769
0.057515860
0.057526827
0.057366133
0.057389259
0.057435274
0.027923822
0.056110144
0.057929039
0.057557821
0.057435513
0.057443380
0.057345390
0.057383776
0.057351828
0.027933598
0.058008909
0.058079958
0.057472467
0.057542324
0.057453871
0.057477236
0.057394743
0.057393074
0.027900219
0.054494143
0.057858229
0.057643890
0.057516813
0.057552814
0.057390690
0.057360888
0.057389259
0.027979136
0.057846308
0.057417631
0.057488203
0.057468414
0.057475328
0.057376146
0.057380199
0.057521105
0.027921677
0.055423975
0.057918787
0.057656765
0.057551861
0.057536602
0.057403564
0.057411671
0.057392120
0.027911901
0.057910681
0.057485342
0.057624817
0.057552338
0.057451725
0.057397842
0.057399035
0.057436705
0.027927876
0.057814837
0.057475328
0.057516098
0.057461977
0.057426691
0.057401419
0.057337761
0.057430267
0.028034925
0.058331251
0.058029890
0.057446003
0.057430506
0.057424784
0.057523727
0.057471514
0.057393074
0.027949810
0.057371378
0.058047533
0.057557344
0.057438374
0.057520866
0.057347059
0.057397127
0.057406187
0.027935266
0.055355787
0.057956696
0.057656288
0.057576418
0.057547569
0.057379723
0.057337761
0.057417870
0.028024435
0.056998014
0.058016300
0.057545900
0.057533741
0.057361364
0.057354450
0.057388306
0.057413101
0.027951479
0.056611538
0.057963848
0.057623148
0.057575703
0.057466984
0.057423830
0.057381868
0.057433128
0.027954817
0.055366039
0.058136463
0.057661533
0.057474136
0.057436943
0.057429552
0.057432175
0.057528257
0.027979374
0.057764530
0.058041573
0.057423353
0.057479382
0.057415962
0.057415724
0.057344198
0.057387114
0.027930260
0.053899765
0.057987690
0.057768583
0.057550669
0.057693243
0.057433128
0.057485104
0.057465792
0.028057575
0.057107925
0.058001995
0.057548285
0.057500362
0.057496548
0.057438374
0.057535887
0.057559729
0.028014898
0.055499315
0.057991266
0.057602167
0.057523012
0.057421684
0.057334900
0.057384729
0.057377577
0.027920008
0.056307077
0.057966471
0.057551384
0.057530165
0.057545900
0.057407856
0.057406902
0.057419062
0.028081417
0.057788610
0.057927370
0.057431698
0.057382822
0.057456970
0.057537317
0.057384729
0.057389021
0.027953148
0.055648804
0.058059692
0.057679892
0.057395697
0.057455540
0.057383060
0.057376146
0.057364464
0.027948380
0.053845882
0.058011770
0.057796717
0.057651520
0.057587147
0.057430506
0.057358980
0.057421923
0.027923584
0.055294514
0.057941675
0.057632923
0.057444334
0.057540894
0.057416439
0.057393074
0.057562828
0.027984619
0.057695150
0.058067322
0.057397842
0.057491302
0.057485819
0.057370901
0.057358980
0.057365656
0.027925491
0.057317019
0.057915926
0.057519674
0.057508945
0.057556629
0.057402134
0.057355404
0.057380438
0.027943373
0.057295084
0.058130503
0.057456493
0.057422161
0.057402372
0.057377100
0.057423830
0.057517290
0.027952433
0.055616379
0.057956934
0.057708025
0.057425261
0.057523966
0.057399988
0.057346821
0.057308674
0.027925968
0.055442810
0.058032751
0.057692289
0.057677031
0.057445765
0.057394743
0.057394266
0.057372570
0.027954102
0.055208683
0.057947159
0.057637930
0.057415962
0.057328224
0.057354927
0.057373047
0.057365894
0.027963400
0.053931713
0.057939768
0.057660103
0.057602644
0.057384014
0.057390451
0.057301044
0.057381153
0.027920723
0.053985834
0.057946444
0.057690144
0.057406187
0.057620049
0.057402134
0.057317734
0.057351351
0.027924061
0.056619406
0.057970047
0.057623148
0.057447672
0.057387352
0.057398558
0.057419538
0.057577610
0.027955055
0.055966139
0.057929754
0.057489872
0.057542086
0.057377577
0.057391644
0.057375908
0.057324648
0.027935982
0.055948257
0.057964087
0.057562828
0.057738304
0.057622910
0.057392597
0.057392120
0.057418585
0.027931452
0.057923317
0.058061123
0.057566404
0.057520628
0.057468176
0.057394028
0.057410955
0.057409286
0.028074980
0.055747271
0.058126211
0.057542801
0.057487726
0.057481289
0.057361603
0.057345867
0.057349205
0.027926445
0.057030439
0.057933331
0.057502031
0.057537317
0.057519197
0.057385206
0.057386398
0.057351351
0.027932882
0.055791855
0.057908297
0.057521582
0.057418585
0.057355881
0.057355881
0.057408333
0.057395935
0.027965307
0.057872057
0.058029652
0.057552099
0.057455778
0.057605982
0.057421684
0.057316303
0.057328224
0.027976990
0.055155993
0.057923794
0.057614565
0.057528973
0.057461262
0.057370901
0.057403803
0.057360649
0.027925014
0.057245970
0.057928562
0.057502985
0.057551861
0.057609081
0.057368755
0.057419777
0.057546616
0.027974844
0.058040857
0.057542562
0.057417393
0.057474613
0.057446480
0.057403326
0.057382345
0.057395935
0.027942657
0.058144331
0.057442427
0.057534456
0.057565928
0.057386398
0.057416439
0.057406902
0.057361364
0.027932167
0.057810545
0.057448626
0.057381868
0.057468176
0.057389259
0.057387590
0.057386875
0.057462931
0.028051853
0.058280230
0.057781935
0.057400703
0.057459593
0.057521582
0.057416916
0.057331085
0.057387114
0.027932405
0.056404114
0.058060169
0.057595491
0.057550430
0.057475328
0.057381630
0.057400465
0.057364702
0.027928829
0.058057547
0.057472706
0.057418346
0.057528257
0.057454586
0.057407141
0.057370186
0.057370901
0.027916193
0.058386803
0.057436466
0.057429790
0.057429552
0.057402849
0.057419062
0.057369947
0.057411671
0.027932644
0.057405949
0.057947874
0.057588816
0.057451725
0.057562113
0.057413816
0.057370901
0.057406425
0.027938843
0.057829142
0.057590246
0.057463884
0.057448149
0.057530165
0.057428598
0.057348490
0.057540894
0.027941465
0.058462620
0.057896137
0.057442427
0.057409763
0.057449818
0.057383060
0.057393789
0.057348728
0.027950287
0.057832718
0.057492971
0.057489395
0.057525396
0.057513714
0.057408333
0.057335615
0.057383776
0.027908087
0.058545828
0.058009863
0.057359934
0.057471991
0.057435036
0.057335615
0.057368755
0.057493448
0.027947187
0.055160284
0.057954073
0.057698250
0.057420731
0.057519436
0.057367563
0.057369232
0.057369471
0.027908087
0.057931185
0.058015108
0.057520628
0.057584524
0.057386160
0.057399273
0.057390213
0.057375193
0.027933836
0.057598829
0.057941675
0.057574749
0.057457924
0.057542324
0.057402611
0.057397366
0.057414532
0.027965784
0.055663347
0.057957411
0.057627916
0.057543755
0.057793617
0.057545662
0.057660580
0.057546139
0.027992010
0.057778835
0.058204889
0.057546139
0.057531357
0.057419300
0.057375193
0.057402611
0.057403326
0.027940273
0.055360079
0.058071375
0.057816982
0.057447195
0.057412386
0.057435989
0.057485819
0.057417154
0.027973175
0.057271481
0.057983398
0.057629347
0.057518482
0.057634830
0.057411432
0.057359695
0.057385206
0.027928829
0.057477236
0.057964563
0.057704210
0.057589769
0.057398558
0.057378769
0.057399750
0.057461023
0.027905226
0.058091402
0.057927370
0.057405233
0.057446718
0.057436228
0.057404041
0.057421446
0.057518005
0.027960062
0.054281950
0.057954311
0.057785988
0.057619810
0.057392597
0.057386160
0.057399273
0.057330370
0.027938843
0.056162596
0.058054209
0.057721853
0.057562828
0.057444572
0.057407141
0.057403564
0.057348967
0.027940273
0.058101416
0.057957649
0.057439566
0.057429314
0.057422161
0.057367563
0.057420015
0.057386637
0.027955532
0.055286646
0.057927370
0.057702780
0.057499409
0.057432413
0.057440281
0.057368040
0.057400703
0.027961969
0.057776213
0.057976246
0.057371616
0.057451963
0.057511806
0.057343006
0.057390928
0.057361126
0.027927160
0.057142496
0.057997942
0.057478189
0.057448149
0.057543278
0.057384729
0.057512045
0.057382584
0.027956009
0.057713747
0.057922125
0.057510853
0.057531357
0.057414770
0.057392836
0.057348490
0.057377338
0.027914762
0.055141926
0.057959080
0.057761669
0.057501078
0.057416201
0.057376862
0.057415962
0.057365179
0.027938366
0.055330276
0.057929993
0.057533503
0.057442188
0.057376385
0.057361603
0.057377577
0.057487011
0.027949810
0.057132959
0.057872772
0.057543755
0.057385921
0.057504654
0.057403803
0.057349205
0.057361841
0.027951717
0.055492640
0.057907820
0.057791233
0.057508469
0.057385206
0.057413816
0.057386398
0.057368279
0.027925491
0.056694269
0.057911396
0.057427406
0.057487726
0.057398558
0.057382345
0.057406664
0.057410002
0.028103113
0.057804346
0.058055878
0.057433367
0.057435751
0.057484627
0.057419300
0.057403564
0.057389259
0.027958870
0.057713747
0.057999849
0.057459593
0.057432175
0.057429314
0.057382345
0.057395935
0.057432413
0.027940512
0.056651354
0.057921648
0.057684183
0.057441473
0.057572603
0.057374239
0.057516575
0.057420969
0.027943850
0.058044672
0.058054924
0.057444811
0.057389259
0.057492733
0.057403088
0.057430744
0.057404041
0.027942657
0.055807352
0.057984829
0.057598591
0.057610989
0.057463646
0.057374954
0.057388544
0.057414532
0.027933598
0.056691170
0.057954073
0.057649136
0.057553053
0.057445288
0.057364225
0.057468891
0.057579517
0.027967215
0.056636810
0.057934761
0.057492971
0.057430267
0.057379246
0.057373762
0.057368279
0.057406187
0.027934313
0.057709217
0.057936907
0.057402372
0.057447433
0.057487726
0.057417393
0.057361603
0.057404041
0.027925968
0.058072805
0.057963133
0.057437897
0.057548523
0.057389259
0.057403088
0.057365179
0.057381868
0.027941942
0.057794571
0.057878017
0.057423830
0.057449818
0.057545662
0.057358980
0.057358265
0.057401657
0.027964115
0.054684401
0.057902098
0.057639837
0.057544708
0.057430983
0.057415485
0.057508945
0.057395458
0.027926683
0.055988312
0.057950974
0.057630539
0.057592630
0.057468891
0.057455063
0.057485342
0.057426691
0.028009653
0.057488441
0.058199406
0.057555914
0.057407618
0.057562828
0.057439327
0.057535648
0.057402849
0.027961493
0.057299137
0.057936668
0.057551861
0.057573795
0.057413816
0.057337761
0.057401180
0.057378769
0.027928352
0.058037519
0.058060408
0.057665825
0.057562351
0.057394028
0.057363987
0.057392120
0.057563782
0.028008699
0.055687666
0.057941914
0.057713270
0.057538748
0.057384014
0.057386398
0.057445765
0.057391167
0.027939558
0.055199862
0.058066607
0.057606697
0.057544947
0.057553291
0.057392120
0.057404041
0.057393074
0.027909279
0.054634094
0.058022022
0.057672977
0.057423592
0.057552338
0.057380915
0.057389736
0.057372093
0.027926683
0.055275202
0.057867289
0.057515144
0.057358027
0.057450294
0.057357788
0.057332039
0.057381153
0.027921438
0.058232546
0.057911634
0.057421684
0.057543993
0.057640314
0.057420492
0.057442665
0.057394743
0.027947187
0.052502394
0.057848692
0.057769537
0.057420969
0.057419300
0.057426929
0.057481766
0.057439089
0.027928114
0.052916288
0.057991743
0.057597160
0.057455540
0.057500601
0.057379484
0.057358027
0.057353973
0.027953863
0.057731867
0.058073759
0.057579994
0.057447195
0.057539940
0.057478428
0.057359219
0.057375669
0.027918100
0.057935476
0.058077812
0.057560921
0.057463408
0.057448626
0.057421446
0.057416201
0.057469130
0.027938128
0.055246592
0.058005333
0.057805538
0.057465315
0.057432652
0.057395458
0.057399273
0.057421684
0.027983189
0.050558805
0.056324720
0.054752111
0.054917574
0.058066130
0.057793617
0.057404041
0.057418585
0.027909994
0.055544853
0.057861805
0.057698011
0.057451248
0.057544708
0.057482719
0.057406187
0.057396412
0.027988672
0.056819916
0.057929277
0.057494402
0.057533979
0.057399750
0.057382107
0.057378769
0.057389021
0.027940512
0.055563450
0.057897329
0.057537556
0.057515860
0.057430029
0.057394743
0.057400465
0.057370663
0.027929306
0.055081367
0.058020830
0.057680845
0.057466507
0.057554960
0.057403803
0.057553768
0.057373762
0.027972698
0.057640314
0.058063507
0.057538033
0.057403088
0.057480574
0.057434797
0.057366848
0.057398319
0.027927637
0.057365894
0.057940006
0.057577372
0.057538748
0.057477713
0.057373524
0.057397842
0.057386398
0.027944326
0.054886341
0.058015108
0.057653904
0.057577610
0.057382345
0.057430744
0.057597876
0.057496786
0.027955294
0.055680752
0.057894707
0.057591915
0.057535648
0.057382107
0.057358980
0.057382822
0.057410002
0.027945042
0.057194710
0.058077574
0.057513714
0.057612896
0.057543516
0.057424307
0.057382107
0.057403564
0.027922392
0.056561947
0.057943344
0.057609797
0.057550669
0.057544708
0.057387352
0.057410240
0.057392120
0.027962923
0.057785273
0.058085442
0.057442665
0.057566643
0.057487249
0.057385921
0.057420492
0.057497263
0.027940035
0.054942846
0.057966471
0.057592630
0.057423353
0.057455063
0.057369947
0.057375908
0.057356358
0.027910948
0.056900263
0.058086634
0.057804346
0.057551622
0.057457209
0.057422876
0.057557583
0.057406187
0.027967930
0.057155371
0.057924509
0.057650328
0.057455540
0.057424784
0.057398319
0.057387352
0.057393789
0.028052568
0.055523157
0.057947159
0.057679176
0.057398081
0.057412386
0.057393312
0.057401419
0.057361603
0.027954578
0.057308197
0.057962894
0.057560682
0.057404518
0.057566643
0.057372093
0.057418108
0.057521343
0.027967453
0.055974722
0.058070421
0.057594538
0.057430267
0.057565451
0.057406664
0.057427168
0.057420015
0.027966022
0.057978153
0.057976484
0.057475328
0.057545900
0.057382345
0.057407618
0.057371855
0.057386398
0.027925253
0.057842493
0.057935476
0.057396173
0.057431221
0.057411909
0.057391405
0.057409763
0.057368040
0.027904510
0.055214405
0.057945967
0.057478905
0.057484388
0.057413578
0.057415247
0.057410479
0.057324886
0.027903557
0.057721138
0.057969570
0.057457447
0.057525158
0.057498217
0.057387829
0.057427168
0.057405472
0.027945042
0.056381464
0.058001757
0.057578564
0.057512999
0.057388306
0.057425261
0.057539225
0.057421684
0.027956009
0.058038235
0.057982206
0.057411194
0.057500601
0.057476282
0.057379246
0.057369232
0.057379484
0.027960300
0.054677725
0.057973146
0.057696342
0.057405472
0.057480335
0.057532072
0.057499886
0.057486773
0.027990341
0.055409431
0.057988882
0.057826281
0.057459831
0.057461739
0.057413101
0.057507753
0.057425737
0.027910948
0.057152748
0.058107853
0.057583332
0.057491302
0.057415485
0.057395220
0.057435513
0.057398796
0.027941227
0.057771921
0.057989120
0.057555437
0.057540894
0.057415485
0.057390690
0.057317019
0.057415247
0.027953148
0.056010008
0.058047771
0.057736397
0.057604074
0.057464600
0.057422400
0.057399511
0.057338953
0.027953148
0.057272911
0.058043003
0.057501316
0.057451963
0.057456255
0.057401896
0.057409763
0.057433844
0.027952671
0.055621862
0.057988882
0.057581186
0.057438135
0.057437658
0.057451487
0.057385445
0.057456493
0.027958870
0.053966045
0.057942390
0.057827473
0.057509661
0.057523489
0.057499170
0.057377815
0.057376146
0.027910709
0.055660009
0.057936192
0.057544470
0.057437420
0.057443142
0.057369947
0.057391644
0.057394028
0.027949572
0.057355881
0.058040380
0.057519913
0.057532310
0.057447672
0.057404280
0.057377100
0.057375669
0.027932644
0.056970119
0.057966948
0.057556868
0.057552814
0.057461739
0.057418346
0.057540178
0.057453632
0.027939320
0.058004618
0.058032274
0.057455540
0.057429790
0.057408333
0.057401896
0.057386637
0.057393074
0.027985096
0.054729223
0.057945013
0.057780027
0.057415724
0.057450056
0.057458401
0.057382107
0.057422161
0.027933359
0.057218313
0.057985306
0.057462931
0.057529449
0.057419538
0.057408571
0.057410240
0.057439804
0.027984858
0.055968285
0.057968855
0.057540178
0.057566643
0.057449818
0.057416201
0.057397604
0.057429314
0.028057098
0.058120251
0.058061361
0.057584286
0.057567358
0.057544708
0.057427168
0.057426453
0.057410240
0.027939558
0.056714296
0.057953358
0.057646036
0.057465315
0.057688951
0.057452440
0.057435274
0.057355642
0.027942181
0.054984093
0.057955503
0.057598591
0.057546616
0.057546377
0.057429075
0.057335377
0.057406425
0.028007507
0.058065414
0.057990074
0.057616234
0.057533026
0.057472229
0.057433605
0.057422161
0.057438850
0.027999640
0.055610895
0.057930231
0.057748556
0.057571411
0.057475567
0.057576418
0.057452917
0.057481766
0.027974606
0.056832314
0.058010578
0.057671547
0.057580709
0.057446241
0.057415724
0.057378769
0.057383299
0.027916193
0.057135344
0.058046579
0.057484150
0.057584286
0.057544231
0.057435274
0.057413340
0.057453394
0.027961254
0.056794167
0.057943821
0.057507277
0.057531357
0.057556629
0.057429790
0.057433128
0.057416439
0.027981043
0.055160999
0.057880163
0.057686329
0.057461500
0.057487726
0.057404995
0.057402372
0.057416201
0.028044462
0.054640770
0.057977438
0.057636738
0.057389021
0.057504892
0.057522774
0.057381868
0.057422161
0.027938366
0.057007074
0.058074474
0.057503939
0.057705641
0.057518244
0.057430267
0.057419777
0.057380915
0.027923822
0.056935787
0.057982206
0.057479143
0.057627678
0.057426214
0.057438374
0.057414770
0.057461500
0.028063536
0.054660559
0.058140278
0.057808399
0.057429075
0.057447195
0.057445049
0.057413340
0.057424307
0.027950525
0.055839300
0.057954550
0.057691336
0.057514668
0.057537556
0.057496786
0.057438374
0.057425976
0.027951002
0.055340052
0.058034897
0.057652950
0.057485342
0.057480812
0.057423592
0.057405710
0.057437420
0.028107405
0.057642937
0.057961226
0.057588577
0.057503939
0.057512760
0.057487011
0.057410240
0.057410002
0.027949095
0.055405855
0.058055639
0.057777643
0.057471037
0.057569265
0.057399988
0.057420731
0.057390213
0.027933598
0.055012941
0.057996035
0.057647705
0.057570934
0.057599306
0.057412386
0.057403326
0.057515383
0.027967691
0.055548668
0.058050156
0.057702780
0.057474613
0.057490826
0.057455301
0.057411909
0.057374716
0.027957439
0.057630301
0.058070183
0.057474613
0.057707548
0.057572365
0.057402134
0.057369471
0.057339907
0.027910471
0.054674387
0.057946920
0.057638884
0.057443380
0.057522058
0.057408810
0.057368517
0.057426929
0.028072119
0.055215120
0.058032751
0.057697296
0.057573080
0.057490349
0.057549477
0.057496548
0.057506084
0.028095007
0.058268785
0.058087349
0.057557344
0.057641268
0.057518959
0.057448864
0.057410955
0.057394743
0.027951717
0.058132887
0.057946920
0.057447195
0.057422638
0.057544708
0.057412863
0.057353973
0.057394028
0.027934551
0.057474375
0.057971716
0.057686567
0.057588100
0.057564497
0.057394266
0.057407379
0.057394505
0.027935505
0.055221558
0.057969332
0.057607889
0.057421446
0.057450294
0.057445288
0.057404518
0.057413816
0.027979851
0.054703951
0.058051586
0.057858467
0.057546139
0.057493687
0.057374954
0.057421207
0.057522058
0.027973413
0.054672241
0.057957411
0.057676554
0.057476759
0.057578087
0.057440519
0.057409048
0.057400703
0.027938843
0.056321859
0.057920456
0.057735443
0.057575226
0.057586432
0.057433844
0.057464600
0.057409286
0.027916193
0.057022333
0.058038473
0.057667732
0.057425499
0.057420969
0.057375908
0.057413340
0.057410717
0.028093815
0.054400921
0.057968616
0.057782650
0.057593107
0.057436943
0.057455778
0.057402849
0.057389736
0.027923584
0.053509712
0.057897806
0.057709694
0.057509422
0.057459116
0.057390213
0.057392120
0.057404995
0.027956724
0.055333376
0.058115721
0.057861567
0.057545424
0.057501316
0.057443857
0.057387114
0.057394266
0.027975559
0.052590847
0.058023691
0.057697296
0.057407856
0.057447910
0.057428360
0.057422161
0.057394743
0.027940512
0.057804585
0.057943344
0.057416439
0.057502985
0.057548285
0.057409048
0.057443380
0.057441235
0.027950048
0.058375359
0.058033943
0.057416201
0.057442904
0.057544708
0.057426453
0.057405949
0.057534933
0.027940750
0.058228016
0.057964325
0.057458639
0.057561398
0.057503223
0.057344675
0.057413816
0.057433128
0.027947426
0.057830095
0.058095217
0.057524204
0.057561874
0.057638645
0.057419062
0.057409286
0.057395220
0.027920961
0.058355808
0.057869911
0.057432652
0.057549953
0.057428598
0.057361841
0.057416201
0.057561636
0.028003693
0.058268547
0.057877302
0.057611704
0.057569504
0.057495117
0.057436705
0.057397842
0.057422638
0.027937651
0.052625656
0.058042526
0.057770729
0.057639599
0.057541132
0.057428122
0.057419777
0.057456732
0.027941227
0.057612181
0.057979345
0.057473898
0.057559490
0.057541370
0.057404280
0.057398081
0.057380676
0.027937412
0.058279037
0.058030605
0.057549953
0.057402372
0.057513237
0.057382822
0.057385921
0.057375193
0.027925253
0.057765007
0.058090448
0.057428598
0.057538271
0.057522297
0.057468653
0.057392597
0.057405949
0.027924061
0.057789803
0.057993174
0.057448864
0.057450056
0.057499886
0.057426691
0.057486773
0.057423353
0.027956486
0.058397532
0.057958364
0.057440281
0.057540894
0.057641506
0.057419062
0.057379723
0.057375908
0.027949095
0.053109646
0.057991743
0.057747841
0.057579041
0.057563066
0.057379246
0.057428122
0.057409286
0.027959824
0.057848215
0.057929516
0.057490110
0.057535172
0.057563066
0.057417154
0.057540178
0.057461023
0.027927876
0.058009386
0.057962179
0.057497740
0.057542801
0.057449341
0.057408333
0.057344675
0.057409763
0.027937651
0.058079720
0.057991743
0.057627916
0.057503223
0.057422161
0.057389736
0.057411432
0.057405233
0.027966738
0.057660341
0.058075905
0.057597637
0.057549715
0.057471752
0.057374239
0.057428837
0.057421684
0.027982950
0.057855606
0.057940006
0.057451487
0.057479143
0.057508230
0.057447910
0.057400703
0.057392597
0.027931929
0.057588339
0.057983637
0.057732344
0.057604551
0.057493925
0.057467461
0.057402611
0.057415247
0.028021812
0.057206631
0.058000565
0.057591915
0.057436943
0.057532549
0.057492018
0.057589293
0.057472706
0.027978420
0.057957649
0.057940483
0.057538748
0.057575941
0.057464838
0.057348728
0.057372332
0.057405710
0.027939081
0.057662964
0.058039665
0.057599545
0.057556629
0.057437181
0.057410479
0.057398558
0.057394743
0.027968884
0.058171988
0.058013439
0.057394743
0.057548523
0.057456493
0.057446241
0.057519913
0.057581902
0.027960539
0.057351589
0.057934523
0.057497025
0.057435751
0.057484388
0.057424545
0.057423115
0.057414532
0.027938128
0.057000875
0.058006287
0.057633638
0.057610035
0.057590485
0.057447910
0.057394981
0.057369947
0.027966022
0.054613113
0.057973623
0.057705402
0.057586193
0.057502747
0.057382107
0.057396889
0.057370663
0.027911186
0.054937601
0.057946920
0.057559729
0.057559729
0.057510853
0.057390928
0.057392120
0.057391644
0.027936697
0.056556940
0.058084249
0.057672262
0.057537794
0.057582855
0.057353497
0.057372332
0.057361126
0.027919292
0.057268858
0.058106184
0.057593822
0.057457209
0.057449579
0.057567358
0.057359219
0.057415485
0.027945042
0.056085348
0.057936192
0.057546616
0.057373762
0.057427645
0.057419062
0.057383776
0.057410717
0.027943850
0.057515860
0.058164358
0.057568073
0.057585955
0.057537317
0.057416201
0.057431936
0.057404041
0.027944088
0.054925680
0.058055401
0.057641506
0.057399988
0.057573080
0.057529688
0.057391405
0.057440758
0.027943134
0.057979822
0.058014631
0.057540894
0.057493687
0.057512522
0.057402849
0.057411909
0.057547569
0.028018236
0.056516409
0.058088541
0.057642937
0.057402134
0.057539940
0.057442665
0.057425976
0.057404518
0.027977228
0.055186987
0.057984591
0.057667971
0.057531834
0.057560444
0.057408094
0.057381630
0.057379961
0.027965784
0.056703806
0.058044672
0.057604551
0.057492495
0.057571888
0.057398558
0.057386637
0.057434559
0.028058290
0.057808399
0.057914257
0.057458162
0.057402134
0.057588100
0.057404041
0.057403088
0.057400942
0.027934790
0.055005789
0.057912350
0.057674646
0.057605505
0.057721615
0.057454824
0.057362795
0.057403803
0.027950048
0.054973841
0.058063507
0.057666302
0.057484150
0.057665586
0.057429314
0.057400703
0.057462454
0.028077602
0.058167696
0.057983160
0.057474852
0.057482719
0.057397604
0.057453871
0.057467222
0.057375908
0.027919531
0.055130243
0.058010101
0.057557344
0.057598114
0.057581902
0.057423592
0.057399750
0.057403564
0.027984381
0.056951284
0.057939529
0.057646036
0.057545424
0.057473660
0.057455063
0.057372808
0.057378054
0.027955294
0.055837154
0.058069944
0.057552338
0.057524443
0.057522535
0.057384253
0.057404518
0.057440281
0.027950287
0.055588007
0.058071852
0.057653427
0.057522058
0.057467461
0.057420731
0.057404757
0.057417870
0.027976274
0.056841135
0.058055639
0.057660580
0.057567835
0.057462931
0.057446241
0.057540178
0.057457447
0.027994633
0.056868792
0.058040142
0.057528019
0.057601690
0.057445049
0.057443619
0.057383060
0.057376623
0.027955055
0.057943821
0.057967186
0.057466269
0.057554245
0.057504654
0.057421923
0.057372332
0.057392597
0.028111219
0.058130980
0.057932377
0.057476759
0.057454586
0.057555199
0.057601452
0.057447672
0.057444334
0.028129816
0.057658911
0.057941914
0.057694912
0.057669640
0.057535648
0.057542801
0.057391405
0.057429552
0.028062105
0.055936575
0.058095932
0.057645559
0.057451487
0.057483912
0.057445765
0.057381153
0.057375908
0.027952194
0.057864666
0.057993412
0.057511330
0.057470083
0.057453394
0.057397127
0.057401896
0.057430029
0.027929068
0.056424379
0.057940722
0.057678699
0.057558060
0.057569265
0.057434320
0.057405472
0.057412863
0.027953625
0.055267096
0.058098555
0.057620764
0.057428598
0.057536364
0.057405710
0.057353497
0.057410240
0.027981997
0.056808949
0.058006525
0.057567358
0.057462692
0.057409763
0.057358503
0.057482958
0.057475567
0.027992725
0.056627750
0.058108091
0.057637691
0.057439089
0.057422638
0.057453871
0.057421923
0.057387352
0.027909279
0.058093548
0.057940483
0.057435036
0.057454348
0.057436943
0.057410717
0.057385921
0.057357073
0.027953386
0.057688713
0.058086872
0.057600260
0.057552099
0.057429314
0.057417154
0.057408571
0.057500124
0.027993441
0.054944277
0.057945728
0.057671785
0.057522297
0.057421446
0.057426691
0.057405472
0.057376146
0.027937651
0.057653904
0.058046579
0.057538986
0.057516098
0.057430744
0.057420969
0.057415485
0.057369709
0.028014660
0.057672024
0.058021307
0.057516575
0.057452440
0.057392597
0.057407618
0.057391882
0.057403564
0.027959585
0.057184219
0.057948112
0.057474136
0.057553530
0.057456732
0.057383060
0.057395220
0.057489395
0.027921438
0.055992842
0.057945490
0.057668924
0.057411194
0.057428122
0.057403803
0.057391167
0.057429075
0.027917147
0.054879904
0.057964325
0.057505369
0.057493448
0.057418108
0.057358503
0.057383060
0.057517290
0.027935505
0.055040121
0.057912588
0.057652950
0.057553530
0.057468414
0.057388306
0.057416439
0.057355404
0.027934790
0.056269646
0.057925463
0.057603121
0.057566404
0.057400227
0.057361603
0.057392120
0.057373285
0.027990818
0.057425737
0.057934284
0.057455301
0.057438850
0.057553291
0.057376862
0.057464838
0.057428360
0.027991533
0.057766676
0.057892799
0.057512522
0.057459116
0.057360649
0.057362556
0.057376385
0.057410479
0.027922153
0.054900169
0.057945490
0.057736158
0.057487965
0.057532549
0.057410717
0.057381868
0.057340384
0.027930260
0.055112123
0.058051586
0.057728767
0.057491064
0.057544470
0.057409048
0.057391167
0.057369232
0.027936697
0.056787014
0.057950258
0.057506084
0.057389975
0.057386160
0.057377815
0.057417870
0.057397604
0.027917862
0.056457043
0.057910681
0.057654142
0.057414055
0.057413101
0.057378769
0.057395935
0.057369947
0.027942419
0.058231354
0.057950497
0.057421923
0.057489872
0.057397366
0.057461500
0.057431936
0.057537079
0.027948618
0.056278706
0.057982445
0.057658672
0.057715893
0.057415009
0.057408094
0.057373524
0.057381630
0.027926207
0.058077335
0.057918787
0.057410479
0.057670593
0.057632923
0.057392359
0.057415247
0.057427168
0.027928352
0.055576563
0.057895899
0.057719231
0.057403564
0.057534218
0.057353973
0.057446003
0.057511568
0.027916670
0.056107759
0.057946444
0.057474375
0.057466745
0.057562113
0.057380438
0.057448387
0.057462692
0.027940512
0.057117462
0.057941914
0.057474136
0.057529688
0.057431698
0.057409048
0.057307243
0.057321310
0.027930021
0.057152033
0.057982683
0.057482004
0.057417154
0.057431936
0.057405472
0.057348013
0.057397366
0.027946711
0.057217598
0.058047771
0.057421923
0.057443857
0.057430267
0.057428360
0.057442904
0.057389259
0.027947187
0.054736853
0.058132410
0.057712793
0.057517290
0.057571173
0.057560921
0.057380915
0.057379007
0.027917147
0.057501554
0.057942629
0.057429790
0.057432652
0.057534695
0.057413578
0.057401657
0.057530642
0.027966499
0.054768085
0.058001041
0.057628155
0.057494640
0.057550430
0.057399511
0.057394505
0.057371140
0.027946949
0.056178808
0.057972908
0.057612181
0.057580471
0.057699442
0.057409048
0.057404995
0.057416677
0.027943850
0.058043718
0.057924271
0.057440042
0.057549477
0.057425022
0.057434797
0.057437658
0.057551384
0.027927160
0.055692911
0.057903290
0.057552814
0.057509661
0.057393789
0.057386875
0.057361126
0.057386160
0.027924776
0.057780266
0.058175325
0.057536602
0.057556152
0.057415962
0.057448626
0.057464600
0.057414770
0.027929068
0.057997942
0.057916641
0.057572842
0.057458639
0.057407856
0.057404041
0.057368517
0.057417870
0.027912378
0.057737112
0.057971716
0.057435989
0.057544231
0.057575703
0.057405710
0.057389259
0.057419777
0.027947187
0.057791233
0.057461500
0.057442665
0.057523966
0.057412386
0.057391644
0.057403803
0.057374477
0.027935505
0.055452347
0.057996511
0.057665586
0.057350874
0.057560921
0.057412148
0.057513475
0.057416439
0.027957678
0.057232380
0.058106661
0.057577133
0.057439804
0.057576656
0.057411432
0.057373047
0.057386875
0.027937174
0.057441711
0.058042765
0.057595730
0.057437658
0.057403564
0.057355165
0.057324648
0.057356834
0.027926683
0.057306290
0.058009148
0.057539463
0.057531118
0.057537794
0.057439089
0.057538271
0.057426453
0.027920723
0.054422379
0.057944059
0.057703972
0.057560205
0.057410479
0.057420731
0.057542562
0.057532310
0.027932882
0.057779074
0.057579279
0.057529926
0.057561874
0.057740688
0.057456493
0.057384014
0.057392836
0.027936220
0.057978153
0.057563305
0.057484150
0.057547569
0.057697773
0.057407379
0.057395697
0.057476759
0.027962446
0.057780981
0.057446480
0.057581902
0.057545662
0.057395697
0.057425261
0.057372570
0.057361841
0.027937651
0.058249950
0.057893753
0.057539225
0.057403564
0.057518959
0.057362318
0.057392120
0.057360172
0.027948856
0.055641413
0.057945490
0.057676792
0.057414293
0.057446003
0.057388544
0.057485104
0.057339907
0.027924299
0.057857037
0.057390690
0.057427406
0.057560921
0.057411671
0.057410479
0.057598829
0.057415962
0.027953863
0.058297873
0.058007002
0.057660818
0.057593584
0.057434320
0.057404280
0.057326555
0.057402134
0.027976036
0.057845116
0.057946682
0.057431936
0.057531595
0.057532310
0.057519913
0.057412624
0.057364941
0.027951002
0.057800055
0.058133125
0.057425499
0.057553053
0.057483912
0.057386398
0.057395935
0.057386160
0.027929068
0.055408478
0.058153629
0.057564497
0.057556629
0.057429075
0.057404041
0.057382345
0.057394981
0.027944088
0.056397438
0.058038950
0.057681322
0.057438850
0.057464123
0.057380915
0.057386160
0.057367802
0.027912140
0.056188345
0.057902813
0.057516813
0.057442427
0.057374477
0.057398319
0.057439089
0.057403088
0.027943134
0.057800531
0.058068991
0.057518482
0.057460308
0.057565689
0.057479620
0.057421923
0.057391405
0.027942657
0.057507277
0.057947874
0.057392836
0.057568073
0.057435036
0.057411671
0.057510138
0.057381392
0.027925491
0.057525396
0.057943821
0.057767868
0.057472229
0.057423353
0.057398796
0.057383776
0.057315826
0.027919292
0.055622816
0.057942629
0.057724237
0.057503939
0.057397127
0.057333708
0.057350874
0.057386398
0.027922630
0.056113720
0.057929277
0.057557583
0.057414770
0.057480574
0.057365656
0.057523966
0.057434082
0.027927399
0.058160782
0.058015108
0.057520628
0.057489395
0.057417631
0.057408094
0.057417393
0.057384968
0.027932882
0.055041313
0.057893991
0.057867765
0.057481527
0.057462215
0.057415485
0.057355404
0.057401419
0.027930260
0.056990862
0.058082342
0.057481289
0.057433128
0.057514668
0.057346344
0.057363987
0.057423353
0.028035164
0.057254553
0.057971478
0.057488918
0.057511330
0.057402849
0.057548761
0.057490110
0.057513714
0.027938128
0.056559563
0.057997465
0.057578564
0.057448864
0.057556868
0.057405472
0.057390451
0.057318211
0.027908564
0.057801723
0.058012486
0.057473421
0.057551861
0.057527304
0.057448387
0.057502508
0.057398558
0.027952194
0.054340363
0.057911158
0.057621241
0.057443619
0.057505846
0.057386875
0.057391644
0.057421207
0.028012037
0.054476023
0.057936668
0.057722330
0.057424307
0.057371378
0.057345390
0.057394743
0.057337284
0.027932167
0.054950714
0.057876348
0.057523012
0.057435274
0.057426214
0.057504892
0.057456732
0.057410479
0.028050900
0.056968212
0.058203459
0.057757139
0.057555437
0.057441711
0.057498693
0.057406902
0.057340145
0.027909994
0.058001995
0.058015585
0.057498217
0.057586432
0.057440281
0.057447195
0.057389259
0.057428837
0.027965307
0.055033922
0.057960510
0.057785034
0.057441711
0.057540655
0.057401896
0.057412386
0.057363272
0.027941704
0.055758238
0.058113575
0.057588339
0.057443619
0.057446241
0.057433605
0.057380199
0.057388306
0.027947664
0.054620981
0.057954788
0.057580471
0.057534456
0.057492971
0.057403564
0.057380676
0.057407141
0.027922869
0.057452440
0.057932138
0.057503939
0.057471037
0.057471514
0.057527304
0.057431698
0.057447195
0.027955770
0.057779551
0.057946682
0.057485104
0.057410479
0.057368755
0.057387114
0.057385921
0.057408810
0.027954340
0.057580233
0.058079720
0.057631731
0.057595491
0.057455063
0.057401896
0.057438612
0.057448149
0.027942419
0.057425737
0.058024883
0.057364464
0.057469130
0.057559729
0.057513714
0.057452440
0.057450533
0.027979374
0.055933475
0.057899952
0.057739258
0.057446957
0.057425499
0.057403803
0.057415009
0.057376146
0.027929306
0.056806803
0.058066368
0.057478189
0.057489395
0.057412624
0.057410002
0.057345867
0.057405472
0.027940989
0.058183670
0.058038950
0.057404041
0.057401657
0.057477713
0.057395458
0.057414532
0.057386875
0.027969837
0.054786682
0.057981730
0.057625055
0.057399035
0.057434797
0.057398796
0.057423592
0.057383060
0.027972460
0.057418585
0.057908535
0.057491779
0.057467461
0.057465315
0.057399988
0.057384014
0.057398796
0.027958393
0.055022955
0.057987690
0.057559013
0.057440042
0.057436705
0.057567835
0.057401180
0.057446957
0.027967453
0.054842710
0.057907343
0.057529688
0.057518005
0.057393074
0.057354689
0.057398081
0.057403803
0.027943134
0.058135748
0.058106899
0.057502508
0.057543039
0.057425261
0.057405710
0.057374716
0.057413340
0.027939320
0.055083036
0.058127403
0.057709694
0.057428598
0.057430744
0.057537317
0.057431459
0.057426453
0.028007984
0.056010962
0.057926178
0.057629824
0.057428122
0.057442904
0.057481766
0.057361364
0.057394266
0.027956247
0.055197001
0.058045626
0.057556868
0.057559490
0.057550192
0.057353735
0.057363987
0.057368994
0.027933359
0.057163000
0.057906628
0.057516575
0.057472944
0.057556391
0.057385683
0.057390451
0.057372332
0.027932644
0.058027029
0.057495594
0.057558298
0.057486534
0.057438850
0.057367086
0.057389498
0.057370663
0.027954817
0.058144569
0.057980299
0.057508230
0.057451248
0.057441473
0.057389975
0.057399988
0.057388783
0.027935743
0.057878017
0.057538748
0.057475805
0.057565212
0.057464361
0.057492018
0.057375193
0.057380199
0.027921200
0.057864428
0.057440758
0.057405710
0.057455063
0.057545662
0.057427406
0.057457209
0.057424068
0.027978659
0.057951927
0.057591677
0.057452679
0.057467937
0.057443619
0.057444334
0.057400703
0.057399273
0.027958870
0.057128191
0.058023453
0.057453156
0.057474375
0.057426929
0.057502508
0.057440996
0.057454109
0.027917147
0.058038950
0.057952404
0.057420254
0.057541847
0.057476282
0.057389975
0.057396412
0.057412148
0.027953863
0.057416916
0.058045149
0.057745218
0.057402134
0.057380676
0.057417631
0.057361841
0.057423592
0.027948856
0.055666685
0.057897091
0.057658911
0.057520628
0.057470560
0.057370901
0.057391644
0.057371855
0.027923584
0.057356834
0.057997704
0.057446241
0.057418108
0.057414055
0.057375431
0.057383537
0.057418585
0.027959347
0.058163643
0.057899714
0.057360172
0.057419062
0.057471752
0.057422876
0.057401419
0.057397366
0.027927160
0.054786205
0.058078289
0.057836056
0.057554245
0.057500362
0.057545424
0.057450771
0.057383537
0.027941227
0.056299686
0.058054924
0.057646751
0.057536364
0.057395458
0.057434320
0.057393551
0.057410955
0.027989626
0.057247162
0.058093548
0.057524920
0.057446003
0.057415485
0.057401419
0.057414055
0.057416439
0.027935266
0.055910826
0.058062792
0.057786942
0.057536364
0.057529449
0.057501078
0.057389975
0.057430983
0.028133154
0.058155060
0.058018923
0.057435274
0.057523966
0.057419300
0.057395697
0.057418823
0.057411909
0.027953148
0.057582140
0.058093786
0.057562351
0.057511806
0.057398558
0.057355404
0.057391644
0.057342529
0.027965069
0.055505037
0.057905674
0.057600737
0.057540894
0.057488918
0.057408571
0.057378769
0.057384253
0.027916908
0.057502270
0.057955742
0.057530403
0.057630539
0.057518482
0.057378054
0.057427645
0.057551622
0.027952194
0.057126760
0.058034420
0.057594299
0.057411194
0.057435513
0.057395220
0.057385445
0.057341576
0.027922153
0.056499481
0.058047295
0.057528496
0.057525396
0.057389021
0.057554245
0.057363033
0.057344913
0.027917624
0.057925463
0.058060408
0.057544231
0.057459831
0.057484150
0.057373285
0.057404518
0.057417393
0.028060913
0.057142973
0.058139801
0.057641506
0.057440996
0.057629824
0.057442188
0.057465792
0.057492495
0.027969360
0.055181742
0.057972908
0.057744265
0.057564974
0.057581425
0.057592392
0.057454824
0.057440281
0.027951241
0.057793140
0.057974577
0.057425976
0.057436705
0.057553053
0.057417870
0.057384729
0.057381153
0.027936220
0.056953669
0.058066607
0.057493210
0.057514668
0.057463646
0.057394505
0.057466269
0.057398081
0.027945518
0.057015419
0.058023214
0.057532310
0.057505846
0.057518721
0.057368517
0.057393074
0.057384014
0.027934551
0.055485964
0.057917595
0.057720184
0.057439089
0.057443619
0.057390213
0.057368755
0.057413578
0.028053761
0.055399895
0.058068037
0.057573080
0.057444572
0.057434559
0.057386637
0.057398796
0.057381153
0.027924061
0.057207346
0.057978868
0.057591915
0.057446241
0.057505369
0.057382584
0.057404518
0.057395458
0.027926207
0.057672024
0.057951450
0.057440996
0.057533741
0.057418346
0.057422876
0.057435989
0.057424307
0.028072834
0.056567907
0.058055162
0.057720900
0.057540417
0.057545185
0.057390928
0.057443619
0.057389021
0.027913809
0.055402756
0.058128595
0.057626724
0.057463884
0.057491779
0.057446718
0.057461977
0.057409525
0.027948856
0.057626724
0.057948828
0.057484865
0.057472467
0.057559013
0.057424068
0.057426453
0.057448626
0.027970076
0.057890177
0.057960510
0.057502270
0.057513952
0.057409763
0.057409286
0.057385683
0.057439089
0.027956009
0.056000710
0.057958126
0.057538033
0.057538509
0.057376385
0.057391405
0.057419062
0.057366371
0.027931690
0.057502747
0.058034897
0.057482004
0.057543039
0.057411909
0.057362556
0.057402372
0.057424545
0.028120041
0.056635141
0.057972431
0.057617664
0.057585001
0.057490349
0.057399511
0.057410240
0.057371855
0.027954817
0.055176258
0.058028936
0.057662487
0.057442427
0.057546616
0.057433367
0.057420015
0.057396412
0.027936459
0.054235935
0.057975769
0.057762384
0.057537317
0.057483673
0.057423115
0.057403803
0.057526827
0.028062820
0.057013750
0.058088303
0.057595015
0.057410240
0.057457924
0.057530642
0.057410002
0.057429314
0.027979851
0.057422876
0.058021069
0.057579041
0.057660580
0.057417870
0.057356358
0.057374477
0.057420969
0.027922153
0.057975769
0.058044910
0.057461977
0.057544708
0.057414055
0.057420731
0.057370663
0.057404518
0.027963161
0.055970192
0.057943821
0.057505131
0.057472229
0.057435513
0.057417393
0.057378769
0.057392597
0.027939558
0.055403948
0.057970762
0.057687759
0.057457924
0.057451725
0.057399273
0.057402611
0.057420969
0.027934790
0.058025360
0.057948351
0.057559490
0.057400942
0.057528019
0.057402134
0.057414532
0.057559013
0.028009415
0.057810068
0.057963610
0.057588816
0.057475328
0.057568073
0.057485580
0.057365179
0.057425261
0.027962685
0.057443142
0.058101416
0.057591677
0.057563543
0.057417154
0.057401419
0.057413816
0.057408333
0.027927876
0.057511568
0.058043480
0.057447195
0.057509184
0.057538509
0.057359934
0.057432652
0.057493687
0.027941465
0.056731939
0.057976246
0.057476997
0.057443857
0.057398796
0.057484627
0.057514668
0.057378531
0.027961969
0.057990074
0.057914257
0.057559252
0.057622433
0.057454586
0.057345629
0.057408810
0.057416916
0.027968407
0.056455135
0.057966709
0.057410717
0.057528496
0.057467699
0.057404757
0.057426929
0.057387352
0.028007030
0.057476759
0.057956219
0.057465315
0.057518959
0.057418108
0.057409525
0.057393312
0.057372332
0.027950525
0.057769060
0.058041573
0.057488203
0.057555676
0.057397604
0.057399511
0.057399035
0.057417631
0.027974844
0.055260181
0.058043003
0.057698011
0.057490110
0.057565212
0.057487011
0.057431221
0.057535648
0.027977705
0.057824373
0.057954073
0.057447195
0.057378531
0.057407141
0.057349205
0.057463169
0.057404518
0.027955532
0.057022333
0.058045149
0.057501078
0.057544470
0.057451963
0.057438135
0.057410479
0.057401896
0.027996302
0.056398392
0.057968616
0.057533026
0.057455540
0.057543993
0.057524204
0.057502508
0.057429075
0.028004408
0.055828333
0.057996035
0.057652950
0.057402134
0.057398796
0.057356596
0.057379723
0.057369947
0.027928352
0.056825161
0.058083773
0.057618380
0.057532787
0.057421684
0.057538033
0.057493448
0.057400465
0.027972221
0.057452202
0.057975054
0.057451963
0.057448149
0.057586908
0.057411194
0.057400703
0.057390451
0.027946711
0.057900429
0.057935953
0.057543278
0.057675123
0.057440996
0.057434559
0.057399273
0.057381630
0.027961731
0.055787802
0.058040380
0.057651281
0.057529926
0.057444096
0.057550430
0.057420254
0.057496309
0.027978897
0.056731939
0.057940245
0.057605743
0.057472706
0.057427645
0.057424545
0.057510376
0.057451963
0.027922630
0.055182457
0.057954788
0.057636023
0.057499409
0.057486296
0.057382107
0.057410002
0.057361126
0.027992725
0.057086229
0.057995558
0.057622433
0.057433605
0.057427645
0.057433844
0.057376623
0.057397366
0.027932644
0.056030273
0.057960749
0.057590723
0.057525396
0.057470560
0.057487726
0.057406187
0.057369232
0.027962685
0.057852983
0.058017254
0.057500601
0.057430983
0.057426929
0.057390928
0.057440042
0.057345152
0.027940273
0.054669857
0.057988882
0.057589054
0.057529926
0.057522297
0.057356358
0.057402134
0.057400465
0.027947664
0.055930853
0.057991266
0.057524443
0.057421684
0.057432890
0.057422876
0.057387114
0.057423115
0.028056145
0.055299044
0.057966948
0.057559490
0.057578564
0.057452440
0.057396650
0.057403088
0.057430744
0.027937412
0.058066607
0.057998896
0.057454824
0.057420969
0.057496309
0.057374477
0.057362080
0.057347536
0.027945042
0.054935932
0.057931662
0.057653427
0.057408094
0.057456017
0.057393074
0.057517052
0.057388544
0.027921438
0.058095217
0.057486296
0.057356596
0.057564974
0.057729483
0.057394505
0.057389259
0.057371855
0.028074503
0.057788134
0.057566643
0.057697296
0.057550669
0.057558298
0.057438612
0.057407618
0.057403326
0.027963638
0.056917429
0.057926416
0.057508230
0.057478189
0.057628393
0.057432413
0.057406187
0.057426691
0.027954817
0.058482409
0.057916164
0.057452679
0.057431221
0.057476997
0.057409525
0.057347775
0.057383537
0.027965784
0.058205605
0.057509899
0.057565451
0.057419777
0.057554483
0.057384014
0.057368517
0.057385921
0.027927876
0.058167219
0.057631731
0.057611465
0.057559967
0.057532072
0.057451963
0.057515383
0.057457209
0.028031349
0.057713270
0.057950974
0.057481766
0.057473421
0.057478189
0.057451487
0.057370186
0.057440996
0.027932405
0.057906389
0.057459116
0.057527542
0.057458639
0.057382107
0.057382107
0.057368040
0.057368040
0.027937651
0.057941675
0.057465076
0.057553291
0.057377100
0.057531595
0.057528019
0.057419777
0.057415962
0.027953386
0.058172703
0.057399988
0.057449102
0.057477713
0.057545662
0.057492495
0.057404995
0.057383299
0.028070927
0.057420731
0.058035851
0.057515383
0.057431459
0.057415962
0.057361126
0.057386637
0.057417154
0.027948618
0.057785273
0.057409763
0.057471275
0.057613850
0.057465076
0.057388544
0.057379007
0.057361364
0.027965069
0.057876587
0.057596922
0.057527065
0.057435751
0.057465553
0.057394266
0.057384014
0.057385683
0.027938604
0.058285952
0.057868481
0.057409763
0.057454824
0.057415009
0.057393551
0.057370663
0.057373285
0.027941227
0.057739973
0.057914734
0.057456017
0.057533503
0.057513714
0.057375669
0.057371616
0.057416677
0.027957916
0.057903528
0.057519674
0.057528257
0.057415724
0.057437658
0.057386160
0.057388306
0.057390213
0.028041124
0.058383226
0.057880402
0.057438135
0.057543993
0.057416439
0.057404995
0.057380915
0.057367802
0.027934074
0.057980537
0.057478666
0.057431936
0.057429314
0.057572365
0.057400942
0.057417393
0.057385683
0.027952909
0.055386066
0.057978153
0.057667255
0.057422400
0.057525158
0.057417870
0.057352543
0.057530403
0.027939320
0.058316708
0.057945967
0.057400942
0.057569265
0.057493210
0.057562113
0.057530642
0.057394505
0.027989388
0.058014393
0.057976484
0.057482958
0.057622671
0.057406664
0.057393074
0.057415485
0.057442188
0.027997494
0.057946920
0.057982683
0.057416201
0.057532310
0.057573795
0.057437181
0.057394505
0.057451248
0.027930498
0.058257341
0.057945490
0.057462215
0.057571173
0.057545662
0.057411909
0.057422400
0.057360649
0.027953148
0.057790995
0.057454109
0.057408810
0.057441711
0.057433605
0.057356358
0.057375431
0.057386398
0.027912140
0.058093548
0.058044672
0.057530880
0.057382822
0.057566643
0.057472229
0.057404757
0.057420492
0.027994633
0.055388451
0.057967186
0.057576418
0.057562590
0.057427883
0.057389498
0.057377338
0.057399273
0.027909756
0.057068586
0.058076859
0.057601213
0.057500124
0.057572842
0.057421207
0.057378769
0.057452202
0.027968168
0.057835340
0.057960749
0.057445049
0.057444096
0.057462215
0.057403088
0.057428837
0.057497978
0.027955770
0.056236744
0.058083296
0.057668686
0.057574272
0.057479143
0.057401657
0.057377338
0.057339191
0.027910709
0.058157682
0.058010101
0.057405949
0.057522058
0.057422400
0.057436228
0.057396173
0.057300568
0.027909040
0.056015730
0.057943583
0.057567358
0.057558060
0.057424545
0.057354450
0.057378292
0.057377577
0.027920961
0.056430101
0.058085918
0.057625294
0.057507992
0.057437181
0.057408094
0.057344913
0.057393074
0.027931690
0.055435658
0.057954073
0.057530642
0.057442904
0.057408571
0.057375669
0.057388067
0.057356358
0.028112650
0.054962158
0.057952642
0.057807446
0.057522058
0.057431936
0.057516336
0.057434797
0.057544470
0.027989626
0.057586432
0.057928562
0.057548046
0.057420731
0.057480574
0.057416439
0.057419062
0.057373762
0.027928352
0.057201385
0.057921886
0.057479382
0.057607651
0.057447910
0.057365894
0.057357788
0.057395458
0.027920008
0.057976007
0.057489157
0.057577610
0.057560682
0.057504654
0.057381630
0.057545662
0.057422400
0.027955294
0.057624817
0.057956219
0.057480812
0.057401180
0.057461023
0.057413578
0.057392836
0.057527304
0.028043032
0.056858540
0.057883263
0.057589531
0.057708263
0.057447672
0.057403326
0.057387829
0.057383299
0.027954817
0.058275938
0.057907343
0.057428122
0.057581186
0.057441950
0.057423830
0.057430267
0.057485580
0.027934790
0.058013678
0.057977676
0.057439804
0.057374954
0.057583094
0.057388783
0.057387352
0.057372570
0.027952194
0.057742119
0.057922125
0.057399511
0.057348013
0.057444334
0.057380676
0.057398558
0.057419062
0.027958155
0.058226824
0.057914257
0.057458878
0.057404280
0.057516813
0.057440996
0.057530642
0.057363510
0.027915239
0.057412624
0.058034658
0.057616711
0.057456017
0.057561398
0.057416916
0.057408571
0.057405949
0.027943134
0.057480812
0.057876110
0.057881832
0.057542562
0.057580233
0.057394505
0.057403564
0.057386398
0.027946234
0.057158947
0.058017254
0.057583332
0.057468653
0.057420015
0.057550669
0.057403803
0.057382107
0.027940750
0.054118633
0.057955742
0.057701349
0.057392120
0.057432890
0.057387114
0.057374239
0.057374954
0.027934551
0.056051493
0.058023214
0.057549715
0.057392836
0.057553530
0.057366848
0.057383299
0.057419777
0.027937174
0.055493832
0.058055878
0.057566404
0.057573080
0.057409286
0.057367325
0.057377577
0.057313919
0.027949095
0.057532072
0.057952881
0.057474375
0.057540655
0.057415962
0.057405233
0.057350159
0.057394266
0.027958870
0.057953358
0.057979822
0.057474613
0.057402849
0.057489395
0.057410717
0.057402134
0.057417393
0.027964115
0.055953264
0.057959318
0.057588577
0.057520628
0.057573795
0.057571650
0.057541370
0.057416201
0.027930975
0.055325270
0.057930946
0.057539701
0.057429314
0.057395220
0.057381392
0.057352304
0.057397842
0.028043509
0.058048964
0.057990313
0.057561398
0.057440281
0.057532787
0.057409286
0.057463169
0.057424068
0.027949095
0.056013346
0.057933092
0.057634830
0.057549238
0.057521343
0.057440519
0.057440996
0.057378531
0.027952194
0.058214664
0.057987928
0.057404518
0.057556391
0.057429790
0.057406902
0.057379007
0.057380438
0.027911901
0.054100275
0.058042288
0.057738543
0.057550430
0.057462215
0.057385921
0.057392597
0.057373762
0.027969837
0.057571411
0.057974577
0.057626009
0.057475805
0.057438612
0.057402372
0.057408094
0.057383060
0.027940035
0.057573318
0.058020592
0.057426453
0.057437181
0.057418823
0.057390213
0.057353020
0.057407141
0.027906179
0.056584835
0.057981730
0.057705164
0.057445049
0.057401657
0.057406425
0.057402134
0.057322502
0.027951956
0.057647943
0.057988167
0.057636976
0.057528734
0.057400227
0.057430983
0.057540417
0.057399750
0.027937174
0.055829048
0.057965040
0.057641983
0.057375669
0.057465076
0.057400942
0.057388306
0.057410002
0.028059483
0.055440187
0.058032751
0.057766676
0.057484150
0.057404757
0.057410479
0.057343960
0.057368517
0.028079271
0.057994604
0.058061600
0.057424784
0.057570696
0.057542324
0.057559729
0.057409286
0.057388067
0.027945757
0.057527304
0.057975531
0.057600260
0.057393789
0.057448149
0.057358503
0.057411671
0.057424784
0.027919769
0.055630684
0.057977200
0.057664871
0.057506561
0.057443857
0.057371378
0.057435751
0.057391405
0.027942896
0.055565119
0.057940006
0.057666063
0.057537556
0.057559967
0.057425261
0.057418585
0.057402372
0.027955532
0.054912567
0.057987928
0.057758331
0.057434797
0.057450056
0.057446957
0.057420254
0.057425022
0.027940512
0.055265188
0.057953835
0.057687521
0.057579994
0.057579279
0.057383776
0.057405233
0.057439327
0.027922869
0.054272175
0.057940722
0.057623625
0.057488441
0.057429075
0.057526112
0.057418823
0.057385445
0.027947426
0.057637930
0.058087111
0.057739258
0.057540894
0.057511330
0.057388067
0.057363272
0.057437658
0.028046370
0.057890415
0.058050394
0.057571650
0.057463884
0.057522535
0.057429314
0.057409048
0.057388544
0.027919292
0.057036877
0.057958364
0.057567120
0.057541132
0.057579517
0.057434320
0.057418585
0.057408571
0.027970552
0.055004597
0.057917595
0.057697296
0.057438850
0.057445288
0.057396173
0.057399035
0.057365417
0.027930260
0.055625439
0.058004856
0.057547092
0.057539940
0.057415485
0.057461739
0.057407618
0.057405233
0.027950287
0.057258368
0.057965994
0.057627201
0.057533741
0.057464838
0.057370901
0.057380199
0.057361364
0.027918816
0.054890871
0.057927847
0.057643652
0.057547331
0.057463884
0.057368755
0.057362318
0.057393789
0.027943134
0.055819035
0.057979822
0.057572603
0.057473183
0.057518721
0.057528734
0.057409525
0.057373762
0.027961016
0.057119846
0.057956696
0.057488918
0.057499170
0.057383299
0.057580948
0.057404757
0.057401896
0.027940273
0.055280447
0.057877541
0.057595730
0.057515383
0.057464838
0.057376623
0.057369709
0.057528496
0.027966022
0.056455612
0.058183670
0.057550669
0.057548046
0.057530642
0.057366848
0.057376623
0.057361603
0.027946949
0.055936813
0.057896376
0.057765961
0.057604790
0.057442427
0.057561636
0.057410717
0.057401657
0.027913332
0.055687904
0.057939529
0.057626009
0.057518482
0.057513475
0.057378054
0.057346582
0.057384729
0.027956247
0.056824446
0.057946205
0.057512045
0.057554007
0.057549715
0.057411909
0.057409048
0.057372332
0.027953148
0.058017254
0.057911873
0.057427168
0.057438374
0.057455778
0.057440519
0.057389259
0.057397366
0.027927637
0.055761814
0.057944775
0.057550430
0.057548523
0.057524920
0.057393074
0.057365894
0.057388067
0.027979851
0.054791927
0.057955503
0.057558060
0.057555676
0.057425499
0.057406425
0.057373524
0.057372093
0.027920723
0.055956125
0.057994127
0.057568789
0.057475805
0.057540178
0.057423115
0.057465076
0.057426214
0.028069735
0.058075190
0.058036804
0.057522297
0.057590008
0.057410479
0.057340384
0.057417870
0.057549000
0.027945757
0.055824757
0.057958603
0.057578087
0.057535887
0.057429075
0.057415009
0.057397604
0.057420015
0.027964592
0.057499886
0.057951212
0.057430506
0.057575226
0.057557106
0.057420492
0.057374239
0.057393551
0.027919769
0.057779312
0.058077335
0.057515383
0.057647705
0.057410955
0.057408810
0.057368279
0.057331085
0.027922630
0.056078672
0.057912350
0.057591200
0.057535648
0.057536602
0.057406187
0.057382345
0.057393551
0.027929783
0.056014776
0.057942152
0.057685375
0.057553053
0.057471514
0.057382345
0.057440042
0.057392597
0.027923107
0.057876110
0.057941914
0.057548285
0.057434320
0.057535648
0.057388306
0.057392836
0.057487488
0.028120518
0.056761980
0.058115482
0.057730198
0.057650089
0.057466745
0.057598829
0.057516813
0.057525396
0.028069735
0.057222843
0.058010578
0.057687521
0.057741404
0.057737827
0.057511568
0.057482004
0.057527065
0.028042555
0.056448936
0.058112621
0.057765484
0.057959318
0.057686567
0.057592154
0.057597637
0.057529211
0.028058529
0.058224440
0.057928324
0.057544231
0.057360649
0.057453871
0.057417154
0.057432175
0.057655334
0.027946949
0.055957079
0.058032513
0.057517052
0.057593346
0.057366371
0.057496309
0.057397127
0.057386875
0.027966261
0.056981802
0.057953596
0.057627201
0.057510614
0.057554960
0.057401419
0.057431221
0.057407856
0.028012037
0.057995319
0.058032751
0.057598352
0.057448626
0.057439566
0.057399988
0.057348490
0.057346821
0.027966022
0.057788849
0.058072567
0.057418823
0.057542562
0.057497978
0.057413578
0.057420015
0.057406425
0.027951956
0.057945728
0.058072805
0.057575464
0.057541847
0.057592392
0.057583809
0.057606697
0.057591200
0.028127670
0.056431770
0.058104515
0.057624817
0.057515860
0.057395697
0.057358503
0.057392597
0.057509184
0.028028965
0.057066441
0.058013916
0.057485819
0.057593584
0.057489395
0.057416439
0.057521105
0.057456255
0.028022051
0.057322264
0.057928562
0.057666540
0.057563066
0.057438135
0.057466030
0.057477474
0.057490110
0.028042316
0.058133602
0.057891846
0.057499647
0.057557821
0.057421923
0.057353973
0.057435036
0.057342768
0.027919531
0.057260275
0.057917595
0.057520866
0.057445049
0.057447195
0.057435274
0.057427883
0.057390213
0.028072357
0.050996065
0.055290222
0.054633141
0.054948807
0.057924986
0.057728291
0.057548523
0.057516098
0.027965546
0.057744265
0.057927132
0.057444096
0.057443619
0.057542324
0.057385683
0.057368040
0.057383776
0.028093338
0.050719023
0.055557966
0.054535866
0.054952621
0.057925940
0.057777643
0.057412863
0.057495594
0.027959108
0.053892136
0.054610491
0.054680824
0.054516315
0.057423830
0.057879686
0.057388783
0.057362080
0.027937651
0.054971933
0.057972431
0.057742357
0.057556152
0.057580709
0.057418585
0.057548523
0.057444811
0.028037548
0.051987886
0.057836294
0.057762384
0.057488203
0.057404518
0.057319164
0.057352543
0.057371140
0.027903318
0.051232815
0.058206558
0.058060408
0.057568312
0.057504654
0.057512283
0.057471991
0.057534933
0.028039932
0.056207657
0.058047771
0.057594061
0.057602406
0.057505608
0.057477474
0.057488918
0.057439804
0.028006315
0.054983377
0.057917356
0.057601929
0.057441711
0.057426691
0.057406425
0.057387114
0.057364941
0.027944803
0.053495646
0.057916164
0.057813644
0.057515860
0.057492733
0.057399750
0.057379007
0.057346106
0.027930498
0.056903839
0.057984352
0.057471991
0.057472229
0.057466269
0.057411909
0.057437420
0.057530880
0.027951241
0.057004213
0.058075190
0.057562828
0.057517290
0.057488441
0.057401657
0.057394981
0.057480335
0.028059006
0.050373554
0.055590868
0.054830313
0.055288553
0.057984114
0.057689667
0.057368755
0.057382822
0.027975082
0.057787418
0.057542086
0.057398319
0.057554722
0.057581902
0.057531834
0.057396650
0.057407141
0.028023005
0.055324554
0.057975531
0.057722330
0.057511806
0.057489872
0.057453394
0.057387114
0.057359219
0.027950048
0.054807901
0.058071136
0.057718277
0.057536125
0.057352304
0.057344675
0.057356358
0.057389975
0.028010130
0.057800293
0.057969809
0.057542801
0.057576418
0.057695866
0.057513475
0.057527304
0.057430506
0.028005123
0.057549000
0.057994366
0.057533741
0.057450294
0.057430744
0.057458401
0.057472706
0.057497501
0.027999401
0.055474520
0.058128119
0.057673454
0.057713985
0.057469130
0.057482004
0.057615995
0.057525158
0.028014421
0.056843996
0.057926416
0.057523251
0.057544708
0.057522774
0.057435513
0.057365656
0.057415247
0.027922869
0.057393074
0.057990551
0.057520390
0.057509422
0.057628155
0.057451487
0.057511568
0.057447672
0.028040409
0.053879976
0.058086872
0.057747126
0.057713985
0.057555437
0.057504416
0.057398319
0.057380915
0.027946234
0.054285526
0.057706118
0.057567120
0.057846785
0.057696819
0.058017254
0.057661295
0.057467937
0.028063059
0.055472374
0.057777166
0.057679892
0.057801485
0.058003187
0.057586670
0.057394266
0.057321072
0.027913570
0.057832956
0.057958126
0.057471752
0.057482243
0.057384968
0.057337284
0.057373524
0.057429790
0.027930021
0.052247047
0.057332277
0.057062387
0.057392597
0.057471752
0.057849407
0.057429790
0.057394505
0.027925968
0.052369356
0.057839870
0.057811022
0.057703733
0.057667732
0.057878017
0.057534218
0.057540894
0.028017998
0.051907778
0.057400703
0.057136536
0.057278633
0.057294130
0.058010578
0.057593107
0.057441950
0.027987719
0.054870129
0.057704687
0.057687283
0.057552338
0.058012962
0.057540417
0.057399750
0.057400703
0.027891397
0.052729845
0.057173967
0.057165623
0.057043791
0.057820082
0.057887077
0.057432652
0.057403564
0.028045416
0.051947117
0.057354689
0.056481361
0.056399822
0.056841612
0.057837486
0.057543516
0.057348728
0.027952433
0.054754019
0.058114529
0.057504416
0.057497740
0.057411909
0.057424068
0.057381868
0.057372808
0.027914286
0.051778555
0.057495117
0.057131052
0.056909561
0.056990623
0.057854652
0.057671547
0.057320118
0.027945280
0.052710772
0.057858944
0.057699919
0.057458162
0.057388783
0.057417154
0.057539701
0.057391167
0.027914286
0.057552814
0.057897568
0.057586193
0.057564974
0.057567835
0.057363987
0.057427883
0.057382822
0.027909040
0.054811001
0.057906389
0.057610512
0.057409525
0.057442904
0.057422638
0.057366848
0.057494640
0.027985096
0.055528164
0.057887793
0.057612419
0.057415009
0.057404280
0.057389975
0.057378769
0.057393551
0.027927637
0.055481911
0.058065176
0.057687044
0.057640314
0.057425737
0.057442427
0.057353735
0.057360172
0.027922153
0.056157112
0.057934046
0.057474136
0.057411194
0.057466745
0.057518721
0.057413816
0.057374239
0.027888536
0.055210114
0.057908535
0.057678223
0.057372570
0.057459593
0.057357073
0.057364464
0.057366133
0.027917862
0.053702831
0.057955980
0.057728291
0.057581663
0.057419777
0.057359457
0.057317972
0.057400465
0.027920723
0.054114819
0.057954550
0.057662487
0.057569027
0.057455301
0.057388544
0.057426929
0.057358742
0.028009176
0.055369377
0.057910204
0.057749271
0.057434797
0.057448149
0.057475567
0.057457209
0.057413101
0.027966261
0.055665493
0.057976007
0.057511568
0.057384491
0.057535648
0.057357788
0.057368517
0.057386875
0.027925491
0.057713985
0.057950258
0.057506561
0.057307482
0.057363987
0.057407856
0.057393312
0.057471514
0.028023481
0.056663752
0.057960272
0.057514191
0.057426691
0.057520628
0.057513475
0.057509661
0.057429790
0.027925730
0.057868242
0.057962894
0.057584763
0.057456970
0.057501793
0.057425499
0.057409286
0.057397604
0.027943373
0.055455446
0.057978868
0.057547569
0.057426929
0.057408571
0.057458401
0.057398081
0.057395220
0.027942419
0.055444956
0.057949066
0.057500362
0.057501316
0.057421446
0.057375193
0.057371855
0.057354689
0.027930021
0.057445049
0.058013678
0.057591438
0.057431936
0.057544947
0.057404757
0.057385206
0.057374477
0.027948141
0.055061579
0.057958364
0.057668686
0.057522774
0.057420254
0.057391167
0.057372570
0.057396173
0.027917624
0.057215452
0.057971478
0.057493925
0.057482243
0.057578564
0.057410717
0.057378531
0.057364702
0.027943611
0.058033943
0.058049440
0.057411432
0.057645798
0.057471991
0.057362795
0.057367086
0.057403803
0.027940273
0.057933569
0.058041811
0.057531357
0.057451248
0.057602167
0.057390690
0.057418585
0.057479382
0.028004885
0.057948589
0.057354212
0.057389498
0.057487726
0.057399750
0.057380676
0.057374954
0.057399750
0.028034449
0.055110455
0.057874680
0.057665586
0.057565212
0.057593584
0.057493925
0.057561159
0.057430744
0.027979612
0.055492640
0.058177233
0.057525873
0.057537556
0.057491302
0.057436228
0.057434797
0.057343245
0.027922869
0.057784319
0.057552338
0.057411909
0.057538033
0.057455540
0.057411194
0.057425499
0.057384253
0.027929068
0.058003902
0.057411194
0.057413816
0.057511568
0.057410955
0.057349205
0.057351828
0.057400703
0.027971983
0.057999134
0.057566404
0.057430983
0.057507515
0.057443380
0.057394981
0.057394266
0.057380676
0.027971983
0.057830334
0.057526827
0.057510853
0.057434559
0.057533741
0.057385921
0.057382822
0.057387590
0.027938843
0.057777643
0.057438850
0.057423592
0.057507515
0.057348967
0.057381630
0.057351589
0.057408333
0.027936220
0.057816982
0.057912350
0.057395458
0.057457209
0.057378531
0.057327986
0.057398796
0.057512999
0.027922630
0.056313276
0.057929754
0.057432890
0.057534456
0.057438374
0.057419777
0.057420254
0.057407379
0.028024435
0.057711840
0.057984829
0.057524443
0.057717800
0.057425737
0.057392836
0.057379484
0.057368279
0.027915716
0.057352066
0.057921410
0.057576895
0.057561874
0.057413816
0.057491064
0.057391405
0.057377100
0.027930975
0.056974888
0.057960033
0.057699442
0.057549715
0.057415009
0.057389975
0.057413340
0.057341099
0.028088093
0.057549477
0.057978153
0.057668447
0.057468414
0.057583332
0.057410717
0.057421684
0.057382345
0.027928114
0.058010340
0.057928085
0.057403564
0.057564259
0.057550907
0.057413578
0.057384253
0.057371855
0.027925253
0.054463625
0.057979107
0.057628632
0.057398796
0.057447433
0.057325602
0.057374477
0.057362080
0.027915239
0.057254076
0.058005095
0.057482958
0.057396173
0.057436466
0.057442427
0.057359695
0.057374001
0.027922153
0.057309866
0.058050871
0.057496071
0.057442427
0.057502270
0.057393312
0.057426929
0.057533979
0.027950764
0.055217028
0.057970762
0.057671309
0.057418346
0.057435274
0.057380199
0.057384729
0.057383299
0.027991295
0.055618286
0.057912827
0.057751417
0.057647467
0.057417870
0.057402134
0.057331324
0.057440758
0.027974367
0.055665016
0.058044195
0.057563305
0.057389975
0.057568789
0.057442427
0.057389975
0.057391167
0.027976274
0.054891348
0.057928562
0.057739019
0.057539701
0.057420492
0.057402611
0.057391167
0.057375908
0.028000832
0.054805756
0.057953835
0.057690620
0.057586670
0.057428598
0.057334185
0.057374716
0.057395697
0.027933836
0.056776285
0.058133364
0.057403803
0.057503223
0.057488918
0.057359934
0.057351112
0.057391882
0.027915001
0.057996988
0.058041573
0.057494402
0.057566643
0.057389259
0.057424307
0.057396889
0.057383060
0.027916670
0.055912971
0.057984829
0.057545900
0.057589293
0.057437658
0.057401657
0.057352543
0.057360888
0.027902126
0.055204630
0.058033705
0.057571411
0.057423115
0.057508230
0.057369709
0.057423830
0.057428837
0.027942419
0.056397200
0.057975769
0.057478905
0.057531118
0.057577848
0.057393789
0.057425261
0.057358503
0.028103113
0.057475090
0.057918310
0.057578087
0.057530403
0.057461977
0.057369709
0.057372332
0.057413340
0.027926445
0.056515217
0.057913542
0.057572603
0.057461500
0.057617903
0.057402611
0.057392597
0.057392359
0.027924061
0.055380106
0.058026791
0.057662725
0.057434559
0.057481050
0.057389975
0.057379961
0.057428837
0.028174877
0.055542707
0.057950020
0.057610989
0.057734966
0.057453156
0.057528019
0.057462215
0.057508469
0.028103352
0.057397127
0.057984829
0.058214426
0.057664156
0.057481289
0.057421923
0.057384968
0.057363987
0.027940989
0.057421207
0.057976961
0.057571888
0.057428598
0.057423115
0.057429075
0.057396650
0.057401657
0.027965546
0.057085037
0.057950020
0.057408571
0.057554007
0.057441473
0.057433605
0.057355881
0.057376862
0.027971745
0.055507183
0.057965279
0.057572603
0.057543039
0.057561159
0.057384729
0.057494640
0.057395697
0.027933598
0.057758331
0.057963133
0.057542801
0.057535887
0.057425022
0.057395935
0.057424307
0.057424307
0.028097153
0.057096481
0.057982922
0.057655811
0.057446241
0.057463884
0.057377100
0.057353258
0.057416201
0.027936459
0.055832386
0.057955980
0.057576895
0.057563543
0.057640553
0.057387829
0.057381630
0.057413816
0.027994871
0.055692196
0.057922840
0.057684183
0.057486296
0.057429790
0.057337761
0.057408094
0.057383060
0.027971745
0.057762146
0.057923555
0.057477713
0.057414293
0.057416916
0.057396173
0.057430506
0.057407618
0.027911901
0.055954218
0.058042288
0.057615280
0.057419538
0.057347059
0.057405949
0.057377815
0.057337284
0.027927399
0.057857275
0.058039665
0.057444572
0.057527542
0.057425022
0.057393074
0.057365656
0.057369947
0.027956009
0.057185173
0.057899714
0.057469845
0.057486057
0.057402372
0.057446718
0.057427168
0.057390451
0.027945042
0.056765079
0.058021545
0.057564259
0.057469845
0.057550430
0.057594776
0.057416201
0.057411194
0.027943134
0.056203127
0.058049202
0.057442427
0.057568312
0.057464361
0.057401657
0.057377815
0.057518721
0.027934074
0.058316231
0.057934284
0.057643175
0.057407856
0.057548761
0.057371140
0.057392597
0.057402134
0.027958393
0.055953503
0.058089972
0.057660580
0.057604074
0.057432652
0.057396889
0.057418346
0.057368755
0.027927637
0.055555105
0.057984829
0.057728052
0.057483196
0.057440042
0.057422161
0.057413578
0.057385921
0.027915716
0.055567265
0.057948828
0.057671547
0.057474136
0.057544470
0.057397842
0.057399035
0.057329178
0.027944565
0.056113958
0.057927608
0.057604074
0.057479858
0.057492971
0.057395220
0.057386637
0.057405949
0.027934790
0.055509329
0.058115959
0.057620049
0.057482004
0.057554007
0.057406664
0.057397842
0.057432413
0.028104067
0.058086395
0.057910919
0.057628632
0.057554007
0.057430029
0.057535887
0.057435751
0.057602167
0.027976274
0.057646036
0.057994127
0.057531357
0.057466269
0.057574749
0.057493210
0.057383537
0.057345390
0.027996063
0.055769444
0.057912588
0.057663202
0.057517290
0.057451248
0.057404280
0.057525396
0.057427406
0.027944088
0.056699991
0.058009863
0.057600021
0.057541847
0.057596207
0.057514191
0.057523966
0.057509184
0.028007030
0.057648659
0.057977915
0.057513475
0.057434082
0.057543516
0.057386398
0.057370901
0.057385206
0.027936697
0.055040598
0.058037758
0.057626724
0.057419777
0.057528973
0.057387829
0.057376623
0.057379723
0.027903318
0.055788994
0.057924509
0.057585239
0.057364941
0.057402134
0.057371140
0.057373762
0.057318926
0.027914047
0.057489395
0.057925463
0.057426214
0.057365417
0.057407379
0.057399511
0.057377577
0.057380199
0.027930737
0.056275129
0.057944298
0.057515860
0.057512045
0.057436943
0.057397604
0.057368994
0.057547092
0.027949810
0.058063269
0.057909727
0.057456732
0.057524204
0.057496548
0.057483196
0.057393312
0.057410002
0.027930975
0.054382563
0.057917118
0.057662249
0.057536125
0.057402134
0.057423115
0.057394266
0.057391405
0.027915239
0.057282209
0.057932138
0.057470322
0.057513237
0.057373762
0.057390451
0.057523966
0.057381868
0.028012753
0.057994843
0.057966709
0.057505131
0.057584047
0.057451725
0.057500601
0.057483912
0.057444096
0.027934074
0.057667971
0.058021545
0.057421684
0.057421446
0.057442665
0.057391405
0.057359695
0.057376385
0.027916670
0.056570768
0.057976484
0.057539463
0.057523727
0.057529449
0.057379007
0.057412386
0.057385921
0.027936220
0.055880308
0.057904482
0.057615042
0.057436943
0.057516813
0.057333946
0.057369709
0.057371616
0.027935982
0.054394484
0.058076382
0.057680368
0.057493925
0.057628393
0.057421684
0.057431698
0.057476282
0.027978897
0.057043552
0.058060646
0.057604313
0.057410240
0.057378054
0.057398558
0.057512760
0.057386637
0.027921200
0.055617332
0.057895184
0.057524681
0.057519913
0.057400703
0.057355881
0.057399035
0.057374239
0.028099298
0.057897568
0.057945013
0.057541609
0.057393551
0.057440281
0.057364702
0.057365894
0.057366371
0.027918339
0.057639360
0.057914257
0.057433605
0.057416201
0.057586432
0.057479858
0.057479143
0.057466269
0.027997971
0.055094004
0.057892561
0.057736397
0.057417870
0.057522297
0.057358027
0.057391167
0.057351351
0.027963400
0.055415154
0.057951927
0.057502031
0.057541370
0.057602882
0.057476282
0.057462692
0.057396889
0.027942181
0.054678440
0.057984352
0.057755232
0.057550669
0.057482481
0.057481289
0.057348251
0.057379246
0.027947426
0.055687666
0.057913303
0.057488203
0.057547331
0.057550907
0.057408571
0.057377577
0.057406187
0.028051853
0.053507805
0.057957649
0.057629347
0.057410955
0.057482243
0.057377100
0.057380915
0.057349205
0.027921915
0.054730654
0.057993412
0.057894230
0.057515621
0.057625294
0.057507992
0.057379961
0.057492495
0.027985811
0.057741404
0.058100224
0.057501316
0.057596445
0.057441235
0.057362318
0.057374001
0.057537794
0.027934313
0.055748940
0.058075190
0.057620525
0.057566166
0.057497025
0.057377338
0.057445288
0.057420969
0.027932405
0.057723761
0.058037758
0.057556152
0.057523251
0.057490110
0.057456970
0.057418823
0.057466030
0.027937174
0.056760550
0.058028460
0.057620525
0.057659388
0.057692051
0.057533503
0.057418585
0.057448626
0.027996540
0.057222605
0.057959795
0.057665825
0.057477713
0.057433844
0.057557821
0.057448864
0.057517767
0.028061628
0.051923752
0.058083057
0.057821035
0.057436228
0.057549238
0.057502747
0.057369709
0.057368517
0.027959108
0.052343607
0.057920456
0.057756662
0.057450056
0.057527304
0.057373047
0.057401657
0.057493925
0.027932644
0.050853014
0.056113243
0.054840803
0.054778814
0.058003664
0.057765245
0.057397127
0.057372808
0.027910233
0.052496672
0.054764748
0.054751396
0.054593325
0.057954788
0.057840347
0.057445765
0.057412386
0.027959824
0.050908804
0.055008173
0.054537296
0.054699898
0.057718277
0.057868242
0.057465792
0.057501554
0.028007984
0.051976442
0.054912806
0.054685831
0.054586887
0.057603598
0.057867527
0.057474852
0.057461500
0.028045654
0.051475763
0.055519819
0.054797649
0.054572582
0.057770491
0.058010340
0.057573795
0.057573557
0.028043032
0.051552057
0.057989597
0.057798862
0.057378292
0.057515621
0.057434797
0.057398558
0.057381630
0.027914047
0.053030968
0.058071852
0.057781458
0.057444096
0.057525396
0.057390690
0.057390213
0.057382584
0.028051615
0.051630020
0.057027102
0.055740118
0.056098700
0.056468487
0.057971954
0.057504177
0.057372332
0.027920008
0.054944515
0.058119535
0.057796955
0.057589054
0.057633400
0.057553053
0.057501078
0.057543278
0.028115034
0.051721573
0.055346727
0.054509163
0.054769516
0.057621717
0.058051825
0.057581663
0.057541609
0.028148413
0.050637722
0.055924654
0.054660559
0.054654121
0.057905912
0.058017731
0.057514906
0.057401896
0.027904272
0.050875425
0.058011532
0.057867289
0.057663918
0.057638407
0.057478428
0.057525873
0.057514906
0.028038502
0.050549269
0.054762602
0.054613113
0.054700851
0.057864428
0.057996035
0.057480574
0.057461262
0.027976513
0.050536156
0.055301905
0.054721355
0.054849148
0.057965040
0.057754040
0.057496548
0.057418108
0.028078556
0.051830530
0.054776430
0.054810047
0.054606676
0.057484150
0.057905674
0.057407618
0.057390690
0.027917862
0.052685499
0.057923079
0.057705164
0.057373762
0.057520866
0.057391644
0.057355165
0.057382822
0.027940035
0.051246643
0.058123827
0.057867289
0.057611942
0.057503223
0.057522774
0.057477951
0.057433128
0.028009892
0.050900459
0.054753065
0.054902554
0.054477930
0.058020353
0.057973146
0.057429314
0.057366848
0.027915239
0.053331375
0.058009148
0.057994604
0.057335138
0.057421923
0.057354927
0.057463884
0.057371140
0.028034925
0.051002979
0.054848194
0.054682732
0.054545641
0.057746172
0.057880878
0.057366848
0.057380676
0.027941227
0.051333427
0.055628538
0.054832458
0.054726362
0.057095289
0.057872295
0.057359934
0.057312727
0.027910233
0.054174185
0.058026314
0.057744026
0.057555676
0.057523966
0.057346582
0.057363987
0.057367563
0.027939558
0.056358099
0.057964563
0.057628870
0.057528019
0.057387829
0.057376623
0.057358980
0.057368279
0.027922153
0.055874586
0.057780266
0.057936907
0.057855606
0.058105230
0.057635069
0.057464361
0.057379007
0.027983665
0.054369450
0.058056831
0.057694674
0.057502985
0.057503223
0.057496071
0.057396650
0.057377577
0.027942419
0.053324223
0.057916641
0.057561398
0.057452917
0.057482719
0.057369232
0.057380676
0.057355881
0.027908325
0.053063393
0.057974100
0.058075666
0.057430744
0.057435989
0.057508707
0.057377338
0.057382822
0.027955294
0.051805019
0.054868221
0.054596901
0.054638624
0.057855368
0.057847261
0.057374001
0.057407856
0.028101683
0.054135323
0.058070421
0.057723761
0.057412148
0.057411194
0.057488918
0.057384253
0.057316065
0.027992725
0.057503462
0.058228970
0.057476759
0.057564259
0.057469130
0.057467699
0.057447195
0.057496786
0.027997494
0.058518887
0.057996750
0.057453871
0.057599545
0.057434559
0.057433128
0.057452440
0.057498455
0.028058529
0.057998419
0.057529211
0.057719946
0.057615280
0.057494640
0.057494640
0.057403326
0.057517052
0.027984142
0.058018923
0.058116913
0.057669401
0.057692528
0.057490110
0.057559967
0.057496071
0.057520151
0.028064489
0.056002617
0.057914257
0.057573557
0.057397842
0.057365417
0.057353973
0.057558060
0.057346106
0.027941465
0.057735443
0.058011532
0.057582140
0.057515621
0.057570934
0.057442427
0.057415247
0.057450294
0.028019905
0.057051420
0.058042049
0.057576656
0.057566166
0.057516336
0.057352781
0.057371855
0.057390213
0.028331518
0.056951284
0.057932377
0.057516098
0.057475328
0.057427406
0.057524920
0.057500601
0.057365417
0.028164387
0.054840326
0.058091164
0.057601929
0.057415724
0.057499409
0.057360172
0.057367325
0.057593822
0.027964830
0.056205750
0.058100700
0.057710409
0.057568312
0.057402134
0.057389259
0.057350874
0.057596207
0.028145313
0.057352304
0.057989597
0.057552814
0.057591200
0.057523966
0.057541370
0.057470560
0.057681561
0.028006554
0.054692984
0.058032751
0.057753801
0.057516575
0.057599306
0.057549238
0.057393789
0.057610512
0.028257132
0.055961132
0.057996035
0.057720900
0.057491541
0.057440519
0.057379723
0.057398796
0.057719946
0.027904034
0.056890965
0.057920694
0.057517767
0.057373524
0.057538033
0.057338238
0.057362318
0.057691097
0.027930737
0.057105303
0.058001995
0.057855129
0.057537079
0.057478189
0.057410240
0.057390213
0.057780743
0.027901649
0.057694197
0.058015108
0.057469130
0.057473183
0.057457685
0.057398081
0.057708025
0.057428360
0.027990341
0.056730747
0.058024883
0.057705402
0.057518244
0.057422638
0.057433605
0.057600260
0.057455301
0.027923584
0.056655884
0.058001280
0.057571650
0.057560205
0.057497501
0.057513475
0.057681084
0.057404995
0.027988911
0.058363914
0.058044672
0.057525396
0.057513237
0.057535410
0.057496548
0.057702780
0.057432413
0.028046131
0.057773352
0.057975531
0.057532072
0.057530880
0.057462931
0.057650566
0.057386875
0.057408810
0.027985811
0.057299614
0.058056116
0.057460546
0.057532787
0.057407379
0.057690382
0.057495117
0.057425022
0.027947426
0.057169676
0.057991505
0.057595015
0.057696819
0.057608128
0.057780266
0.057628632
0.057511330
0.028088570
0.057990551
0.058167219
0.057621479
0.057606220
0.057503223
0.057724953
0.057464361
0.057498217
0.028038025
0.056789398
0.058010101
0.057708025
0.057495594
0.057762384
0.057490349
0.057473898
0.057532787
0.028014660
0.055376291
0.058061600
0.057758808
0.057603359
0.057692051
0.057476521
0.057505846
0.057530880
0.028084993
0.056134701
0.058081150
0.057535410
0.057669878
0.057515621
0.057584047
0.057461977
0.057481050
0.028074265
0.056008101
0.057955980
0.058140516
0.057922363
0.057790518
0.057953119
0.057576418
0.057459593
0.028012276
0.053356886
0.058035851
0.057865143
0.057886362
0.057498932
0.057519913
0.057471037
0.057442904
0.027989864
0.051738977
0.054939508
0.054445028
0.054740429
0.057959557
0.057966471
0.057464838
0.057528973
0.028098106
0.049729109
0.055203676
0.055012703
0.055012703
0.057880640
0.057698011
0.057367802
0.057391167
0.027950525
0.050472260
0.055431128
0.054793119
0.054464102
0.057919979
0.057959318
0.057580233
0.057523489
0.028064013
0.050501108
0.055867672
0.054630995
0.055175781
0.058029652
0.057943821
0.057512045
0.057536840
0.028039932
0.051029205
0.055822134
0.054665089
0.054764271
0.057179928
0.057874203
0.057444811
0.057394505
0.027958393
0.050886631
0.058040857
0.057884216
0.057688951
0.057439804
0.057467937
0.057512283
0.057512283
0.027949095
0.051063299
0.054916620
0.054652691
0.054730892
0.058003902
0.057878017
0.057496071
0.057480574
0.028041601
0.050706625
0.055886745
0.054985523
0.054921389
0.058125734
0.057873011
0.057546854
0.057559490
0.028012991
0.050386906
0.055968285
0.054519892
0.055064440
0.057944536
0.057847261
0.057481050
0.057403564
0.028029919
0.050633669
0.055211306
0.054627657
0.054728508
0.058109283
0.057931185
0.057516336
0.057514429
0.027998686
0.051253080
0.055619717
0.055055380
0.054830790
0.057936192
0.057780266
0.057587147
0.057478905
0.028080225
0.050296068
0.056378365
0.055049896
0.055416346
0.057992697
0.057713270
0.057478905
0.057425737
0.027990341
0.051984549
0.058082104
0.058089256
0.057487249
0.057499647
0.057496548
0.057498217
0.057492256
0.028044939
0.052025557
0.058115482
0.058072567
0.057461977
0.057498217
0.057413340
0.057414055
0.057482004
0.027957201
0.053279638
0.058022261
0.058059454
0.057619333
0.057471275
0.057469130
0.057442188
0.057531834
0.028001547
0.052929163
0.058002472
0.057959795
0.057450533
0.057379007
0.057369471
0.057400227
0.057423592
0.028063297
0.053785324
0.058232784
0.057855368
0.057549000
0.057559252
0.057511806
0.057496071
0.057491779
0.028053284
0.053923368
0.058233976
0.058031082
0.057621717
0.057552814
0.057533264
0.057521343
0.057490826
0.028011799
0.054538727
0.058206797
0.057475328
0.057466269
0.057464838
0.057370663
0.057482481
0.057470798
0.028046370
0.054703236
0.058021307
0.057742596
0.057584763
0.057541609
0.057585001
0.057513475
0.057570934
0.028062820
0.055164576
0.057900429
0.057923555
0.057604074
0.057441473
0.057490587
0.057447910
0.057547569
0.028002262
0.054752111
0.057794809
0.057466984
0.057639837
0.057823658
0.058011532
0.057637930
0.057598352
0.028037548
0.053318501
0.058096886
0.057885408
0.057588339
0.057540417
0.057532072
0.057465315
0.057523012
0.027988434
0.051126480
0.054972887
0.054706335
0.056243420
0.057940006
0.057502270
0.057498455
0.057419538
0.028042078
0.050210714
0.054876328
0.054623842
0.054960489
0.057934523
0.057818174
0.057414293
0.057414293
0.027910233
0.050300360
0.056315899
0.054814577
0.055372238
0.057953358
0.057647705
0.057407618
0.057430267
0.028100491
0.053587198
0.057964325
0.057674885
0.057571650
0.057564735
0.057496309
0.057504177
0.057481527
0.028028727
0.054781914
0.058058739
0.057808399
0.057522058
0.057477236
0.057520390
0.057395458
0.057402134
0.028089046
0.052216291
0.057942867
0.057721615
0.057529926
0.057515860
0.057402611
0.057377577
0.057375669
0.027919531
0.052599907
0.057925463
0.057685614
0.057576180
0.057521582
0.057460546
0.057349443
0.057397604
0.028077364
0.052465200
0.058073521
0.057728529
0.057565928
0.057499409
0.057471991
0.057474852
0.057417870
0.027951002
0.052162170
0.057929993
0.057705402
0.057443380
0.057533741
0.057430267
0.057367802
0.057449579
0.028011799
0.054728746
0.058079481
0.057602167
0.057468653
0.057522058
0.057336807
0.057483673
0.057394028
0.028157711
0.054858685
0.057941914
0.057497501
0.057528496
0.057423830
0.057506561
0.057450294
0.057461739
0.028092146
0.052776814
0.057945013
0.057670832
0.057489634
0.057504416
0.057394028
0.057512283
0.057404041
0.027942657
0.055115223
0.058067799
0.057731867
0.057641983
0.057389498
0.057416201
0.057565212
0.057517529
0.028050423
0.058040619
0.057934761
0.057519674
0.057578564
0.057470798
0.057472944
0.057427883
0.057436466
0.028012276
0.057824612
0.058016777
0.057419777
0.057407618
0.057384729
0.057356596
0.057378292
0.057425499
0.028029919
0.053070545
0.057979584
0.057708502
0.057511091
0.057525158
0.057488441
0.057453632
0.057523727
0.028052330
0.053655148
0.058098078
0.057659149
0.057665586
0.057569265
0.057498455
0.057510138
0.057530403
0.028081179
0.052231789
0.058129072
0.057847500
0.057673454
0.057629824
0.057510138
0.057483673
0.057497025
0.028062105
0.057554483
0.058000326
0.057670355
0.057650566
0.057654619
0.057462454
0.057450056
0.057483196
0.028067827
0.050276279
0.056119680
0.054706335
0.055449486
0.057943583
0.057619095
0.057366610
0.057384253
0.028106451
0.050797701
0.055827141
0.054661036
0.056471348
0.058074951
0.057633877
0.057530165
0.057314157
0.027961493
0.049808264
0.055217505
0.054769278
0.055176497
0.057895184
0.057649612
0.057399988
0.057377100
0.027976990
0.050735712
0.055119276
0.054737568
0.055385828
0.057986736
0.057653189
0.057349443
0.057372332
0.027952194
0.053908825
0.054644108
0.054698229
0.054701805
0.057455063
0.057866096
0.057381868
0.057530403
0.028005600
0.057990313
0.058063269
0.057655573
0.057443380
0.057493687
0.057382584
0.057382584
0.057431698
0.027963161
0.051772833
0.057913542
0.057785273
0.057518005
0.057442665
0.057386637
0.057367086
0.057336807
0.027933121
0.053342819
0.058011770
0.057935715
0.057562590
0.057655811
0.057393074
0.057413578
0.057347298
0.027948141
0.051834345
0.057927370
0.057765961
0.057459116
0.057402134
0.057363987
0.057344913
0.057471037
0.027929068
0.050388575
0.055563211
0.054684639
0.054432869
0.057856560
0.057863235
0.057440519
0.057416439
0.028099298
0.055726290
0.057938814
0.057587385
0.057549000
0.057365417
0.057364464
0.057342768
0.057317257
0.027920008
0.057934284
0.057945967
0.057410479
0.057506561
0.057446718
0.057447195
0.057472467
0.057408333
0.027931690
0.053327084
0.054597378
0.054469347
0.054665327
0.057543278
0.057833433
0.057369232
0.057468414
0.027954578
0.052112103
0.055652142
0.054688692
0.054703474
0.057966232
0.057872772
0.057537556
0.057476759
0.028001070
0.054877281
0.057867289
0.057465315
0.057474136
0.057446241
0.057535410
0.057494164
0.057547331
0.028099537
0.053961515
0.057921648
0.057728529
0.057539940
0.057462692
0.057366371
0.057359934
0.057371855
0.027948856
0.058068752
0.057696342
0.057588339
0.057422638
0.057544708
0.057379007
0.057384491
0.057367325
0.027912617
0.054706097
0.057955265
0.057607174
0.057565212
0.057446003
0.057543755
0.057407618
0.057407379
0.027905226
0.058226347
0.057929039
0.057408094
0.057421446
0.057452202
0.057410717
0.057402134
0.057382584
0.027963877
0.053280830
0.058080196
0.057587147
0.057430267
0.057421446
0.057354212
0.057370901
0.057335854
0.027926445
0.058380365
0.058100462
0.057552338
0.057496548
0.057534456
0.057495356
0.057477713
0.057516575
0.028006554
0.057350397
0.057970524
0.057491064
0.057370424
0.057345867
0.057341814
0.057387114
0.057398796
0.027951717
0.057854414
0.057461023
0.057520390
0.057523489
0.057542086
0.057502508
0.057391167
0.057408094
0.027930975
0.058262110
0.057882786
0.057435036
0.057429075
0.057518959
0.057500839
0.057418823
0.057524920
0.028018236
0.057861328
0.057418346
0.057437420
0.057510614
0.057505608
0.057393551
0.057424545
0.057366133
0.027962208
0.055395842
0.058050871
0.057552814
0.057526588
0.057556868
0.057459116
0.057373285
0.057375908
0.027955770
0.057855606
0.057413578
0.057471514
0.057371378
0.057522774
0.057399988
0.057373524
0.057354689
0.028009415
0.055845022
0.058062553
0.057643414
0.057559490
0.057454348
0.057420969
0.057410002
0.057337523
0.027938366
0.056210518
0.058038950
0.057704687
0.057637215
0.057554245
0.057531834
0.057489157
0.057458639
0.027981997
0.055534601
0.058028221
0.057736397
0.057568789
0.057590246
0.057525396
0.057559252
0.057464123
0.028015852
0.057675362
0.058015108
0.057426691
0.057488203
0.057434082
0.057392359
0.057563305
0.057493687
0.027931690
0.055925369
0.058034420
0.057712555
0.057625532
0.057626247
0.057457209
0.057476521
0.057524443
0.028053045
0.056770086
0.057953596
0.057676077
0.057566166
0.057379961
0.057507038
0.057471752
0.057511568
0.028038979
0.056915283
0.058010817
0.057453394
0.057450294
0.057427645
0.057501316
0.057405949
0.057419300
0.027946472
0.058157921
0.057912827
0.057411194
0.057442427
0.057430029
0.057410717
0.057353258
0.057397127
0.027922153
0.057430267
0.058018446
0.057531357
0.057429552
0.057619810
0.057435036
0.057376623
0.057399511
0.028029442
0.057872295
0.057684183
0.057730436
0.057642937
0.057682753
0.057529926
0.057485819
0.057574511
0.028137684
0.056201220
0.058026314
0.057498693
0.057382345
0.057539701
0.057446718
0.057427406
0.057451487
0.027997971
0.055941820
0.057931900
0.057439327
0.057426691
0.057381392
0.057359457
0.057358503
0.057313442
0.027939796
0.054409981
0.057935476
0.057667971
0.057440996
0.057460070
0.057355404
0.057351589
0.057316303
0.027896166
0.052946091
0.057929277
0.057739735
0.057448626
0.057468891
0.057429314
0.057428360
0.057397366
0.027941704
0.052949667
0.057889462
0.057759762
0.057441473
0.057405472
0.057304859
0.057364464
0.057348967
0.027897835
0.054865599
0.057924747
0.057540894
0.057460546
0.057570696
0.057349205
0.057356834
0.057360649
0.027946234
0.055534840
0.057919025
0.057529926
0.057402134
0.057471275
0.057384014
0.057335377
0.057350397
0.027910948
0.055734396
0.058010340
0.057578325
0.057484150
0.057520151
0.057368994
0.057331800
0.057324409
0.027922153
0.056508780
0.058020115
0.057520628
0.057552576
0.057380438
0.057361364
0.057334185
0.057335377
0.027892351
0.055053473
0.057895660
0.057633400
0.057522774
0.057428598
0.057393074
0.057383299
0.057523251
0.027995110
0.055931091
0.058115005
0.057634115
0.057396173
0.057589531
0.057379723
0.057386398
0.057547569
0.027989149
0.055724144
0.058001757
0.057592154
0.057516813
0.057455540
0.057517052
0.057453632
0.057441711
0.027924538
0.056264639
0.058002710
0.057562828
0.057425022
0.057523727
0.057339907
0.057445288
0.057358503
0.027933359
0.055018902
0.057948351
0.057572603
0.057462215
0.057373762
0.057368755
0.057349682
0.057404995
0.027925491
0.056584597
0.057925463
0.057535648
0.057503939
0.057504654
0.057353497
0.057302475
0.057362556
0.027935266
0.056048632
0.058021069
0.057596684
0.057377815
0.057513714
0.057320118
0.057319164
0.057346344
0.027985334
0.056493998
0.057938337
0.057607889
0.057440519
0.057462931
0.057399988
0.057354450
0.057373285
0.027949572
0.054899693
0.057929993
0.057555199
0.057367086
0.057380915
0.057369709
0.057335377
0.057394981
0.027952194
0.055543900
0.058097839
0.057554960
0.057526112
0.057716370
0.057542801
0.057526112
0.057550430
0.027968407
0.057580948
0.057978630
0.057372570
0.057529449
0.057410002
0.057381392
0.057360888
0.057369471
0.027954578
0.055852175
0.058054209
0.057574272
0.057506084
0.057562113
0.057399035
0.057347775
0.057352066
0.027914047
0.055986404
0.057964563
0.057708502
0.057570934
0.057432175
0.057479620
0.057386875
0.057378769
0.028051138
0.057267666
0.057992935
0.057667494
0.057660341
0.057486534
0.057507277
0.057413816
0.057468891
0.027910471
0.057589531
0.057941675
0.057389975
0.057452917
0.057532072
0.057406664
0.057311773
0.057343721
0.027927399
0.054741383
0.057978153
0.057690382
0.057471514
0.057495356
0.057362795
0.057408571
0.057819605
0.027959585
0.057368517
0.057922602
0.057449341
0.057520151
0.057519197
0.057444572
0.057377815
0.057497025
0.028137684
0.056217909
0.057914734
0.057573557
0.057508945
0.057522535
0.057452917
0.057378292
0.057354450
0.027942896
0.053919792
0.057935476
0.057647228
0.057402611
0.057549000
0.057549000
0.057539701
0.057393789
0.027924776
0.055464029
0.057915926
0.057616234
0.057374477
0.057514906
0.057436705
0.057388783
0.057423830
0.028018475
0.055966139
0.057989836
0.057664156
0.057401657
0.057632446
0.057401896
0.057371378
0.057388067
0.027903795
0.057502508
0.058066607
0.057714701
0.057413101
0.057621241
0.057522058
0.057522058
0.057446957
0.027946472
0.055632591
0.057979822
0.057852745
0.057632923
0.057532549
0.057505369
0.057482243
0.057458639
0.028022051
0.055544853
0.057870388
0.057926893
0.057832956
0.057685137
0.057951450
0.057742596
0.057471275
0.027944565
0.056388378
0.057914257
0.057552099
0.057489395
0.057655573
0.057464123
0.057474136
0.057499647
0.028037786
0.054559708
0.057944059
0.057847261
0.057626247
0.057515383
0.057547569
0.057566404
0.057540894
0.028082609
0.051898479
0.058076143
0.057640791
0.057422638
0.057377338
0.057366848
0.057429790
0.057380915
0.027959585
0.057061911
0.058103085
0.057497501
0.057419777
0.057394981
0.057372570
0.057444811
0.057357550
0.027905941
0.055141449
0.058033228
0.057907581
0.057529211
0.057507277
0.057538271
0.057405472
0.057377338
0.027958155
0.052005529
0.057957411
0.057795048
0.057410717
0.057540894
0.057422638
0.057400465
0.057387352
0.028076887
0.054712296
0.057955503
0.057718992
0.057444811
0.057410717
0.057459593
0.057370186
0.057364941
0.027957201
0.054217577
0.057888508
0.057570934
0.057551861
0.057372570
0.057418346
0.057363272
0.057393789
0.027930737
0.054411888
0.057980299
0.057685375
0.057430267
0.057397127
0.057401657
0.057394981
0.057378054
0.028047085
0.052073002
0.057947397
0.057709932
0.057522774
0.057530642
0.057398796
0.057389498
0.057410479
0.027948856
0.052722692
0.057944059
0.057702303
0.057453394
0.057574272
0.057415009
0.057390690
0.057446003
0.027963638
0.052078962
0.057961226
0.057760239
0.057489395
0.057440281
0.057413578
0.057419777
0.057414055
0.028006792
0.054594040
0.057963371
0.057839870
0.057411671
0.057533741
0.057375431
0.057365417
0.057366371
0.027949333
0.050797701
0.055175304
0.054967403
0.054617167
0.058065653
0.057827711
0.057391644
0.057354212
0.027916670
0.050270081
0.056262493
0.054839849
0.055993319
0.058014631
0.057490587
0.057374477
0.057388783
0.027939558
0.050353289
0.055437565
0.054890633
0.054640055
0.057967424
0.057791471
0.057385445
0.057443380
0.027953625
0.054964304
0.058068037
0.057659149
0.057433128
0.057489872
0.057411909
0.057312012
0.057381868
0.027918100
0.055830479
0.058002234
0.057592869
0.057500362
0.057427406
0.057379961
0.057350397
0.057372332
0.028044462
0.054517746
0.057919741
0.057646751
0.057412386
0.057530642
0.057415247
0.057374239
0.057450771
0.027946234
0.057142735
0.058035851
0.057585478
0.057719946
0.057631016
0.057586908
0.057776451
0.057546377
0.028053761
0.058245659
0.058108330
0.057687044
0.057603836
0.057524920
0.057488203
0.057412386
0.057501554
0.028070927
0.057883263
0.057436466
0.057479858
0.057634354
0.057435274
0.057472467
0.057370186
0.057421684
0.027944565
0.057733059
0.057943583
0.057495832
0.057492733
0.057570934
0.057451248
0.057412148
0.057446957
0.027941227
0.056452751
0.058071136
0.057628632
0.057506800
0.057514668
0.057468653
0.057468891
0.057496309
0.028055191
0.057469606
0.057998180
0.057473898
0.057559729
0.057556629
0.057436943
0.057327986
0.057402849
0.028074265
0.055107832
0.058046579
0.057887554
0.057673931
0.057549477
0.057543755
0.057553768
0.057415962
0.027963161
0.057051897
0.058036566
0.057422400
0.057665348
0.057431936
0.057422876
0.057511091
0.057395935
0.027926445
0.055881739
0.058105230
0.057785988
0.057660580
0.057751417
0.057628393
0.057591915
0.057570457
0.028075457
0.056718588
0.058052540
0.057788610
0.057532549
0.057459593
0.057531357
0.057405233
0.057512999
0.028036118
0.055564642
0.058030605
0.057677507
0.057492733
0.057421923
0.057499886
0.057371378
0.057401896
0.027935266
0.057597399
0.057990789
0.057462692
0.057445765
0.057541847
0.057377100
0.057378054
0.057359695
0.027923584
0.055043459
0.058045149
0.057583809
0.057491302
0.057381630
0.057313204
0.057352543
0.057346821
0.027919292
0.055383682
0.057955265
0.057691336
0.057399511
0.057390690
0.057398796
0.057372808
0.057348728
0.027938128
0.053959608
0.055105448
0.054575682
0.054717302
0.057426691
0.057993412
0.057517529
0.057561398
0.028123617
0.052896738
0.054405451
0.054680586
0.054727554
0.057738304
0.057971478
0.057443142
0.057440519
0.028000832
0.058055878
0.057443142
0.057715416
0.057597637
0.057500839
0.057457447
0.057372093
0.057359934
0.027928114
0.052444458
0.057992220
0.057838678
0.057610512
0.057608843
0.057551622
0.057542324
0.057587862
0.028016567
0.055791616
0.057986498
0.057476759
0.057385206
0.057319641
0.057368755
0.057426214
0.057487249
0.027944326
0.056152344
0.058039188
0.057691336
0.057714224
0.057506561
0.057549715
0.057520866
0.057483196
0.028072119
0.056141615
0.057945728
0.057518721
0.057548285
0.057503462
0.057382345
0.057400703
0.057404757
0.027972221
0.054026127
0.058162689
0.057991505
0.057531118
0.057627439
0.057474613
0.057569027
0.057523489
0.028061152
0.053664207
0.058045149
0.057816744
0.057440042
0.057661533
0.057463169
0.057659149
0.057575464
0.028115749
0.052877426
0.057798624
0.057805777
0.057695866
0.057797194
0.057871580
0.057676077
0.057364941
0.027927160
0.053541899
0.057955980
0.057762623
0.057608604
0.057495594
0.057376385
0.057370663
0.057388067
0.028056383
0.050498009
0.055263042
0.054888010
0.055114269
0.058067322
0.057799816
0.057461977
0.057480335
0.028003454
0.050637007
0.056346893
0.054923773
0.056194544
0.058484077
0.057625532
0.057487726
0.057476282
0.028043985
0.051723480
0.057991028
0.057836533
0.057565451
0.057514429
0.057518959
0.057468176
0.057508707
0.028002024
0.052961111
0.057996035
0.057845831
0.057488918
0.057457209
0.057506323
0.057489395
0.057468891
0.028033972
0.053023338
0.057973385
0.057747126
0.057428360
0.057530880
0.057610989
0.057517052
0.057382584
0.027971745
0.054075956
0.057990313
0.057677507
0.057518721
0.057475805
0.057486296
0.057384968
0.057353258
0.027961254
0.054205179
0.057939053
0.057687044
0.057417393
0.057354689
0.057403564
0.057367086
0.057346106
0.028090715
0.051524162
0.058026075
0.057653427
0.057413101
0.057411909
0.057473660
0.057383299
0.057404280
0.027923107
0.052545547
0.058042526
0.057698965
0.057564497
0.057567120
0.057545900
0.057461739
0.057522535
0.028104067
0.051808119
0.058091879
0.058020592
0.057501793
0.057527781
0.057548285
0.057540178
0.057472467
0.028080463
0.054958105
0.058007002
0.057657719
0.057639837
0.057538033
0.057546616
0.057510376
0.057570696
0.028126001
0.053670406
0.058110714
0.057761431
0.057611227
0.057532787
0.057479858
0.057456732
0.057411432
0.028036356
0.052383661
0.057924032
0.057675600
0.057472706
0.057543039
0.057354450
0.057367802
0.057395220
0.028109312
0.054829836
0.057974100
0.057506561
0.057384968
0.057418346
0.057430983
0.057330132
0.057356119
0.027954578
0.053811550
0.058061838
0.057610989
0.057448864
0.057529926
0.057407618
0.057389021
0.057342291
0.027906895
0.052144766
0.058023691
0.057743549
0.057507515
0.057375669
0.057370186
0.057342291
0.057366610
0.027956247
0.051680088
0.057872295
0.057710409
0.057452679
0.057586670
0.057404757
0.057388544
0.057465315
0.027961493
0.054861546
0.057975531
0.057737350
0.057552576
0.057487965
0.057449341
0.057371855
0.057413578
0.028037071
0.055564404
0.057916641
0.057631969
0.057498932
0.057350874
0.057355642
0.057382584
0.057467461
0.027990103
0.055835247
0.057952642
0.057631969
0.057529926
0.057440042
0.057432652
0.057459593
0.057555676
0.028072596
0.056549549
0.057940245
0.057550669
0.057551861
0.057446241
0.057518244
0.057394505
0.057379961
0.027962685
0.054530859
0.057975054
0.057672739
0.057451487
0.057431221
0.057344913
0.057356596
0.057408571
0.028067112
0.055494308
0.057941914
0.057821989
0.057418108
0.057425022
0.057367325
0.057368994
0.057404757
0.027999878
0.055462122
0.058019400
0.057715654
0.057476759
0.057515383
0.057476044
0.057491064
0.057368279
0.027934313
0.055049896
0.057873964
0.057723284
0.057408333
0.057520866
0.057403803
0.057385445
0.057374239
0.028090954
0.057888508
0.058095455
0.057432890
0.057528496
0.057404041
0.057408333
0.057319164
0.057528019
0.028090477
0.057685852
0.058064222
0.057575464
0.057622910
0.057541370
0.057502031
0.057531357
0.057532787
0.028066158
0.056030273
0.057972908
0.057483912
0.057510138
0.057441235
0.057390690
0.057356119
0.057353735
0.027950525
0.057928562
0.057931185
0.057401419
0.057438850
0.057397604
0.057368755
0.057388306
0.057369709
0.027910948
0.056453466
0.057951212
0.057500124
0.057389975
0.057519674
0.057365417
0.057378054
0.057386398
0.027947187
0.055344105
0.057919264
0.057564259
0.057480335
0.057412624
0.057478905
0.057495356
0.057379484
0.027934074
0.058029175
0.057948351
0.057464361
0.057679892
0.057476997
0.057417631
0.057457209
0.057354927
0.027945995
0.055382013
0.057976007
0.057672739
0.057484865
0.057437658
0.057401419
0.057352543
0.057508469
0.028004169
0.055441380
0.057910919
0.057552099
0.057451010
0.057437420
0.057381868
0.057507038
0.057380438
0.027951002
0.057425022
0.058001280
0.057466030
0.057505846
0.057405949
0.057424068
0.057535887
0.057499170
0.028078318
0.056486130
0.058141470
0.057589293
0.057490826
0.057405472
0.057384729
0.057353258
0.057352543
0.027986288
0.057543516
0.057965994
0.057479143
0.057580233
0.057522535
0.057448626
0.057537794
0.057496548
0.028071165
0.058106184
0.058007002
0.057556391
0.057671309
0.057516575
0.057484388
0.057502985
0.057439089
0.028067827
0.058735609
0.057976484
0.057451248
0.057400703
0.057424545
0.057352781
0.057348013
0.057368040
0.027940750
0.056516886
0.058047771
0.057662010
0.057680845
0.057522774
0.057552099
0.057437420
0.057439089
0.028036356
0.057581902
0.058058739
0.057460070
0.057411909
0.057450533
0.057428598
0.057430744
0.057528973
0.028036594
0.055194139
0.057993889
0.057601929
0.057544231
0.057602167
0.057518721
0.057538033
0.057557344
0.028079271
0.055807590
0.058112144
0.057712078
0.057477236
0.057531595
0.057539940
0.057478189
0.057454824
0.028055906
0.057418585
0.057901382
0.057377338
0.057538033
0.057523727
0.057429075
0.057401180
0.057512045
0.028029680
0.052037001
0.057840586
0.057893276
0.057728529
0.057722569
0.057869196
0.057527781
0.057522058
0.028009415
0.055622339
0.058080912
0.057677031
0.057796001
0.057576418
0.058027744
0.057651758
0.057473898
0.028027058
0.052813292
0.058155060
0.057863474
0.057562828
0.057533264
0.057493687
0.057477951
0.057385921
0.028075218
0.050613165
0.055943012
0.055144310
0.054829121
0.056975365
0.058034658
0.057527781
0.057472944
0.028142452
0.050547600
0.056049585
0.054443598
0.054408550
0.057986259
0.057915926
0.057503700
0.057541132
0.028072119
0.051200628
0.055548906
0.054538488
0.055959940
0.058006525
0.057640314
0.057420015
0.057422400
0.028053761
0.050533295
0.055356264
0.054490805
0.056226015
0.057915211
0.057683945
0.057636976
0.057865381
0.028100491
0.051200867
0.055519581
0.054508924
0.056425810
0.058017015
0.057487249
0.057304144
0.057382107
0.027935743
0.050274372
0.055274725
0.054494381
0.054601908
0.057281017
0.057430744
0.057442188
0.057482243
0.028139830
0.051523924
0.054888248
0.054404497
0.054694176
0.056176424
0.057010651
0.056998730
0.057196617
0.028293610
0.052107334
0.057774782
0.057759762
0.057988882
0.057744980
0.057860851
0.057510138
0.057557106
0.028105974
0.054552555
0.058043003
0.057740211
0.057526588
0.057465076
0.057417631
0.057407618
0.057359457
0.027918577
0.052799940
0.058146954
0.057910919
0.057421684
0.057521343
0.057370901
0.057359695
0.057370901
0.028059721
0.056621075
0.058053255
0.057517290
0.057398796
0.057458162
0.057411671
0.057456493
0.057408333
0.027941227
0.057121277
0.057994127
0.057592154
0.057492018
0.057555676
0.057391167
0.057367563
0.057372808
0.027933121
0.057029247
0.057937384
0.057502031
0.057457209
0.057486773
0.057405472
0.057387352
0.057388783
0.027927876
0.054827213
0.058120728
0.057707071
0.057526112
0.057325602
0.057382107
0.057308674
0.057392597
0.027904987
0.058207273
0.057973623
0.057471991
0.057461739
0.057359457
0.057379484
0.057399750
0.057362318
0.027938128
0.057455540
0.057931662
0.057438850
0.057500839
0.057410479
0.057396412
0.057498932
0.057364702
0.027905226
0.058243036
0.057786703
0.057405710
0.057548285
0.057358742
0.057396173
0.057387114
0.057379723
0.027951241
0.058422804
0.058168888
0.057649612
0.057507515
0.057536602
0.057484150
0.057505846
0.057449579
0.028025389
0.057786465
0.057950497
0.057395458
0.057534695
0.057352781
0.057390928
0.057524920
0.057398558
0.027926683
0.052876234
0.057890892
0.057713747
0.057439566
0.057503700
0.057409525
0.057386398
0.057380676
0.027895451
0.058780432
0.058036566
0.057549715
0.057587862
0.057579756
0.057494640
0.057476997
0.057471991
0.028041363
0.057828903
0.057502508
0.057576180
0.057547808
0.057494402
0.057525396
0.057473183
0.057512760
0.028007030
0.058037281
0.057934046
0.057400227
0.057415009
0.057418585
0.057391882
0.057377338
0.057493448
0.027985096
0.057636023
0.058030844
0.057387114
0.057411194
0.057342052
0.057532072
0.057517767
0.057541132
0.028103590
0.054823875
0.058003902
0.057770014
0.057549953
0.057481050
0.057504416
0.057554960
0.057523489
0.028078556
0.055455685
0.058064222
0.057761669
0.057541609
0.057659864
0.057512283
0.057500124
0.057461977
0.028086185
0.055490017
0.057901144
0.057551861
0.057477236
0.057511568
0.057389498
0.057350874
0.057387352
0.027985096
0.058025837
0.057943583
0.057441473
0.057597399
0.057409048
0.057357311
0.057361841
0.057387352
0.027928114
0.056441307
0.057918310
0.057515144
0.057502747
0.057373285
0.057359934
0.057379007
0.057363033
0.027947426
0.054426193
0.057956696
0.057590723
0.057539225
0.057508707
0.057393312
0.057390690
0.057632446
0.028071880
0.057810783
0.057502985
0.057515144
0.057675362
0.057488441
0.057483196
0.057490349
0.057466745
0.028074980
0.057861090
0.057541609
0.057710648
0.057696819
0.057647943
0.057526588
0.057502270
0.057520390
0.028079510
0.058042765
0.058030605
0.057539701
0.057424307
0.057455540
0.057389975
0.057513475
0.057363987
0.027948618
0.056650162
0.057937860
0.057585955
0.057530880
0.057399988
0.057362556
0.057370424
0.057362318
0.027932644
0.055595636
0.057939053
0.057518959
0.057434559
0.057382345
0.057508707
0.057388067
0.057388306
0.027938843
0.055418253
0.057928801
0.057598829
0.057533503
0.057579279
0.057395458
0.057408810
0.057355165
0.027942657
0.055038691
0.058126450
0.057675123
0.057411909
0.057544708
0.057364225
0.057422876
0.057342291
0.027941942
0.054193497
0.057910681
0.057587385
0.057436228
0.057426453
0.057349443
0.057367325
0.057410955
0.027980089
0.057484150
0.057968378
0.057430744
0.057394266
0.057508945
0.057348728
0.057389736
0.057562113
0.028023005
0.057250500
0.057918787
0.057488203
0.057525158
0.057417154
0.057409048
0.057410002
0.057355642
0.027911425
0.057286501
0.057967186
0.057462692
0.057615519
0.057621002
0.057473421
0.057390451
0.057399035
0.027987242
0.054882288
0.058073282
0.057857037
0.057567835
0.057529449
0.057504654
0.057472706
0.057421207
0.028129101
0.056157827
0.058043957
0.057579517
0.057374477
0.057367802
0.057356358
0.057377577
0.057364464
0.027938366
0.055192471
0.058022976
0.057656527
0.057526827
0.057489872
0.057403564
0.057379246
0.057322741
0.027918339
0.056887388
0.058027983
0.057489634
0.057482243
0.057425261
0.057470560
0.057417631
0.057354689
0.028039694
0.057743073
0.058128834
0.057651043
0.057642221
0.057561636
0.057490110
0.057535887
0.057428837
0.027967453
0.055084467
0.058072090
0.057725430
0.057616472
0.057507992
0.057505846
0.057477951
0.057482243
0.028019190
0.057137966
0.058022976
0.057550669
0.057507277
0.057637930
0.057501793
0.057404757
0.057371378
0.027927637
0.055849075
0.057936192
0.057505846
0.057416916
0.057390690
0.057337999
0.057361603
0.057357550
0.027917385
0.052471161
0.054532766
0.054668903
0.054728031
0.057702303
0.057879686
0.057461262
0.057356358
0.027919769
0.056025267
0.057851791
0.057565928
0.057537079
0.057501316
0.057411671
0.057482719
0.057485580
0.028076172
0.057787895
0.058033943
0.057530880
0.057374954
0.057442427
0.057519913
0.057472944
0.057493448
0.027999401
0.050497532
0.055934429
0.054415703
0.055922270
0.057949066
0.057621479
0.057396650
0.057460070
0.027951002
0.050058126
0.055169821
0.054772139
0.055039406
0.058014870
0.057639360
0.057374239
0.057360172
0.027914524
0.057797432
0.057468891
0.057463408
0.057467461
0.057477236
0.057414770
0.057429552
0.057438135
0.028011322
0.054015398
0.058027983
0.057696581
0.057506561
0.057542562
0.057518959
0.057482243
0.057493448
0.027968884
0.054303169
0.057958364
0.057718277
0.057511330
0.057407618
0.057322502
0.057367802
0.057467699
0.027932167
0.051666737
0.057936430
0.057678223
0.057453632
0.057485104
0.057376385
0.057383776
0.057413340
0.028021574
0.051939964
0.058038950
0.057653427
0.057540417
0.057406425
0.057371378
0.057381868
0.057371140
0.027912140
0.057483435
0.057884693
0.057389498
0.057539701
0.057490349
0.057435989
0.057420254
0.057502270
0.027956724
0.051581860
0.058076859
0.057921410
0.057482481
0.057484627
0.057415009
0.057373285
0.057376623
0.027920723
0.054911852
0.058085680
0.057650805
0.057515383
0.057374239
0.057370424
0.057384729
0.057385921
0.027941704
0.054559469
0.057971239
0.057613611
0.057482243
0.057430744
0.057388067
0.057536840
0.057432175
0.027923346
0.053138494
0.058065414
0.057795763
0.057538748
0.057501078
0.057390690
0.057345629
0.057447672
0.027953386
0.054069519
0.057960987
0.057742119
0.057617664
0.057655573
0.057442188
0.057538986
0.057551622
0.028088331
0.056320190
0.058270931
0.057613373
0.057611942
0.057551384
0.057543755
0.057483673
0.057519913
0.028067589
0.055308104
0.057958841
0.057736635
0.057530880
0.057541609
0.057369709
0.057405233
0.057521582
0.027921677
0.056255579
0.057927370
0.057535410
0.057403088
0.057427168
0.057463408
0.057554245
0.057387352
0.028055191
0.055624723
0.057954788
0.057577372
0.057609320
0.057520390
0.057493687
0.057471752
0.057471514
0.027973890
0.057213306
0.058184385
0.057717562
0.057530642
0.057424307
0.057373047
0.057492018
0.057436466
0.028047085
0.056683540
0.057979584
0.057628870
0.057440996
0.057381868
0.057365417
0.057367325
0.057376862
0.028011322
0.057049751
0.057932138
0.057529449
0.057594776
0.057435751
0.057409048
0.057403326
0.057379723
0.027954817
0.055337906
0.058058262
0.057657957
0.057457924
0.057475090
0.057487249
0.057446241
0.057459593
0.027940273
0.056213379
0.057919979
0.057538748
0.057479858
0.057455301
0.057396412
0.057401419
0.057337046
0.028011322
0.055579424
0.057980061
0.057571650
0.057407141
0.057519913
0.057491302
0.057486534
0.057376146
0.028127670
0.053674698
0.058057547
0.057718277
0.057554007
0.057539225
0.057515621
0.057559490
0.057465076
0.028013229
0.056398869
0.058208227
0.057823896
0.057522297
0.057499886
0.057501793
0.057476044
0.057490587
0.028143644
0.058465719
0.058026075
0.057366133
0.057385206
0.057410240
0.057366371
0.057362795
0.057327986
0.027954340
0.057781935
0.057960510
0.057609081
0.057379723
0.057453632
0.057374239
0.057396412
0.057371855
0.027935266
0.053062439
0.054389954
0.054999828
0.054687738
0.057585001
0.057884455
0.057487488
0.057395935
0.028017759
0.049927473
0.055075169
0.055050611
0.054999828
0.057981253
0.057812691
0.057368279
0.057398558
0.027925253
0.055609703
0.057918072
0.057669640
0.057548523
0.057489157
0.057534695
0.057511330
0.057364941
0.027972460
0.052480459
0.057987690
0.057741404
0.057509422
0.057466984
0.057550430
0.057599068
0.057456493
0.028036833
0.057480812
0.058036089
0.057424545
0.057404757
0.057338238
0.057357311
0.057338238
0.057360888
0.027906418
0.057389259
0.058060408
0.057440758
0.057416201
0.057527304
0.057361603
0.057371855
0.057344913
0.027985096
